Pos,Driver,Nationality,Team,PTS,year,Code,Grand Prix,Time,Code_right,Pos_team,PTS_team
1,Nino  Farina ,ITA,Alfa Romeo,30.0,1950,FAR,Great Britain,1:50.600,FAR,,
1,Nino  Farina ,ITA,Alfa Romeo,30.0,1950,FAR,Switzerland,2:41.600,FAR,,
1,Nino  Farina ,ITA,Alfa Romeo,30.0,1950,FAR,Belgium,4:34.100,FAR,,
2,Juan Manuel  Fangio ,ARG,Alfa Romeo,27.0,1950,FAN,Monaco,1:51.000,FAN,,
2,Juan Manuel  Fangio ,ARG,Alfa Romeo,27.0,1950,FAN,France,2:35.600,FAN,,
2,Juan Manuel  Fangio ,ARG,Alfa Romeo,27.0,1950,FAN,Italy,2:00.000,FAN,,
3,Luigi  Fagioli ,ITA,Alfa Romeo,24.0,1950,FAG,,,,,
4,Louis Rosier ,FRA,Talbot-Lago,13.0,1950,ROS,,,,,
5,Alberto  Ascari ,ITA,Ferrari,11.0,1950,ASC,,,,,
6,Johnnie Parsons ,USA,Kurtis Kraft Offenhauser,9.0,1950,PAR,Indianapolis 500,,PAR,,
7,Bill  Holland ,USA,Deidt Offenhauser,6.0,1950,HOL,,,,,
8,Prince  Bira ,THA,Maserati,5.0,1950,BIR,,,,,
9,Reg Parnell ,GBR,Maserati,4.0,1950,PAR,,,,,
9,Louis Chiron ,MON,Maserati,4.0,1950,CHI,,,,,
9,Mauri Rose ,USA,Deidt Offenhauser,4.0,1950,ROS,,,,,
9,Peter Whitehead ,GBR,Ferrari,4.0,1950,WHI,,,,,
13,Yves Giraud  Cabantous ,FRA,Talbot-Lago,3.0,1950,CAB,,,,,
13,Raymond Sommer ,FRA,Talbot-Lago,3.0,1950,SOM,,,,,
13,Cecil Green ,USA,Kurtis Kraft Offenhauser,3.0,1950,GRE,,,,,
13,Robert Manzon ,FRA,Simca-Gordini,3.0,1950,MAN,,,,,
13,Dorino Serafini ,ITA,,3.0,1950,SER,,,,,
13,Philippe Etancelin ,FRA,,3.0,1950,ETA,,,,,
19,Felice Bonetto ,ITA,Maserati Milano,2.0,1950,BON,,,,,
20,Tony Bettenhausen ,USA,Deidt Offenhauser,1.0,1950,BET,,,,,
20,Joie Chitwood ,USA,Kurtis Kraft Offenhauser,1.0,1950,CHI,,,,,
20,Eugene Chaboud ,FRA,,1.0,1950,CHA,,,,,
1,Juan Manuel  Fangio ,ARG,Alfa Romeo,31.0,1951,FAN,Switzerland,2:51.100,FAN,,
1,Juan Manuel  Fangio ,ARG,Alfa Romeo,31.0,1951,FAN,Belgium,4:22.100,FAN,,
1,Juan Manuel  Fangio ,ARG,Alfa Romeo,31.0,1951,FAN,France,2:27.800,FAN,,
1,Juan Manuel  Fangio ,ARG,Alfa Romeo,31.0,1951,FAN,Germany,9:55.800,FAN,,
1,Juan Manuel  Fangio ,ARG,Alfa Romeo,31.0,1951,FAN,Spain,2:16.930,FAN,,
2,Alberto  Ascari ,ITA,Ferrari,25.0,1951,ASC,,,,,
3,Jose Froilan  Gonzalez ,ARG,Ferrari,24.0,1951,GON,,,,,
4,Nino  Farina ,ITA,Alfa Romeo,19.0,1951,FAR,Great Britain,1:44.000,FAR,,
4,Nino  Farina ,ITA,Alfa Romeo,19.0,1951,FAR,Italy,1:56.500,FAR,,
5,Luigi Villoresi ,ITA,Ferrari,15.0,1951,VIL,,,,,
6,Piero Taruffi ,ITA,Ferrari,10.0,1951,TAR,,,,,
7,Lee  Wallard ,USA,Kurtis Kraft Offenhauser,9.0,1951,WAL,Indianapolis 500,1:07.260,WAL,,
8,Felice Bonetto ,ITA,Alfa Romeo,7.0,1951,BON,,,,,
9,Mike  Nazaruk ,USA,Kurtis Kraft Offenhauser,6.0,1951,NAZ,,,,,
10,Reg Parnell ,GBR,BRM,5.0,1951,PAR,,,,,
11,Luigi  Fagioli ,ITA,Alfa Romeo,4.0,1951,FAG,,,,,
12,Consalvo Sanesi ,ITA,Alfa Romeo,3.0,1951,SAN,,,,,
12,Andy  Linden ,USA,Sherman Offenhauser,3.0,1951,LIN,,,,,
12,Louis Rosier ,FRA,,3.0,1951,ROS,,,,,
15,Toulo  de Graffenried ,SUI,Alfa Romeo,2.0,1951,DEG,,,,,
15,Manny  Ayulo ,USA,Kurtis Kraft Offenhauser,2.0,1951,AYU,,,,,
15,Bobby  Ball ,USA,Schroeder Offenhauser,2.0,1951,BAL,,,,,
15,Jack  McGrath ,USA,Kurtis Kraft Offenhauser,2.0,1951,MCG,,,,,
15,Yves Giraud  Cabantous ,FRA,Talbot-Lago,2.0,1951,CAB,,,,,
1,Alberto  Ascari ,ITA,Ferrari,36.0,1952,ASC,Belgium,4:55.000,ASC,,
1,Alberto  Ascari ,ITA,Ferrari,36.0,1952,ASC,France,2:17.300,ASC,,
1,Alberto  Ascari ,ITA,Ferrari,36.0,1952,ASC,Great Britain,1:52.000,ASC,,
1,Alberto  Ascari ,ITA,Ferrari,36.0,1952,ASC,Germany,10:05.100,ASC,,
1,Alberto  Ascari ,ITA,Ferrari,36.0,1952,ASC,Netherlands,1:49.800,ASC,,
1,Alberto  Ascari ,ITA,Ferrari,36.0,1952,ASC,Italy,2:06.100,ASC,,
2,Nino  Farina ,ITA,Ferrari,24.0,1952,FAR,,,,,
3,Piero Taruffi ,ITA,Ferrari,22.0,1952,TAR,Switzerland,2:49.100,TAR,,
4,Rudi Fischer,SUI,Ferrari,10.0,1952,FIS,,,,,
4,Mike  Hawthorn ,GBR,Cooper Bristol,10.0,1952,HAW,,,,,
6,Robert Manzon ,FRA,Gordini,9.0,1952,MAN,,,,,
7,Troy  Ruttman ,USA,Kuzma Offenhauser,8.0,1952,RUT,,,,,
7,Luigi Villoresi ,ITA,Ferrari,8.0,1952,VIL,,,,,
9,Jose Froilan  Gonzalez ,ARG,Maserati,6.5,1952,GON,,,,,
10,Jim  Rathmann ,USA,Kurtis Kraft Offenhauser,6.0,1952,RAT,,,,,
10,Jean  Behra ,FRA,Gordini,6.0,1952,BEH,,,,,
12,Sam  Hanks ,USA,Kurtis Kraft Offenhauser,4.0,1952,HAN,,,,,
13,Ken Wharton ,GBR,,3.0,1952,WHA,,,,,
13,Duane  Carter ,USA,Lesovsky Offenhauser,3.0,1952,CAR,,,,,
13,Dennis  Poore ,GBR,Connaught Lea Francis,3.0,1952,POO,,,,,
16,Alan  Brown ,GBR,Cooper Bristol,2.0,1952,BRO,,,,,
16,Art  Cross ,USA,Kurtis Kraft Offenhauser,2.0,1952,CRO,,,,,
16,Paul  Frere ,BEL,Simca-Gordini,2.0,1952,FRE,,,,,
16,Maurice Trintignant ,FRA,Gordini,2.0,1952,TRI,,,,,
16,Eric  Thompson ,GBR,Connaught Lea Francis,2.0,1952,THO,,,,,
16,Felice Bonetto ,ITA,Maserati,2.0,1952,BON,,,,,
22,Bill Vukovich,USA,Kurtis Kraft Offenhauser,1.0,1952,VUK,Indianapolis 500,1:06.600,VUK,,
1,Alberto  Ascari ,ITA,Ferrari,34.5,1953,ASC,Argentina,1:48.400,ASC,,
1,Alberto  Ascari ,ITA,Ferrari,34.5,1953,ASC,Great Britain,1:50.000,ASC,,
1,Alberto  Ascari ,ITA,Ferrari,34.5,1953,ASC,Germany,9:56.000,ASC,,
1,Alberto  Ascari ,ITA,Ferrari,34.5,1953,ASC,Switzerland,2:41.300,ASC,,
2,Juan Manuel  Fangio ,ARG,Maserati,27.5,1953,FAN,France,2:41.100,FAN,,
2,Juan Manuel  Fangio ,ARG,Maserati,27.5,1953,FAN,Italy,2:04.500,FAN,,
3,Nino  Farina ,ITA,Ferrari,26.0,1953,FAR,,,,,
4,Mike  Hawthorn ,GBR,Ferrari,19.0,1953,HAW,,,,,
5,Luigi Villoresi ,ITA,Ferrari,17.0,1953,VIL,Netherlands,1:52.800,VIL,,
6,Jose Froilan  Gonzalez ,ARG,Maserati,13.5,1953,GON,Belgium,4:34.000,GON,,
7,Bill Vukovich,USA,Kurtis Kraft Offenhauser,9.0,1953,VUK,Indianapolis 500,1:06.240,VUK,,
8,Toulo  de Graffenried ,SUI,Maserati,7.0,1953,DEG,,,,,
9,Felice Bonetto ,ITA,Maserati,6.5,1953,BON,,,,,
10,Art  Cross ,USA,Kurtis Kraft Offenhauser,6.0,1953,CRO,,,,,
11,Onofre  Marimon ,ARG,Maserati,4.0,1953,MAR,,,,,
11,Maurice Trintignant ,FRA,Gordini,4.0,1953,TRI,,,,,
13,Oscar Alfredo  Galvez ,ARG,Maserati,2.0,1953,GAL,,,,,
13,Sam  Hanks ,USA,Kurtis Kraft Offenhauser,2.0,1953,HAN,,,,,
13,Duane  Carter ,USA,Kurtis Kraft Offenhauser,2.0,1953,CAR,,,,,
13,Jack  McGrath ,USA,Kurtis Kraft Offenhauser,2.0,1953,MCG,,,,,
13,Hermann  Lang ,GER,Maserati,2.0,1953,LAN,,,,,
18,Fred  Agabashian ,USA,Kurtis Kraft Offenhauser,1.5,1953,AGA,,,,,
18,Paul  Russo ,USA,Kurtis Kraft Offenhauser,1.5,1953,RUS,,,,,
1,Juan Manuel  Fangio ,ARG,Mercedes-Benz,42.0,1954,FAN,Switzerland,2:39.700,FAN,,
2,Jose Froilan  Gonzalez ,ARG,Ferrari,25.1,1954,GON,Argentina,1:48.200,GON,,
2,Jose Froilan  Gonzalez ,ARG,Ferrari,25.1,1954,GON,Italy,2:00.800,GON,,
3,Mike  Hawthorn ,GBR,Ferrari,24.6,1954,HAW,,,,,
4,Maurice Trintignant ,FRA,Ferrari,17.0,1954,TRI,,,,,
5,Karl  Kling ,GER,Mercedes-Benz,12.0,1954,KLI,Germany,9:55.100,KLI,,
6,Bill Vukovich,USA,Kurtis Kraft Offenhauser,8.0,1954,VUK,,,,,
6,Hans Herrmann ,GER,Mercedes-Benz,8.0,1954,HER,France,2:32.900,HER,,
8,Nino  Farina ,ITA,Ferrari,6.0,1954,FAR,,,,,
8,Jimmy  Bryan ,USA,Kuzma Offenhauser,6.0,1954,BRY,,,,,
8,Luigi  Musso ,ITA,Maserati,6.0,1954,MUS,,,,,
8,Roberto  Mieres ,ARG,Maserati,6.0,1954,MIE,,,,,
12,Jack  McGrath ,USA,Kurtis Kraft Offenhauser,5.0,1954,MCG,Indianapolis 500,1:04.040,MCG,,
13,Stirling  Moss ,GBR,Maserati,4.1,1954,MOS,,,,,
13,Onofre  Marimon ,ARG,Maserati,4.1,1954,MAR,,,,,
15,Robert Manzon ,FRA,Ferrari,4.0,1954,MAN,,,,,
15,Sergio  Mantovani ,ITA,Maserati,4.0,1954,MAN,,,,,
17,Prince  Bira ,THA,Maserati,3.0,1954,BIR,,,,,
18,Elie  Bayol ,FRA,Gordini,2.0,1954,BAY,,,,,
18,Mike  Nazaruk ,USA,Kurtis Kraft Offenhauser,2.0,1954,NAZ,,,,,
18,Andre  Pilette ,BEL,Gordini,2.0,1954,PIL,,,,,
18,Luigi Villoresi ,ITA,Lancia,2.0,1954,VIL,,,,,
18,Umberto Maglioli ,ITA,Ferrari,2.0,1954,MAG,,,,,
23,Troy  Ruttman ,USA,Kurtis Kraft Offenhauser,1.5,1954,RUT,,,,,
23,Duane  Carter ,USA,Kurtis Kraft Offenhauser,1.5,1954,CAR,,,,,
25,Alberto  Ascari ,ITA,Lancia,1.1,1954,ASC,Spain,2:20.400,ASC,,
26,Jean  Behra ,FRA,Gordini,0.1,1954,BEH,,,,,
1,Juan Manuel  Fangio ,ARG,Mercedes-Benz,40.0,1955,FAN,Argentina,1:48.300,FAN,,
1,Juan Manuel  Fangio ,ARG,Mercedes-Benz,40.0,1955,FAN,Monaco,1:42.400,FAN,,
1,Juan Manuel  Fangio ,ARG,Mercedes-Benz,40.0,1955,FAN,Belgium,4:20.600,FAN,,
2,Stirling  Moss ,GBR,Mercedes-Benz,23.0,1955,MOS,Great Britain,2:00.400,MOS,,
2,Stirling  Moss ,GBR,Mercedes-Benz,23.0,1955,MOS,Italy,2:46.900,MOS,,
3,Eugenio  Castellotti ,ITA,Ferrari,12.0,1955,CAS,,,,,
4,Maurice Trintignant ,FRA,Ferrari,11.3,1955,TRI,,,,,
5,Nino  Farina ,ITA,Ferrari,10.3,1955,FAR,,,,,
6,Piero Taruffi ,ITA,Mercedes-Benz,9.0,1955,TAR,,,,,
7,Bob  Sweikert ,USA,Kurtis Kraft Offenhauser,8.0,1955,SWE,,,,,
8,Roberto  Mieres ,ARG,Maserati,7.0,1955,MIE,Netherlands,1:40.900,MIE,,
9,Luigi  Musso ,ITA,Maserati,6.0,1955,MUS,,,,,
9,Jean  Behra ,FRA,Maserati,6.0,1955,BEH,,,,,
11,Karl  Kling ,GER,Mercedes-Benz,5.0,1955,KLI,,,,,
12,Jimmy  Davies ,USA,Kurtis Kraft Offenhauser,4.0,1955,DAV,,,,,
13,Paul  Russo ,USA,Kurtis Kraft Offenhauser,3.0,1955,RUS,,,,,
13,Tony Bettenhausen ,USA,Kurtis Kraft Offenhauser,3.0,1955,BET,,,,,
13,Johnny  Thomson ,USA,Kuzma Offenhauser,3.0,1955,THO,,,,,
13,Paul  Frere ,BEL,Ferrari,3.0,1955,FRE,,,,,
17,Jose Froilan  Gonzalez ,ARG,Ferrari,2.0,1955,GON,,,,,
17,Cesare  Perdisa ,ITA,Maserati,2.0,1955,PER,,,,,
17,Luigi Villoresi ,ITA,Lancia,2.0,1955,VIL,,,,,
17,Carlos  Menditeguy ,ARG,Maserati,2.0,1955,MEN,,,,,
21,Umberto Maglioli ,ITA,Ferrari,1.3,1955,MAG,,,,,
22,Hans Herrmann ,GER,Mercedes-Benz,1.0,1955,HER,,,,,
22,Walt Faulkner ,USA,Kurtis Kraft Offenhauser,1.0,1955,FAU,,,,,
22,Bill  Homeier ,USA,Kurtis Kraft Offenhauser,1.0,1955,HOM,,,,,
22,Bill Vukovich,USA,Kurtis Kraft Offenhauser,1.0,1955,VUK,Indianapolis 500,1:03.670,VUK,,
1,Juan Manuel  Fangio ,ARG,Ferrari,30.0,1956,FAN,Argentina,1:45.300,FAN,,
1,Juan Manuel  Fangio ,ARG,Ferrari,30.0,1956,FAN,Monaco,1:44.400,FAN,,
1,Juan Manuel  Fangio ,ARG,Ferrari,30.0,1956,FAN,France,2:25.800,FAN,,
1,Juan Manuel  Fangio ,ARG,Ferrari,30.0,1956,FAN,Germany,9:41.600,FAN,,
2,Stirling  Moss ,GBR,Maserati,27.0,1956,MOS,Belgium,4:14.700,MOS,,
2,Stirling  Moss ,GBR,Maserati,27.0,1956,MOS,Great Britain,1:43.200,MOS,,
2,Stirling  Moss ,GBR,Maserati,27.0,1956,MOS,Italy,2:45.500,MOS,,
3,Peter  Collins ,GBR,Ferrari,25.0,1956,COL,,,,,
4,Jean  Behra ,FRA,Maserati,22.0,1956,BEH,,,,,
5,Pat  Flaherty ,USA,Watson Offenhauser,8.0,1956,FLA,,,,,
6,Eugenio  Castellotti ,ITA,Ferrari,7.5,1956,CAS,,,,,
7,Sam  Hanks ,USA,Kurtis Kraft Offenhauser,6.0,1956,HAN,,,,,
7,Paul  Frere ,BEL,Ferrari,6.0,1956,FRE,,,,,
7,Paco Godia ,ESP,Maserati,6.0,1956,GOD,,,,,
10,Jack Fairman ,GBR,Connaught Alta,5.0,1956,FAI,,,,,
11,Mike  Hawthorn ,GBR,BRM,4.0,1956,HAW,,,,,
11,Luigi  Musso ,ITA,Ferrari,4.0,1956,MUS,,,,,
11,Don Freeland ,USA,Phillips Offenhauser,4.0,1956,FRE,,,,,
11,Ron  Flockhart ,GBR,Connaught Alta,4.0,1956,FLO,,,,,
15,Johnnie Parsons ,USA,Kuzma Offenhauser,3.0,1956,PAR,,,,,
15,Harry  Schell ,USA,Vanwall,3.0,1956,SCH,,,,,
15,Alfonso  de Portago,ESP,Ferrari,3.0,1956,DEP,,,,,
15,Cesare  Perdisa ,ITA,Maserati,3.0,1956,PER,,,,,
19,Olivier Gendebien ,BEL,Ferrari,2.0,1956,GEN,,,,,
19,Hermano  da Silva Ramos ,BRA,Gordini,2.0,1956,DAS,,,,,
19,Dick  Rathmann ,USA,Kurtis Kraft Offenhauser,2.0,1956,RAT,,,,,
19,Luigi Villoresi ,ITA,Maserati,2.0,1956,VIL,,,,,
19,Horace Gould,GBR,Maserati,2.0,1956,GOU,,,,,
19,Louis Rosier ,FRA,Maserati,2.0,1956,ROS,,,,,
25,Gerino Gerini,ITA,Maserati,1.5,1956,GER,,,,,
25,Chico  Landi ,BRA,Maserati,1.5,1956,LAN,,,,,
27,Paul  Russo ,USA,Kurtis Kraft Novi,1.0,1956,RUS,Indianapolis 500,1:02.320,RUS,,
1,Juan Manuel  Fangio ,ARG,Maserati,40.0,1957,FAN,Monaco,1:45.600,FAN,,
1,Juan Manuel  Fangio ,ARG,Maserati,40.0,1957,FAN,Germany,9:17.400,FAN,,
2,Stirling  Moss ,GBR,Vanwall,25.0,1957,MOS,Great Britain,1:59.200,MOS,,
2,Stirling  Moss ,GBR,Vanwall,25.0,1957,MOS,Pescara,9:44.600,MOS,,
3,Luigi  Musso ,ITA,Ferrari,16.0,1957,MUS,France,2:22.400,MUS,,
4,Mike  Hawthorn ,GBR,Ferrari,13.0,1957,HAW,,,,,
5,Tony  Brooks ,GBR,Vanwall,11.0,1957,BRO,Italy,1:43.700,BRO,,
6,Masten  Gregory ,USA,Maserati,10.0,1957,GRE,,,,,
6,Harry  Schell ,USA,Maserati,10.0,1957,SCH,,,,,
8,Sam  Hanks ,USA,Epperly Offenhauser,8.0,1957,HAN,,,,,
8,Peter  Collins ,GBR,Ferrari,8.0,1957,COL,,,,,
10,Jim  Rathmann ,USA,Epperly Offenhauser,7.0,1957,RAT,Indianapolis 500,1:02.750,RAT,,
11,Jean  Behra ,FRA,Maserati,6.0,1957,BEH,,,,,
12,Stuart Lewis-Evans,GBR,Vanwall,5.0,1957,LEW,,,,,
12,Maurice Trintignant ,FRA,Ferrari,5.0,1957,TRI,,,,,
14,Carlos  Menditeguy ,ARG,Maserati,4.0,1957,MEN,,,,,
14,Jimmy  Bryan ,USA,Kuzma Offenhauser,4.0,1957,BRY,,,,,
14,Wolfgang  von Trips ,GER,Ferrari,4.0,1957,VON,,,,,
17,Paul  Russo ,USA,Kurtis Kraft Novi,3.0,1957,RUS,,,,,
18,Andy  Linden ,USA,Kurtis Kraft Offenhauser,2.0,1957,LIN,,,,,
18,Roy  Salvadori ,GBR,Cooper Climax,2.0,1957,SAL,,,,,
20,Alfonso  de Portago,ESP,Ferrari,1.0,1957,DEP,,,,,
20,Jose Froilan  Gonzalez ,ARG,Ferrari,1.0,1957,GON,,,,,
20,Giorgio Scarlatti,ITA,Maserati,1.0,1957,SCA,,,,,
1,Mike  Hawthorn ,GBR,Ferrari,42.0,1958,HAW,Monaco,1:40.600,HAW,2,40.0
1,Mike  Hawthorn ,GBR,Ferrari,42.0,1958,HAW,Belgium,3:58.300,HAW,2,40.0
1,Mike  Hawthorn ,GBR,Ferrari,42.0,1958,HAW,France,2:24.900,HAW,2,40.0
1,Mike  Hawthorn ,GBR,Ferrari,42.0,1958,HAW,Great Britain,1:40.800,HAW,2,40.0
1,Mike  Hawthorn ,GBR,Ferrari,42.0,1958,HAW,Portugal,2:32.270,HAW,2,40.0
2,Stirling  Moss ,GBR,Vanwall,41.0,1958,MOS,Netherlands,1:37.600,MOS,1,48.0
2,Stirling  Moss ,GBR,Vanwall,41.0,1958,MOS,Germany,9:09.200,MOS,1,48.0
2,Stirling  Moss ,GBR,Vanwall,41.0,1958,MOS,Morocco,2:22.500,MOS,1,48.0
3,Tony  Brooks ,GBR,Vanwall,24.0,1958,BRO,,,,1,48.0
4,Roy  Salvadori ,GBR,Cooper Climax,15.0,1958,SAL,,,,3,31.0
5,Peter  Collins ,GBR,Ferrari,14.0,1958,COL,,,,2,40.0
5,Harry  Schell ,USA,BRM,14.0,1958,SCH,,,,4,18.0
7,Maurice Trintignant ,FRA,Cooper Climax,12.0,1958,TRI,,,,3,31.0
7,Luigi  Musso ,ITA,Ferrari,12.0,1958,MUS,,,,2,40.0
9,Stuart Lewis-Evans,GBR,Vanwall,11.0,1958,LEW,,,,1,48.0
10,Phil  Hill ,USA,Ferrari,9.0,1958,HIL,Italy,1:42.900,HIL,2,40.0
10,Jean  Behra ,FRA,BRM,9.0,1958,BEH,,,,4,18.0
10,Wolfgang  von Trips ,GER,Ferrari,9.0,1958,VON,,,,2,40.0
13,Jimmy  Bryan ,USA,Epperly Offenhauser,8.0,1958,BRY,,,,,
14,Juan Manuel  Fangio ,ARG,Maserati,7.0,1958,FAN,Argentina,1:41.800,FAN,5,6.0
15,George Amick ,USA,Epperly Offenhauser,6.0,1958,AMI,,,,,
16,Tony Bettenhausen ,USA,Epperly Offenhauser,4.0,1958,BET,Indianapolis 500,1:02.370,BET,,
16,Johnny Boyd ,USA,Kurtis Kraft Offenhauser,4.0,1958,BOY,,,,,
18,Jack  Brabham ,AUS,Cooper Climax,3.0,1958,BRA,,,,3,31.0
18,Cliff  Allison ,GBR,Lotus Climax,3.0,1958,ALL,,,,6,3.0
18,Jo  Bonnier ,SWE,BRM,3.0,1958,BON,,,,4,18.0
21,Jim  Rathmann ,USA,Epperly Offenhauser,2.0,1958,RAT,,,,,
1,Jack  Brabham ,AUS,Cooper Climax,31.0,1959,BRA,Monaco,1:40.400,BRA,1,40.0
2,Tony  Brooks ,GBR,Ferrari,27.0,1959,BRO,Germany,2:04.500,BRO,2,32.0
3,Stirling  Moss ,GBR,Cooper Climax,25.5,1959,MOS,Netherlands,1:36.700,MOS,1,40.0
3,Stirling  Moss ,GBR,Cooper Climax,25.5,1959,MOS,Portugal,2:05.070,MOS,1,40.0
4,Phil  Hill ,USA,Ferrari,20.0,1959,HIL,Italy,1:40.400,HIL,2,32.0
5,Maurice Trintignant ,FRA,Cooper Climax,19.0,1959,TRI,United States,3:05.000,TRI,1,40.0
6,Bruce  McLaren ,NZL,Cooper Climax,16.5,1959,MCL,,,,1,40.0
7,Dan  Gurney ,USA,Ferrari,13.0,1959,GUR,,,,2,32.0
8,Jo  Bonnier ,SWE,BRM,10.0,1959,BON,,,,3,18.0
8,Masten  Gregory ,USA,Cooper Climax,10.0,1959,GRE,,,,1,40.0
10,Rodger  Ward ,USA,Kurtis Kraft Offenhauser,8.0,1959,WAR,,,,,
11,Jim  Rathmann ,USA,Watson Offenhauser,6.0,1959,RAT,,,,,
12,Johnny  Thomson ,USA,Lesovsky Offenhauser,5.0,1959,THO,Indianapolis 500,1:01.890,THO,,
12,Innes  Ireland ,GBR,Lotus Climax,5.0,1959,IRE,,,,4,5.0
12,Harry  Schell ,USA,Cooper Climax,5.0,1959,SCH,,,,1,40.0
15,Tony Bettenhausen ,USA,Epperly Offenhauser,3.0,1959,BET,,,,,
15,Olivier Gendebien ,BEL,Ferrari,3.0,1959,GEN,,,,2,32.0
17,Paul  Goldsmith ,USA,Epperly Offenhauser,2.0,1959,GOL,,,,,
17,Jean  Behra ,FRA,Ferrari,2.0,1959,BEH,,,,2,32.0
17,Cliff  Allison ,GBR,Ferrari,2.0,1959,ALL,,,,2,32.0
1,Jack  Brabham ,AUS,Cooper Climax,43.0,1960,BRA,France,2:17.500,BRA,1,48.0
1,Jack  Brabham ,AUS,Cooper Climax,43.0,1960,BRA,United States,1:56.300,BRA,1,48.0
2,Bruce  McLaren ,NZL,Cooper Climax,34.0,1960,MCL,,,,1,48.0
3,Stirling  Moss ,GBR,Lotus Climax,19.0,1960,MOS,Netherlands,1:33.800,MOS,2,34.0
4,Innes  Ireland ,GBR,Lotus Climax,18.0,1960,IRE,,,,2,34.0
5,Phil  Hill ,USA,Cooper Climax,16.0,1960,HIL,,,,1,48.0
6,Olivier Gendebien ,BEL,Cooper Climax,10.0,1960,GEN,,,,1,48.0
6,Wolfgang  von Trips ,GER,Cooper Maserati,10.0,1960,VON,,,,5,3.0
8,Jim  Rathmann ,USA,Watson Offenhauser,8.0,1960,RAT,Indianapolis 500,1:01.590,RAT,,
8,Richie  Ginther ,USA,Ferrari,8.0,1960,GIN,,,,3,26.0
8,Jim  Clark ,GBR,Lotus Climax,8.0,1960,CLA,,,,2,34.0
11,Tony  Brooks ,GBR,Cooper Climax,7.0,1960,BRO,,,,1,48.0
12,Cliff  Allison ,GBR,Ferrari,6.0,1960,ALL,,,,3,26.0
12,Rodger  Ward ,USA,Watson Offenhauser,6.0,1960,WAR,,,,,
12,John  Surtees ,GBR,Lotus Climax,6.0,1960,SUR,Portugal,2:27.530,SUR,2,34.0
15,Paul  Goldsmith ,USA,Epperly Offenhauser,4.0,1960,GOL,,,,,
15,Graham  Hill ,GBR,BRM,4.0,1960,HIL,Great Britain,1:34.400,HIL,4,8.0
15,Willy  Mairesse ,BEL,Ferrari,4.0,1960,MAI,,,,3,26.0
15,Jo  Bonnier ,SWE,BRM,4.0,1960,BON,,,,4,8.0
19,Carlos  Menditeguy ,ARG,Cooper Maserati,3.0,1960,MEN,,,,5,3.0
19,Don Branson ,USA,Phillips Offenhauser,3.0,1960,BRA,,,,,
19,Henry  Taylor ,GBR,Cooper Climax,3.0,1960,TAY,,,,1,48.0
19,Giulio  Cabianca ,ITA,Cooper Castellotti,3.0,1960,CAB,,,,6,3.0
23,Johnny  Thomson ,USA,Lesovsky Offenhauser,2.0,1960,THO,,,,,
24,Eddie  Johnson ,USA,Trevis Offenhauser,1.0,1960,JOH,,,,,
24,Lucien  Bianchi ,BEL,Cooper Climax,1.0,1960,BIA,,,,1,48.0
24,Ron  Flockhart ,GBR,Cooper Climax,1.0,1960,FLO,,,,1,48.0
24,Hans Herrmann ,GER,Porsche,1.0,1960,HER,,,,,
1,Phil  Hill ,USA,Ferrari,34.0,1961,HIL,France,2:27.100,HIL,1,40.0
1,Phil  Hill ,USA,Ferrari,34.0,1961,HIL,Germany,8:57.800,HIL,1,40.0
2,Wolfgang  von Trips ,GER,Ferrari,33.0,1961,VON,,,,1,40.0
3,Stirling  Moss ,GBR,Lotus Climax,21.0,1961,MOS,,,,2,32.0
3,Dan  Gurney ,USA,Porsche,21.0,1961,GUR,,,,3,22.0
5,Richie  Ginther ,USA,Ferrari,16.0,1961,GIN,Monaco,1:36.300,GIN,1,40.0
5,Richie  Ginther ,USA,Ferrari,16.0,1961,GIN,Belgium,3:59.800,GIN,1,40.0
6,Innes  Ireland ,GBR,Lotus Climax,12.0,1961,IRE,,,,2,32.0
7,Jim  Clark ,GBR,Lotus Climax,11.0,1961,CLA,Netherlands,1:35.500,CLA,2,32.0
7,Bruce  McLaren ,NZL,Cooper Climax,11.0,1961,MCL,,,,4,14.0
9,Giancarlo  Baghetti ,ITA,Ferrari,9.0,1961,BAG,Italy,2:48.400,BAG,1,40.0
10,Tony  Brooks ,GBR,BRM Climax,6.0,1961,BRO,Great Britain,1:57.800,BRO,5,7.0
11,Jack  Brabham ,AUS,Cooper Climax,4.0,1961,BRA,United States,1:18.200,BRA,4,14.0
11,John  Surtees ,GBR,Cooper Climax,4.0,1961,SUR,,,,4,14.0
13,Olivier Gendebien ,BEL,Lotus Climax,3.0,1961,GEN,,,,2,32.0
13,Jackie Lewis,GBR,Cooper Climax,3.0,1961,LEW,,,,4,14.0
13,Jo  Bonnier ,SWE,Porsche,3.0,1961,BON,,,,3,22.0
13,Graham  Hill ,GBR,BRM Climax,3.0,1961,HIL,,,,5,7.0
17,Roy  Salvadori ,GBR,Cooper Climax,2.0,1961,SAL,,,,4,14.0
1,Graham  Hill ,GBR,BRM,42.0,1962,HIL,France,2:16.900,HIL,1,42.0
1,Graham  Hill ,GBR,BRM,42.0,1962,HIL,Germany,10:12.200,HIL,1,42.0
1,Graham  Hill ,GBR,BRM,42.0,1962,HIL,Italy,1:42.300,HIL,1,42.0
2,Jim  Clark ,GBR,Lotus Climax,30.0,1962,CLA,Monaco,1:35.500,CLA,2,36.0
2,Jim  Clark ,GBR,Lotus Climax,30.0,1962,CLA,Belgium,3:55.600,CLA,2,36.0
2,Jim  Clark ,GBR,Lotus Climax,30.0,1962,CLA,Great Britain,1:55.000,CLA,2,36.0
2,Jim  Clark ,GBR,Lotus Climax,30.0,1962,CLA,United States,1:15.000,CLA,2,36.0
2,Jim  Clark ,GBR,Lotus Climax,30.0,1962,CLA,South Africa,1:31.000,CLA,2,36.0
3,Bruce  McLaren ,NZL,Cooper Climax,27.0,1962,MCL,Netherlands,1:34.400,MCL,3,29.0
4,John  Surtees ,GBR,Lola Climax,19.0,1962,SUR,,,,4,19.0
5,Dan  Gurney ,USA,Porsche,15.0,1962,GUR,,,,5,18.0
6,Phil  Hill ,USA,Ferrari,14.0,1962,HIL,,,,6,18.0
7,Tony  Maggs ,RSA,Cooper Climax,13.0,1962,MAG,,,,3,29.0
8,Richie  Ginther ,USA,BRM,10.0,1962,GIN,,,,1,42.0
9,Jack  Brabham ,AUS,Brabham Climax,9.0,1962,BRA,,,,7,6.0
10,Trevor Taylor,GBR,Lotus Climax,6.0,1962,TAY,,,,2,36.0
11,Giancarlo  Baghetti ,ITA,Ferrari,5.0,1962,BAG,,,,6,18.0
12,Lorenzo  Bandini ,ITA,Ferrari,4.0,1962,BAN,,,,6,18.0
12,Ricardo Rodriguez,MEX,Ferrari,4.0,1962,ROD,,,,6,18.0
14,Willy  Mairesse ,BEL,Ferrari,3.0,1962,MAI,,,,6,18.0
14,Jo  Bonnier ,SWE,Porsche,3.0,1962,BON,,,,5,18.0
16,Innes  Ireland ,GBR,Lotus Climax,2.0,1962,IRE,,,,2,36.0
16,Carel Godin  de Beaufort,NED,Porsche,2.0,1962,DEB,,,,5,18.0
18,Masten  Gregory ,USA,Lotus BRM,1.0,1962,GRE,,,,8,1.0
18,Neville  Lederle ,RSA,Lotus Climax,1.0,1962,LED,,,,2,36.0
1,Jim  Clark ,GBR,Lotus Climax,54.0,1963,CLA,Belgium,3:58.100,CLA,1,54.0
1,Jim  Clark ,GBR,Lotus Climax,54.0,1963,CLA,Netherlands,1:33.700,CLA,1,54.0
1,Jim  Clark ,GBR,Lotus Climax,54.0,1963,CLA,France,2:21.600,CLA,1,54.0
1,Jim  Clark ,GBR,Lotus Climax,54.0,1963,CLA,Italy,1:38.900,CLA,1,54.0
1,Jim  Clark ,GBR,Lotus Climax,54.0,1963,CLA,United States,1:14.500,CLA,1,54.0
1,Jim  Clark ,GBR,Lotus Climax,54.0,1963,CLA,Mexico,1:58.100,CLA,1,54.0
2,Graham  Hill ,GBR,BRM,29.0,1963,HIL,,,,2,36.0
2,Richie  Ginther ,USA,BRM,29.0,1963,GIN,,,,2,36.0
4,John  Surtees ,GBR,Ferrari,22.0,1963,SUR,Monaco,1:34.500,SUR,4,26.0
4,John  Surtees ,GBR,Ferrari,22.0,1963,SUR,Great Britain,1:36.000,SUR,4,26.0
4,John  Surtees ,GBR,Ferrari,22.0,1963,SUR,Germany,8:47.000,SUR,4,26.0
5,Dan  Gurney ,USA,Brabham Climax,19.0,1963,GUR,South Africa,1:29.100,GUR,3,28.0
6,Bruce  McLaren ,NZL,Cooper Climax,17.0,1963,MCL,,,,5,25.0
7,Jack  Brabham ,AUS,Brabham Climax,14.0,1963,BRA,,,,3,28.0
8,Tony  Maggs ,RSA,Cooper Climax,9.0,1963,MAG,,,,5,25.0
9,Innes  Ireland ,GBR,BRP BRM,6.0,1963,IRE,,,,6,6.0
9,Lorenzo  Bandini ,ITA,Ferrari,6.0,1963,BAN,,,,4,26.0
9,Jo  Bonnier ,SWE,Cooper Climax,6.0,1963,BON,,,,5,25.0
12,Gerhard  Mitter ,GER,Porsche,3.0,1963,MIT,,,,7,5.0
12,Jim Hall,USA,Lotus BRM,3.0,1963,HAL,,,,8,4.0
14,Carel Godin  de Beaufort,NED,Porsche,2.0,1963,DEB,,,,7,5.0
15,Trevor Taylor,GBR,Lotus Climax,1.0,1963,TAY,,,,1,54.0
15,Ludovico  Scarfiotti ,ITA,Ferrari,1.0,1963,SCA,,,,4,26.0
15,Jo  Siffert ,SUI,Lotus BRM,1.0,1963,SIF,,,,8,4.0
18,Willy  Mairesse ,BEL,Ferrari,0.0,1963,MAI,,,,4,26.0
18,Maurice Trintignant ,FRA,BRM,0.0,1963,TRI,,,,2,36.0
18,Tony Settember,USA,Scirocco BRM,0.0,1963,SET,,,,,
18,Lucien  Bianchi ,BEL,Lola Climax,0.0,1963,BIA,,,,,
18,Phil  Hill ,USA,ATS,0.0,1963,HIL,,,,,
18,Giancarlo  Baghetti ,ITA,ATS,0.0,1963,BAG,,,,,
18,Chris  Amon ,NZL,Lotus BRM,0.0,1963,AMO,,,,8,4.0
18,Masten  Gregory ,USA,,0.0,1963,GRE,,,,,
18,Bob  Anderson ,GBR,Lola Climax,0.0,1963,AND,,,,,
18,Ian  Raby ,GBR,Gilby BRM,0.0,1963,RAB,,,,,
18,John Campbell-Jones,GBR,Lola Climax,0.0,1963,CAM,,,,,
18,Ian  Burgess,GBR,Scirocco BRM,0.0,1963,BUR,,,,,
18,Mike  Hailwood ,GBR,,0.0,1963,HAI,,,,,
18,Mario de Araujo Cabral,POR,Cooper Climax,0.0,1963,DEA,,,,5,25.0
18,Bernard Collomb,FRA,Lotus Climax,0.0,1963,COL,,,,1,54.0
18,Mike  Spence ,GBR,Lotus Climax,0.0,1963,SPE,,,,1,54.0
18,Peter  Broeker,CAN,Stebro Ford,0.0,1963,BRO,,,,,
18,Rodger  Ward ,USA,Lotus BRM,0.0,1963,WAR,,,,8,4.0
18,Pedro  Rodriguez ,MEX,Lotus Climax,0.0,1963,ROD,,,,1,54.0
18,Hap Sharp,USA,Lotus BRM,0.0,1963,SHA,,,,8,4.0
18,Moises  Solana ,MEX,BRM,0.0,1963,SOL,,,,2,36.0
18,Doug  Serrurier ,RSA,LDS Alfa Romeo,0.0,1963,SER,,,,,
18,Trevor  Blokdyk ,RSA,Cooper Maserati,0.0,1963,BLO,,,,,
18,Brausch  Niemann ,RSA,Lotus Ford,0.0,1963,NIE,,,,,
18,John  Love ,RHO,Cooper Climax,0.0,1963,LOV,,,,5,25.0
18,Ernie  Pieterse ,RSA,Lotus Climax,0.0,1963,PIE,,,,1,54.0
18,Peter  de Klerk ,RSA,Alfa Romeo,0.0,1963,DEK,,,,,
18,Sam  Tingle ,RHO,LDS Alfa Romeo,0.0,1963,TIN,,,,,
18,David  Prophet ,GBR,Brabham Ford,0.0,1963,PRO,,,,,
1,John  Surtees ,GBR,Ferrari,40.0,1964,SUR,Germany,8:39.000,SUR,1,45.0
1,John  Surtees ,GBR,Ferrari,40.0,1964,SUR,Italy,1:38.800,SUR,1,45.0
2,Graham  Hill ,GBR,BRM,39.0,1964,HIL,Monaco,1:33.900,HIL,2,42.0
3,Jim  Clark ,GBR,Lotus Climax,32.0,1964,CLA,Netherlands,1:32.800,CLA,3,37.0
3,Jim  Clark ,GBR,Lotus Climax,32.0,1964,CLA,Great Britain,1:38.800,CLA,3,37.0
3,Jim  Clark ,GBR,Lotus Climax,32.0,1964,CLA,United States,1:12.700,CLA,3,37.0
3,Jim  Clark ,GBR,Lotus Climax,32.0,1964,CLA,Mexico,1:58.370,CLA,3,37.0
4,Lorenzo  Bandini ,ITA,Ferrari,23.0,1964,BAN,,,,1,45.0
4,Richie  Ginther ,USA,BRM,23.0,1964,GIN,,,,2,42.0
6,Dan  Gurney ,USA,Brabham Climax,19.0,1964,GUR,,,,4,30.0
7,Bruce  McLaren ,NZL,Cooper Climax,13.0,1964,MCL,,,,5,16.0
8,Peter Arundell,GBR,Lotus Climax,11.0,1964,ARU,,,,3,37.0
8,Jack  Brabham ,AUS,Brabham Climax,11.0,1964,BRA,,,,4,30.0
10,Jo  Siffert ,SUI,Brabham BRM,7.0,1964,SIF,,,,6,7.0
11,Bob  Anderson ,GBR,Brabham Climax,5.0,1964,AND,,,,4,30.0
12,Tony  Maggs ,RSA,BRM,4.0,1964,MAG,,,,2,42.0
12,Mike  Spence ,GBR,Lotus Climax,4.0,1964,SPE,,,,3,37.0
12,Innes  Ireland ,GBR,BRP BRM,4.0,1964,IRE,,,,7,5.0
15,Jo  Bonnier ,SWE,Brabham Climax,3.0,1964,BON,,,,4,30.0
16,Chris  Amon ,NZL,Lotus BRM,2.0,1964,AMO,,,,8,3.0
16,Maurice Trintignant ,FRA,BRM,2.0,1964,TRI,,,,2,42.0
16,Walt Hansgen ,USA,Lotus Climax,2.0,1964,HAN,,,,3,37.0
19,Mike  Hailwood ,GBR,Lotus BRM,1.0,1964,HAI,,,,8,3.0
19,Phil  Hill ,USA,Cooper Climax,1.0,1964,HIL,,,,5,16.0
19,Trevor Taylor,GBR,BRP BRM,1.0,1964,TAY,,,,7,5.0
19,Pedro  Rodriguez ,MEX,Ferrari,1.0,1964,ROD,,,,1,45.0
1,Jim  Clark ,GBR,Lotus Climax,54.0,1965,CLA,South Africa,1:27.600,CLA,1,54.0
1,Jim  Clark ,GBR,Lotus Climax,54.0,1965,CLA,Belgium,4:12.900,CLA,1,54.0
1,Jim  Clark ,GBR,Lotus Climax,54.0,1965,CLA,France,3:18.900,CLA,1,54.0
1,Jim  Clark ,GBR,Lotus Climax,54.0,1965,CLA,Netherlands,1:30.600,CLA,1,54.0
1,Jim  Clark ,GBR,Lotus Climax,54.0,1965,CLA,Germany,8:24.100,CLA,1,54.0
1,Jim  Clark ,GBR,Lotus Climax,54.0,1965,CLA,Italy,1:36.400,CLA,1,54.0
2,Graham  Hill ,GBR,BRM,40.0,1965,HIL,Monaco,1:31.700,HIL,2,45.0
2,Graham  Hill ,GBR,BRM,40.0,1965,HIL,Great Britain,1:32.200,HIL,2,45.0
2,Graham  Hill ,GBR,BRM,40.0,1965,HIL,United States,1:11.900,HIL,2,45.0
3,Jackie  Stewart ,GBR,BRM,33.0,1965,STE,,,,2,45.0
4,Dan  Gurney ,USA,Brabham Climax,25.0,1965,GUR,Mexico,1:55.840,GUR,3,27.0
5,John  Surtees ,GBR,Ferrari,17.0,1965,SUR,,,,4,26.0
6,Lorenzo  Bandini ,ITA,Ferrari,13.0,1965,BAN,,,,4,26.0
7,Richie  Ginther ,USA,Honda,11.0,1965,GIN,,,,6,11.0
8,Mike  Spence ,GBR,Lotus Climax,10.0,1965,SPE,,,,1,54.0
8,Bruce  McLaren ,NZL,Cooper Climax,10.0,1965,MCL,,,,5,14.0
10,Jack  Brabham ,AUS,Brabham Climax,9.0,1965,BRA,,,,3,27.0
11,Denny  Hulme ,NZL,Brabham Climax,5.0,1965,HUL,,,,3,27.0
11,Jo  Siffert ,SUI,Brabham BRM,5.0,1965,SIF,,,,7,5.0
13,Jochen  Rindt ,AUT,Cooper Climax,4.0,1965,RIN,,,,5,14.0
14,Pedro  Rodriguez ,MEX,Ferrari,2.0,1965,ROD,,,,4,26.0
14,Ronnie  Bucknum ,USA,Honda,2.0,1965,BUC,,,,6,11.0
14,Richard  Attwood ,GBR,Lotus BRM,2.0,1965,ATT,,,,8,2.0
1,Jack  Brabham ,AUS,Brabham Repco,42.0,1966,BRA,,,,1,42.0
2,John  Surtees ,GBR,Cooper Maserati,28.0,1966,SUR,Germany,8:49.000,SUR,3,30.0
2,John  Surtees ,GBR,Cooper Maserati,28.0,1966,SUR,United States,1:09.670,SUR,3,30.0
3,Jochen  Rindt ,AUT,Cooper Maserati,22.0,1966,RIN,,,,3,30.0
4,Denny  Hulme ,NZL,Brabham Repco,18.0,1966,HUL,,,,1,42.0
5,Graham  Hill ,GBR,BRM,17.0,1966,HIL,,,,4,22.0
6,Jim  Clark ,GBR,Lotus BRM,16.0,1966,CLA,,,,5,13.0
7,Jackie  Stewart ,GBR,BRM,14.0,1966,STE,,,,4,22.0
8,Mike Parkes,GBR,Ferrari,12.0,1966,PAR,,,,2,31.0
8,Lorenzo  Bandini ,ITA,Ferrari,12.0,1966,BAN,Monaco,1:29.800,BAN,2,31.0
8,Lorenzo  Bandini ,ITA,Ferrari,12.0,1966,BAN,France,2:11.300,BAN,2,31.0
10,Ludovico  Scarfiotti ,ITA,Ferrari,9.0,1966,SCA,Italy,1:32.400,SCA,2,31.0
11,Richie  Ginther ,USA,Honda,5.0,1966,GIN,Mexico,1:53.750,GIN,8,3.0
12,Dan  Gurney ,USA,Eagle Climax,4.0,1966,GUR,,,,7,4.0
12,Mike  Spence ,GBR,Lotus BRM,4.0,1966,SPE,,,,5,13.0
14,Bob  Bondurant ,USA,Eagle Weslake,3.0,1966,BON,,,,,
14,Jo  Siffert ,SUI,Cooper Maserati,3.0,1966,SIF,,,,3,30.0
14,Bruce  McLaren ,NZL,McLaren Ford,3.0,1966,MCL,,,,9,2.0
17,John Taylor,GBR,Brabham BRM,1.0,1966,TAY,,,,10,1.0
17,Bob  Anderson ,GBR,Brabham Climax,1.0,1966,AND,,,,12,1.0
17,Peter Arundell,GBR,Lotus BRM,1.0,1966,ARU,,,,5,13.0
17,Jo  Bonnier ,SWE,Cooper Maserati,1.0,1966,BON,,,,3,30.0
1,Denny  Hulme ,NZL,Brabham Repco,51.0,1967,HUL,South Africa,1:29.900,HUL,1,63.0
1,Denny  Hulme ,NZL,Brabham Repco,51.0,1967,HUL,Great Britain,1:27.000,HUL,1,63.0
2,Jack  Brabham ,AUS,Brabham Repco,46.0,1967,BRA,,,,1,63.0
3,Jim  Clark ,GBR,Lotus Ford,41.0,1967,CLA,,,,2,44.0
4,John  Surtees ,GBR,Honda,20.0,1967,SUR,,,,4,20.0
4,Chris  Amon ,NZL,Ferrari,20.0,1967,AMO,,,,5,20.0
6,Pedro  Rodriguez ,MEX,Cooper Maserati,15.0,1967,ROD,,,,3,28.0
6,Graham  Hill ,GBR,Lotus Ford,15.0,1967,HIL,,,,2,44.0
8,Dan  Gurney ,USA,Eagle Climax,13.0,1967,GUR,Belgium,3:31.900,GUR,,
8,Dan  Gurney ,USA,Eagle Climax,13.0,1967,GUR,Germany,8:15.100,GUR,,
9,Jackie  Stewart ,GBR,BRM,10.0,1967,STE,,,,6,17.0
10,Mike  Spence ,GBR,BRM,9.0,1967,SPE,,,,6,17.0
11,John  Love ,RHO,Cooper Climax,6.0,1967,LOV,,,,8,6.0
11,Jochen  Rindt ,AUT,Cooper Maserati,6.0,1967,RIN,,,,3,28.0
11,Jo  Siffert ,SUI,Cooper Maserati,6.0,1967,SIF,,,,3,28.0
14,Bruce  McLaren ,NZL,McLaren BRM,3.0,1967,MCL,,,,10,3.0
14,Jo  Bonnier ,SWE,Cooper Maserati,3.0,1967,BON,,,,3,28.0
16,Bob  Anderson ,GBR,Brabham Climax,2.0,1967,AND,,,,11,2.0
16,Mike Parkes,GBR,Ferrari,2.0,1967,PAR,,,,5,20.0
16,Chris Irwin ,GBR,BRM,2.0,1967,IRW,,,,6,17.0
19,Ludovico  Scarfiotti ,ITA,Eagle Weslake,1.0,1967,SCA,,,,7,13.0
19,Guy Ligier,FRA,Brabham Repco,1.0,1967,LIG,,,,1,63.0
19,Jacky  Ickx ,BEL,Cooper Maserati,1.0,1967,ICK,,,,3,28.0
1,Graham  Hill ,GBR,Lotus Ford,48.0,1968,HIL,,,,1,62.0
2,Jackie  Stewart ,GBR,Matra Ford,36.0,1968,STE,Germany,9:36.000,STE,3,45.0
2,Jackie  Stewart ,GBR,Matra Ford,36.0,1968,STE,United States,1:05.220,STE,3,45.0
3,Denny  Hulme ,NZL,McLaren Ford,33.0,1968,HUL,,,,2,49.0
4,Jacky  Ickx ,BEL,Ferrari,27.0,1968,ICK,,,,4,32.0
5,Bruce  McLaren ,NZL,McLaren Ford,22.0,1968,MCL,,,,2,49.0
6,Pedro  Rodriguez ,MEX,BRM,18.0,1968,ROD,France,2:11.500,ROD,5,28.0
7,Jo  Siffert ,SUI,Lotus Ford,12.0,1968,SIF,Great Britain,1:29.700,SIF,1,62.0
7,Jo  Siffert ,SUI,Lotus Ford,12.0,1968,SIF,Canada,1:35.100,SIF,1,62.0
7,Jo  Siffert ,SUI,Lotus Ford,12.0,1968,SIF,Mexico,1:44.230,SIF,1,62.0
7,John  Surtees ,GBR,Honda,12.0,1968,SUR,Belgium,3:30.500,SUR,6,14.0
9,Jean-Pierre  Beltoise ,FRA,Matra,11.0,1968,BEL,,,,9,8.0
10,Chris  Amon ,NZL,Ferrari,10.0,1968,AMO,,,,4,32.0
11,Jim  Clark ,GBR,Lotus Ford,9.0,1968,CLA,South Africa,1:23.700,CLA,1,62.0
12,Jochen  Rindt ,AUT,Brabham Repco,8.0,1968,RIN,,,,8,10.0
13,Richard  Attwood ,GBR,BRM,6.0,1968,ATT,Monaco,1:28.100,ATT,5,28.0
13,Johnny Servoz-Gavin,FRA,Matra Ford,6.0,1968,SER,,,,3,45.0
13,Jackie  Oliver ,GBR,Lotus Ford,6.0,1968,OLI,Italy,1:26.500,OLI,1,62.0
13,Ludovico  Scarfiotti ,ITA,Cooper BRM,6.0,1968,SCA,,,,7,14.0
17,Lucien  Bianchi ,BEL,Cooper BRM,5.0,1968,BIA,,,,7,14.0
17,Vic Elford,GBR,Cooper BRM,5.0,1968,ELF,,,,7,14.0
19,Brian Redman ,GBR,Cooper BRM,4.0,1968,RED,,,,7,14.0
19,Piers Courage ,GBR,BRM,4.0,1968,COU,,,,5,28.0
21,Dan  Gurney ,USA,McLaren Ford,3.0,1968,GUR,,,,2,49.0
21,Jo  Bonnier ,SWE,Honda,3.0,1968,BON,,,,6,14.0
23,Silvio Moser,SUI,Brabham Repco,2.0,1968,MOS,,,,8,10.0
23,Jack  Brabham ,AUS,Brabham Repco,2.0,1968,BRA,,,,8,10.0
1,Jackie  Stewart ,GBR,Matra Ford,63.0,1969,STE,South Africa,1:21.600,STE,1,66.0
1,Jackie  Stewart ,GBR,Matra Ford,63.0,1969,STE,Monaco,1:25.100,STE,1,66.0
1,Jackie  Stewart ,GBR,Matra Ford,63.0,1969,STE,Netherlands,1:22.940,STE,1,66.0
1,Jackie  Stewart ,GBR,Matra Ford,63.0,1969,STE,France,3:02.700,STE,1,66.0
1,Jackie  Stewart ,GBR,Matra Ford,63.0,1969,STE,Great Britain,1:21.300,STE,1,66.0
2,Jacky  Ickx ,BEL,Brabham Ford,37.0,1969,ICK,,,,2,49.0
3,Bruce  McLaren ,NZL,McLaren Ford,26.0,1969,MCL,,,,4,38.0
4,Jochen  Rindt ,AUT,Lotus Ford,22.0,1969,RIN,Spain,1:28.300,RIN,3,47.0
4,Jochen  Rindt ,AUT,Lotus Ford,22.0,1969,RIN,United States,1:04.340,RIN,3,47.0
5,Jean-Pierre  Beltoise ,FRA,Matra Ford,21.0,1969,BEL,Italy,1:25.200,BEL,1,66.0
6,Denny  Hulme ,NZL,McLaren Ford,20.0,1969,HUL,,,,4,38.0
7,Graham  Hill ,GBR,Lotus Ford,19.0,1969,HIL,,,,3,47.0
8,Piers Courage ,GBR,Brabham Ford,16.0,1969,COU,,,,2,49.0
9,Jo  Siffert ,SUI,Lotus Ford,15.0,1969,SIF,,,,3,47.0
10,Jack  Brabham ,AUS,Brabham Ford,14.0,1969,BRA,,,,2,49.0
11,John  Surtees ,GBR,BRM,6.0,1969,SUR,,,,6,7.0
12,Chris  Amon ,NZL,Ferrari,4.0,1969,AMO,,,,5,7.0
13,Richard  Attwood ,GBR,,3.0,1969,ATT,,,,,
13,Vic Elford,GBR,McLaren Ford,3.0,1969,ELF,,,,4,38.0
13,Pedro  Rodriguez ,MEX,Ferrari,3.0,1969,ROD,,,,5,7.0
16,Johnny Servoz-Gavin,FRA,Matra Ford,1.0,1969,SER,,,,1,66.0
16,Silvio Moser,SUI,Brabham Ford,1.0,1969,MOS,,,,2,49.0
16,Jackie  Oliver ,GBR,BRM,1.0,1969,OLI,,,,6,7.0
1,Jochen  Rindt ,AUT,Lotus Ford,45.0,1970,RIN,Monaco,1:23.200,RIN,1,59.0
2,Jacky  Ickx ,BEL,Ferrari,40.0,1970,ICK,Netherlands,1:19.230,ICK,2,52.0
2,Jacky  Ickx ,BEL,Ferrari,40.0,1970,ICK,Germany,2:00.500,ICK,2,52.0
2,Jacky  Ickx ,BEL,Ferrari,40.0,1970,ICK,Austria,1:40.400,ICK,2,52.0
2,Jacky  Ickx ,BEL,Ferrari,40.0,1970,ICK,United States,1:02.740,ICK,2,52.0
2,Jacky  Ickx ,BEL,Ferrari,40.0,1970,ICK,Mexico,1:43.110,ICK,2,52.0
3,Clay  Regazzoni ,SUI,Ferrari,33.0,1970,REG,Italy,1:25.200,REG,2,52.0
3,Clay  Regazzoni ,SUI,Ferrari,33.0,1970,REG,Canada,1:32.200,REG,2,52.0
4,Denny  Hulme ,NZL,McLaren Ford,27.0,1970,HUL,,,,5,35.0
5,Jack  Brabham ,AUS,Brabham Ford,25.0,1970,BRA,Spain,1:24.300,BRA,4,35.0
5,Jack  Brabham ,AUS,Brabham Ford,25.0,1970,BRA,France,3:00.750,BRA,4,35.0
5,Jack  Brabham ,AUS,Brabham Ford,25.0,1970,BRA,Great Britain,1:25.900,BRA,4,35.0
5,Jackie  Stewart ,GBR,Tyrrell Ford,25.0,1970,STE,,,,,
7,Pedro  Rodriguez ,MEX,BRM,23.0,1970,ROD,,,,6,23.0
7,Chris  Amon ,NZL,March Ford,23.0,1970,AMO,Belgium,3:27.400,AMO,3,48.0
9,Jean-Pierre  Beltoise ,FRA,Matra,16.0,1970,BEL,,,,7,23.0
10,Emerson  Fittipaldi ,BRA,Lotus Ford,12.0,1970,FIT,,,,1,59.0
11,Rolf  Stommelen ,GER,Brabham Ford,10.0,1970,STO,,,,4,35.0
12,Henri  Pescarolo ,FRA,Matra,8.0,1970,PES,,,,7,23.0
13,Graham  Hill ,GBR,Lotus Ford,7.0,1970,HIL,,,,1,59.0
14,Bruce  McLaren ,NZL,McLaren Ford,6.0,1970,MCL,,,,5,35.0
15,Mario  Andretti ,USA,March Ford,4.0,1970,AND,,,,3,48.0
15,Reine Wisell ,SWE,Lotus Ford,4.0,1970,WIS,,,,1,59.0
17,Ignazio Giunti,ITA,Ferrari,3.0,1970,GIU,,,,2,52.0
17,John  Surtees ,GBR,Surtees Ford,3.0,1970,SUR,,,,8,3.0
19,John Miles ,GBR,Lotus Ford,2.0,1970,MIL,,,,1,59.0
19,Johnny Servoz-Gavin,FRA,March Ford,2.0,1970,SER,,,,3,48.0
19,Jackie  Oliver ,GBR,BRM,2.0,1970,OLI,,,,6,23.0
22,Dan  Gurney ,USA,McLaren Ford,1.0,1970,GUR,,,,5,35.0
22,Francois Cevert,FRA,March Ford,1.0,1970,CEV,,,,3,48.0
22,Peter Gethin,GBR,McLaren Ford,1.0,1970,GET,,,,5,35.0
22,Derek  Bell ,GBR,Surtees Ford,1.0,1970,BEL,,,,8,3.0
1,Jackie  Stewart ,GBR,Tyrrell Ford,62.0,1971,STE,Monaco,1:22.200,STE,1,73.0
1,Jackie  Stewart ,GBR,Tyrrell Ford,62.0,1971,STE,France,1:54.090,STE,1,73.0
1,Jackie  Stewart ,GBR,Tyrrell Ford,62.0,1971,STE,Great Britain,1:19.900,STE,1,73.0
2,Ronnie  Peterson ,SWE,,33.0,1971,PET,,,,,
3,Francois Cevert,FRA,Tyrrell Ford,26.0,1971,CEV,Germany,7:20.100,CEV,1,73.0
4,Jacky  Ickx ,BEL,Ferrari,19.0,1971,ICK,Spain,1:25.100,ICK,3,33.0
4,Jacky  Ickx ,BEL,Ferrari,19.0,1971,ICK,Netherlands,1:34.950,ICK,3,33.0
4,Jacky  Ickx ,BEL,Ferrari,19.0,1971,ICK,United States,1:43.474,ICK,3,33.0
4,Jo  Siffert ,SUI,BRM,19.0,1971,SIF,Austria,1:38.470,SIF,2,36.0
6,Emerson  Fittipaldi ,BRA,Lotus Ford,16.0,1971,FIT,,,,5,21.0
7,Clay  Regazzoni ,SUI,Ferrari,13.0,1971,REG,,,,3,33.0
8,Mario  Andretti ,USA,Ferrari,12.0,1971,AND,South Africa,1:20.300,AND,3,33.0
9,Peter Gethin,GBR,BRM,9.0,1971,GET,,,,2,36.0
9,Pedro  Rodriguez ,MEX,BRM,9.0,1971,ROD,,,,2,36.0
9,Chris  Amon ,NZL,Matra,9.0,1971,AMO,,,,7,9.0
9,Reine Wisell ,SWE,Lotus Ford,9.0,1971,WIS,,,,5,21.0
9,Denny  Hulme ,NZL,McLaren Ford,9.0,1971,HUL,Canada,1:43.500,HUL,6,10.0
14,Tim Schenken ,AUS,Brabham Ford,5.0,1971,SCH,,,,9,5.0
14,Howden Ganley,NZL,BRM,5.0,1971,GAN,,,,2,36.0
16,Mark  Donohue ,USA,,4.0,1971,DON,,,,,
16,Henri  Pescarolo ,FRA,,4.0,1971,PES,,,,,
18,Mike  Hailwood ,GBR,Surtees Ford,3.0,1971,HAI,,,,8,8.0
18,John  Surtees ,GBR,Surtees Ford,3.0,1971,SUR,,,,8,8.0
18,Rolf  Stommelen ,GER,Surtees Ford,3.0,1971,STO,,,,8,8.0
21,Graham  Hill ,GBR,Brabham Ford,2.0,1971,HIL,,,,9,5.0
22,Jean-Pierre  Beltoise ,FRA,Matra,1.0,1971,BEL,,,,7,9.0
1,Emerson  Fittipaldi ,BRA,Lotus Ford,61.0,1972,FIT,,,,1,61.0
2,Jackie  Stewart ,GBR,Tyrrell Ford,45.0,1972,STE,Argentina,1:13.660,STE,2,51.0
2,Jackie  Stewart ,GBR,Tyrrell Ford,45.0,1972,STE,Great Britain,1:24.000,STE,2,51.0
2,Jackie  Stewart ,GBR,Tyrrell Ford,45.0,1972,STE,Canada,1:15.700,STE,2,51.0
2,Jackie  Stewart ,GBR,Tyrrell Ford,45.0,1972,STE,United States,1:41.644,STE,2,51.0
3,Denny  Hulme ,NZL,McLaren Ford,39.0,1972,HUL,Austria,1:38.320,HUL,3,47.0
4,Jacky  Ickx ,BEL,Ferrari,27.0,1972,ICK,Spain,1:21.010,ICK,4,33.0
4,Jacky  Ickx ,BEL,Ferrari,27.0,1972,ICK,Germany,7:13.600,ICK,4,33.0
4,Jacky  Ickx ,BEL,Ferrari,27.0,1972,ICK,Italy,1:36.300,ICK,4,33.0
5,Peter Revson ,USA,McLaren Ford,23.0,1972,REV,,,,3,47.0
6,Francois Cevert,FRA,Tyrrell Ford,15.0,1972,CEV,,,,2,51.0
6,Clay  Regazzoni ,SUI,Ferrari,15.0,1972,REG,,,,4,33.0
8,Mike  Hailwood ,GBR,Surtees Ford,13.0,1972,HAI,South Africa,1:18.900,HAI,5,18.0
9,Ronnie  Peterson ,SWE,March Ford,12.0,1972,PET,,,,6,15.0
9,Chris  Amon ,NZL,Matra,12.0,1972,AMO,Belgium,1:12.120,AMO,8,12.0
9,Chris  Amon ,NZL,Matra,12.0,1972,AMO,France,2:53.900,AMO,8,12.0
11,Jean-Pierre  Beltoise ,FRA,BRM,9.0,1972,BEL,Monaco,1:40.000,BEL,7,14.0
12,Mario  Andretti ,USA,Ferrari,4.0,1972,AND,,,,4,33.0
12,Howden Ganley,NZL,BRM,4.0,1972,GAN,,,,7,14.0
12,Brian Redman ,GBR,BRM,4.0,1972,RED,,,,7,14.0
12,Graham  Hill ,GBR,Brabham Ford,4.0,1972,HIL,,,,9,7.0
16,Andrea  de Adamich,ITA,Surtees Ford,3.0,1972,DEA,,,,5,18.0
16,Carlos  Reutemann ,ARG,Brabham Ford,3.0,1972,REU,,,,9,7.0
16,Carlos  Pace ,BRA,March Ford,3.0,1972,PAC,,,,6,15.0
19,Tim Schenken ,AUS,Surtees Ford,2.0,1972,SCH,,,,5,18.0
20,Arturo  Merzario ,ITA,Ferrari,1.0,1972,MER,,,,4,33.0
20,Peter Gethin,GBR,BRM,1.0,1972,GET,,,,7,14.0
1,Jackie  Stewart ,GBR,Tyrrell Ford,71.0,1973,STE,Italy,1:35.300,STE,2,82.0
2,Emerson  Fittipaldi ,BRA,Lotus Ford,55.0,1973,FIT,Argentina,1:11.220,FIT,1,92.0
2,Emerson  Fittipaldi ,BRA,Lotus Ford,55.0,1973,FIT,Brazil,2:35.000,FIT,1,92.0
2,Emerson  Fittipaldi ,BRA,Lotus Ford,55.0,1973,FIT,South Africa,1:17.100,FIT,1,92.0
2,Emerson  Fittipaldi ,BRA,Lotus Ford,55.0,1973,FIT,Monaco,1:28.100,FIT,1,92.0
2,Emerson  Fittipaldi ,BRA,Lotus Ford,55.0,1973,FIT,Canada,1:15.496,FIT,1,92.0
3,Ronnie  Peterson ,SWE,Lotus Ford,52.0,1973,PET,Spain,1:23.800,PET,1,92.0
3,Ronnie  Peterson ,SWE,Lotus Ford,52.0,1973,PET,Netherlands,1:20.310,PET,1,92.0
4,Francois Cevert,FRA,Tyrrell Ford,47.0,1973,CEV,Belgium,1:25.420,CEV,2,82.0
5,Peter Revson ,USA,McLaren Ford,38.0,1973,REV,,,,3,58.0
6,Denny  Hulme ,NZL,McLaren Ford,26.0,1973,HUL,Sweden,1:26.146,HUL,3,58.0
6,Denny  Hulme ,NZL,McLaren Ford,26.0,1973,HUL,France,1:50.990,HUL,3,58.0
7,Carlos  Reutemann ,ARG,Brabham Ford,16.0,1973,REU,,,,4,22.0
8,James  Hunt ,GBR,March Ford,14.0,1973,HUN,Great Britain,1:18.600,HUN,5,14.0
8,James  Hunt ,GBR,March Ford,14.0,1973,HUN,United States,1:41.652,HUN,5,14.0
9,Jacky  Ickx ,BEL,Iso Marlboro Ford,12.0,1973,ICK,,,,10,2.0
10,Jean-Pierre  Beltoise ,FRA,BRM,9.0,1973,BEL,,,,7,12.0
11,Carlos  Pace ,BRA,Surtees Ford,7.0,1973,PAC,Germany,7:11.400,PAC,9,7.0
11,Carlos  Pace ,BRA,Surtees Ford,7.0,1973,PAC,Austria,1:37.290,PAC,9,7.0
12,Arturo  Merzario ,ITA,Ferrari,6.0,1973,MER,,,,6,12.0
13,George Follmer,USA,Shadow Ford,5.0,1973,FOL,,,,8,9.0
14,Jackie  Oliver ,GBR,Shadow Ford,4.0,1973,OLI,,,,8,9.0
15,Andrea  de Adamich,ITA,Brabham Ford,3.0,1973,DEA,,,,4,22.0
15,Wilson  Fittipaldi ,BRA,Brabham Ford,3.0,1973,FIT,,,,4,22.0
17,Niki  Lauda ,AUT,BRM,2.0,1973,LAU,,,,7,12.0
17,Clay  Regazzoni ,SUI,BRM,2.0,1973,REG,,,,7,12.0
19,Chris  Amon ,NZL,Tyrrell Ford,1.0,1973,AMO,,,,2,82.0
19,Gijs  van Lennep ,NED,Iso Marlboro Ford,1.0,1973,VAN,,,,10,2.0
19,Howden Ganley,NZL,Iso Marlboro Ford,1.0,1973,GAN,,,,10,2.0
1,Emerson  Fittipaldi ,BRA,McLaren Ford,55.0,1974,FIT,,,,1,73.0
2,Clay  Regazzoni ,SUI,Ferrari,52.0,1974,REG,Argentina,1:52.100,REG,2,65.0
2,Clay  Regazzoni ,SUI,Ferrari,52.0,1974,REG,Brazil,2:36.050,REG,2,65.0
2,Clay  Regazzoni ,SUI,Ferrari,52.0,1974,REG,Austria,1:37.220,REG,2,65.0
3,Jody  Scheckter ,RSA,Tyrrell Ford,45.0,1974,SCH,France,1:00.000,SCH,3,52.0
3,Jody  Scheckter ,RSA,Tyrrell Ford,45.0,1974,SCH,Germany,7:11.100,SCH,3,52.0
4,Niki  Lauda ,AUT,Ferrari,38.0,1974,LAU,Spain,1:20.830,LAU,2,65.0
4,Niki  Lauda ,AUT,Ferrari,38.0,1974,LAU,Great Britain,1:21.100,LAU,2,65.0
4,Niki  Lauda ,AUT,Ferrari,38.0,1974,LAU,Canada,1:13.659,LAU,2,65.0
5,Ronnie  Peterson ,SWE,Lotus Ford,35.0,1974,PET,Monaco,1:27.900,PET,4,42.0
5,Ronnie  Peterson ,SWE,Lotus Ford,35.0,1974,PET,Netherlands,1:21.440,PET,4,42.0
6,Carlos  Reutemann ,ARG,Brabham Ford,32.0,1974,REU,South Africa,1:18.160,REU,5,35.0
7,Denny  Hulme ,NZL,McLaren Ford,20.0,1974,HUL,Belgium,1:11.310,HUL,1,73.0
8,James  Hunt ,GBR,Hesketh Ford,15.0,1974,HUN,,,,6,15.0
9,Patrick  Depailler ,FRA,Tyrrell Ford,14.0,1974,DEP,Sweden,1:27.262,DEP,3,52.0
10,Jacky  Ickx ,BEL,Lotus Ford,12.0,1974,ICK,,,,4,42.0
10,Mike  Hailwood ,GBR,McLaren Ford,12.0,1974,HAI,,,,1,73.0
12,Carlos  Pace ,BRA,Brabham Ford,11.0,1974,PAC,Italy,1:34.200,PAC,5,35.0
12,Carlos  Pace ,BRA,Brabham Ford,11.0,1974,PAC,United States,1:40.608,PAC,5,35.0
13,Jean-Pierre  Beltoise ,FRA,BRM,10.0,1974,BEL,,,,7,10.0
14,Jean-Pierre  Jarier ,FRA,Shadow Ford,6.0,1974,JAR,,,,8,7.0
14,John  Watson ,GBR,Brabham Ford,6.0,1974,WAT,,,,5,35.0
16,Hans-Joachim  Stuck ,GER,March Ford,5.0,1974,STU,,,,9,6.0
17,Arturo  Merzario ,ITA,Iso Marlboro Ford,4.0,1974,MER,,,,10,4.0
18,Graham  Hill ,GBR,Lola Ford,1.0,1974,HIL,,,,12,1.0
18,Tom  Pryce ,GBR,Shadow Ford,1.0,1974,PRY,,,,8,7.0
18,Vittorio  Brambilla ,ITA,March Ford,1.0,1974,BRA,,,,9,6.0
1,Niki  Lauda ,AUT,Ferrari,64.5,1975,LAU,Sweden,1:28.267,LAU,1,72.5
1,Niki  Lauda ,AUT,Ferrari,64.5,1975,LAU,Netherlands,1:21.540,LAU,1,72.5
2,Emerson  Fittipaldi ,BRA,McLaren Ford,45.0,1975,FIT,United States,1:43.374,FIT,3,53.0
3,Carlos  Reutemann ,ARG,Brabham Ford,37.0,1975,REU,,,,2,54.0
4,James  Hunt ,GBR,Hesketh Ford,33.0,1975,HUN,Argentina,1:50.910,HUN,4,33.0
5,Clay  Regazzoni ,SUI,Ferrari,25.0,1975,REG,Belgium,1:26.760,REG,1,72.5
5,Clay  Regazzoni ,SUI,Ferrari,25.0,1975,REG,Great Britain,1:20.900,REG,1,72.5
5,Clay  Regazzoni ,SUI,Ferrari,25.0,1975,REG,Germany,7:06.400,REG,1,72.5
5,Clay  Regazzoni ,SUI,Ferrari,25.0,1975,REG,Italy,1:33.100,REG,1,72.5
6,Carlos  Pace ,BRA,Brabham Ford,24.0,1975,PAC,South Africa,1:17.200,PAC,2,54.0
7,Jody  Scheckter ,RSA,Tyrrell Ford,20.0,1975,SCH,,,,5,25.0
7,Jochen  Mass ,GER,McLaren Ford,20.0,1975,MAS,France,1:50.600,MAS,3,53.0
9,Patrick  Depailler ,FRA,Tyrrell Ford,12.0,1975,DEP,Monaco,1:28.670,DEP,5,25.0
10,Tom  Pryce ,GBR,Shadow Ford,8.0,1975,PRY,,,,6,9.5
11,Vittorio  Brambilla ,ITA,March Ford,6.5,1975,BRA,Austria,1:53.900,BRA,8,7.5
12,Jacques  Laffite ,FRA,Frank Williams Racing Cars/Williams,6.0,1975,LAF,,,,9,6.0
12,Ronnie  Peterson ,SWE,Lotus Ford,6.0,1975,PET,,,,7,9.0
14,Mario  Andretti ,USA,Parnelli Ford,5.0,1975,AND,Spain,1:25.100,AND,10,5.0
15,Mark  Donohue ,USA,March Ford,4.0,1975,DON,,,,8,7.5
16,Jacky  Ickx ,BEL,Lotus Ford,3.0,1975,ICK,,,,7,9.0
17,Alan Jones ,AUS,Hill Ford,2.0,1975,JON,,,,11,3.0
18,Jean-Pierre  Jarier ,FRA,Shadow Ford,1.5,1975,JAR,,,,6,9.5
19,Tony  Brise ,GBR,Hill Ford,1.0,1975,BRI,,,,11,3.0
19,Gijs  van Lennep ,NED,Ensign Ford,1.0,1975,VAN,,,,13,1.0
21,Lella  Lombardi ,ITA,Frank Williams Racing Cars/Williams,0.5,1975,LOM,,,,9,6.0
1,James  Hunt ,GBR,McLaren Ford,69.0,1976,HUN,Austria,1:35.910,HUN,2,74.0
1,James  Hunt ,GBR,McLaren Ford,69.0,1976,HUN,USA East,1:42.851,HUN,2,74.0
2,Niki  Lauda ,AUT,Ferrari,68.0,1976,LAU,South Africa,1:17.970,LAU,1,83.0
2,Niki  Lauda ,AUT,Ferrari,68.0,1976,LAU,Belgium,1:25.980,LAU,1,83.0
2,Niki  Lauda ,AUT,Ferrari,68.0,1976,LAU,France,1:51.000,LAU,1,83.0
2,Niki  Lauda ,AUT,Ferrari,68.0,1976,LAU,Great Britain,1:19.910,LAU,1,83.0
3,Jody  Scheckter ,RSA,Tyrrell Ford,49.0,1976,SCH,Germany,7:10.800,SCH,3,71.0
4,Patrick  Depailler ,FRA,Tyrrell Ford,39.0,1976,DEP,Canada,1:13.817,DEP,3,71.0
5,Clay  Regazzoni ,SUI,Ferrari,31.0,1976,REG,USA West,1:23.076,REG,1,83.0
5,Clay  Regazzoni ,SUI,Ferrari,31.0,1976,REG,Monaco,1:30.280,REG,1,83.0
5,Clay  Regazzoni ,SUI,Ferrari,31.0,1976,REG,Netherlands,1:22.590,REG,1,83.0
6,Mario  Andretti ,USA,Lotus Ford,22.0,1976,AND,Sweden,1:28.002,AND,4,29.0
7,John  Watson ,GBR,Penske Ford,20.0,1976,WAT,,,,5,20.0
7,Jacques  Laffite ,FRA,Ligier Matra,20.0,1976,LAF,Japan,1:19.970,LAF,6,20.0
9,Jochen  Mass ,GER,McLaren Ford,19.0,1976,MAS,Spain,1:20.930,MAS,2,74.0
10,Gunnar  Nilsson ,SWE,Lotus Ford,11.0,1976,NIL,,,,4,29.0
11,Ronnie  Peterson ,SWE,March Ford,10.0,1976,PET,Italy,1:41.300,PET,7,19.0
11,Tom  Pryce ,GBR,Shadow Ford,10.0,1976,PRY,,,,8,10.0
13,Hans-Joachim  Stuck ,GER,March Ford,8.0,1976,STU,,,,7,19.0
14,Carlos  Pace ,BRA,Brabham Alfa Romeo,7.0,1976,PAC,,,,9,9.0
14,Alan Jones ,AUS,Surtees Ford,7.0,1976,JON,,,,10,7.0
16,Carlos  Reutemann ,ARG,Ferrari,3.0,1976,REU,,,,1,83.0
16,Emerson  Fittipaldi ,BRA,Fittipaldi Ford,3.0,1976,FIT,,,,11,3.0
18,Chris  Amon ,NZL,Wolf-Williams,2.0,1976,AMO,,,,,
19,Rolf  Stommelen ,GER,Brabham Alfa Romeo,1.0,1976,STO,,,,9,9.0
19,Vittorio  Brambilla ,ITA,March Ford,1.0,1976,BRA,,,,7,19.0
1,Niki  Lauda ,AUT,Ferrari,72.0,1977,LAU,USA West,1:22.753,LAU,1,95.0
1,Niki  Lauda ,AUT,Ferrari,72.0,1977,LAU,Germany,1:55.990,LAU,1,95.0
1,Niki  Lauda ,AUT,Ferrari,72.0,1977,LAU,Netherlands,1:19.990,LAU,1,95.0
2,Jody  Scheckter ,RSA,Wolf Ford,55.0,1977,SCH,Monaco,1:31.070,SCH,4,55.0
2,Jody  Scheckter ,RSA,Wolf Ford,55.0,1977,SCH,Japan,1:14.300,SCH,4,55.0
3,Mario  Andretti ,USA,Lotus Ford,47.0,1977,AND,Sweden,1:27.607,AND,2,62.0
3,Mario  Andretti ,USA,Lotus Ford,47.0,1977,AND,France,1:13.750,AND,2,62.0
3,Mario  Andretti ,USA,Lotus Ford,47.0,1977,AND,Italy,1:39.100,AND,2,62.0
3,Mario  Andretti ,USA,Lotus Ford,47.0,1977,AND,Canada,1:13.299,AND,2,62.0
4,Carlos  Reutemann ,ARG,Ferrari,42.0,1977,REU,,,,1,95.0
5,James  Hunt ,GBR,McLaren Ford,40.0,1977,HUN,Argentina,1:51.060,HUN,3,60.0
5,James  Hunt ,GBR,McLaren Ford,40.0,1977,HUN,Brazil,2:34.550,HUN,3,60.0
5,James  Hunt ,GBR,McLaren Ford,40.0,1977,HUN,Great Britain,1:19.600,HUN,3,60.0
6,Jochen  Mass ,GER,McLaren Ford,25.0,1977,MAS,,,,3,60.0
7,Alan Jones ,AUS,Shadow Ford,22.0,1977,JON,,,,7,23.0
8,Gunnar  Nilsson ,SWE,Lotus Ford,20.0,1977,NIL,Belgium,1:27.540,NIL,2,62.0
8,Patrick  Depailler ,FRA,Tyrrell Ford,20.0,1977,DEP,,,,6,27.0
10,Jacques  Laffite ,FRA,Ligier Matra,18.0,1977,LAF,Spain,1:20.810,LAF,8,18.0
11,Hans-Joachim  Stuck ,GER,Brabham Alfa Romeo,12.0,1977,STU,,,,5,27.0
12,Emerson  Fittipaldi ,BRA,Fittipaldi Ford,11.0,1977,FIT,,,,9,11.0
13,John  Watson ,GBR,Brabham Alfa Romeo,9.0,1977,WAT,South Africa,1:17.630,WAT,5,27.0
13,John  Watson ,GBR,Brabham Alfa Romeo,9.0,1977,WAT,Austria,1:40.960,WAT,5,27.0
14,Ronnie  Peterson ,SWE,Tyrrell Ford,7.0,1977,PET,USA East,1:51.854,PET,6,27.0
15,Carlos  Pace ,BRA,Brabham Alfa Romeo,6.0,1977,PAC,,,,5,27.0
15,Vittorio  Brambilla ,ITA,Surtees Ford,6.0,1977,BRA,,,,11,6.0
17,Patrick  Tambay ,FRA,Ensign Ford,5.0,1977,TAM,,,,10,10.0
17,Clay  Regazzoni ,SUI,Ensign Ford,5.0,1977,REG,,,,10,10.0
19,Renzo  Zorzi ,ITA,Shadow Ford,1.0,1977,ZOR,,,,7,23.0
19,Jean-Pierre  Jarier ,FRA,Ligier Matra,1.0,1977,JAR,,,,8,18.0
19,Riccardo  Patrese ,ITA,Shadow Ford,1.0,1977,PAT,,,,7,23.0
1,Mario  Andretti ,USA,Lotus Ford,64.0,1978,AND,South Africa,1:17.090,AND,1,86.0
1,Mario  Andretti ,USA,Lotus Ford,64.0,1978,AND,Spain,1:20.060,AND,1,86.0
1,Mario  Andretti ,USA,Lotus Ford,64.0,1978,AND,Italy,1:38.230,AND,1,86.0
2,Ronnie  Peterson ,SWE,Lotus Ford,51.0,1978,PET,Belgium,1:23.130,PET,1,86.0
2,Ronnie  Peterson ,SWE,Lotus Ford,51.0,1978,PET,Germany,1:55.620,PET,1,86.0
2,Ronnie  Peterson ,SWE,Lotus Ford,51.0,1978,PET,Austria,1:43.120,PET,1,86.0
3,Carlos  Reutemann ,ARG,Ferrari,48.0,1978,REU,Brazil,1:43.070,REU,2,58.0
3,Carlos  Reutemann ,ARG,Ferrari,48.0,1978,REU,France,1:48.560,REU,2,58.0
4,Niki  Lauda ,AUT,Brabham Alfa Romeo,44.0,1978,LAU,Monaco,1:28.650,LAU,3,53.0
4,Niki  Lauda ,AUT,Brabham Alfa Romeo,44.0,1978,LAU,Sweden,1:24.836,LAU,3,53.0
4,Niki  Lauda ,AUT,Brabham Alfa Romeo,44.0,1978,LAU,Great Britain,1:18.600,LAU,3,53.0
4,Niki  Lauda ,AUT,Brabham Alfa Romeo,44.0,1978,LAU,Netherlands,1:19.570,LAU,3,53.0
5,Patrick  Depailler ,FRA,Tyrrell Ford,34.0,1978,DEP,,,,4,38.0
6,John  Watson ,GBR,Brabham Alfa Romeo,25.0,1978,WAT,,,,3,53.0
7,Jody  Scheckter ,RSA,Wolf Ford,24.0,1978,SCH,,,,5,24.0
8,Jacques  Laffite ,FRA,Ligier Matra,19.0,1978,LAF,,,,6,19.0
9,Gilles  Villeneuve ,CAN,Ferrari,17.0,1978,VIL,Argentina,1:49.760,VIL,2,58.0
9,Emerson  Fittipaldi ,BRA,Fittipaldi Ford,17.0,1978,FIT,,,,7,17.0
11,Alan Jones ,AUS,Williams Ford,11.0,1978,JON,USA West,1:22.215,JON,9,11.0
11,Alan Jones ,AUS,Williams Ford,11.0,1978,JON,Canada,1:38.072,JON,9,11.0
11,Riccardo  Patrese ,ITA,Arrows Ford,11.0,1978,PAT,,,,10,11.0
13,James  Hunt ,GBR,McLaren Ford,8.0,1978,HUN,,,,8,15.0
13,Patrick  Tambay ,FRA,McLaren Ford,8.0,1978,TAM,,,,8,15.0
15,Didier  Pironi ,FRA,Tyrrell Ford,7.0,1978,PIR,,,,4,38.0
16,Clay  Regazzoni ,SUI,Shadow Ford,4.0,1978,REG,,,,11,6.0
17,Jean-Pierre  Jabouille ,FRA,Renault,3.0,1978,JAB,,,,12,3.0
18,Hans-Joachim  Stuck ,GER,Shadow Ford,2.0,1978,STU,,,,11,6.0
19,Hector  Rebaque ,MEX,Lotus Ford,1.0,1978,REB,,,,1,86.0
19,Vittorio  Brambilla ,ITA,Surtees Ford,1.0,1978,BRA,,,,13,1.0
19,Derek  Daly ,IRL,Ensign Ford,1.0,1978,DAL,,,,14,1.0
1,Jody  Scheckter ,RSA,Ferrari,51.0,1979,SCH,,,,1,113.0
2,Gilles  Villeneuve ,CAN,Ferrari,47.0,1979,VIL,South Africa,1:14.412,VIL,1,113.0
2,Gilles  Villeneuve ,CAN,Ferrari,47.0,1979,VIL,USA West,1:21.200,VIL,1,113.0
2,Gilles  Villeneuve ,CAN,Ferrari,47.0,1979,VIL,Spain,1:16.440,VIL,1,113.0
2,Gilles  Villeneuve ,CAN,Ferrari,47.0,1979,VIL,Belgium,1:23.090,VIL,1,113.0
2,Gilles  Villeneuve ,CAN,Ferrari,47.0,1979,VIL,Germany,1:51.890,VIL,1,113.0
2,Gilles  Villeneuve ,CAN,Ferrari,47.0,1979,VIL,Netherlands,1:19.438,VIL,1,113.0
3,Alan Jones ,AUS,Williams Ford,40.0,1979,JON,Canada,1:31.272,JON,2,75.0
4,Jacques  Laffite ,FRA,Ligier Ford,36.0,1979,LAF,Argentina,1:46.910,LAF,3,61.0
4,Jacques  Laffite ,FRA,Ligier Ford,36.0,1979,LAF,Brazil,2:28.760,LAF,3,61.0
5,Clay  Regazzoni ,SUI,Williams Ford,29.0,1979,REG,Great Britain,1:14.400,REG,2,75.0
5,Clay  Regazzoni ,SUI,Williams Ford,29.0,1979,REG,Italy,1:35.600,REG,2,75.0
6,Patrick  Depailler ,FRA,Ligier Ford,20.0,1979,DEP,Monaco,1:28.820,DEP,3,61.0
6,Carlos  Reutemann ,ARG,Lotus Ford,20.0,1979,REU,,,,4,39.0
8,Rene  Arnoux ,FRA,Renault,17.0,1979,ARN,France,1:09.160,ARN,6,26.0
8,Rene  Arnoux ,FRA,Renault,17.0,1979,ARN,Austria,1:35.770,ARN,6,26.0
9,John  Watson ,GBR,McLaren Ford,15.0,1979,WAT,,,,7,15.0
10,Didier  Pironi ,FRA,Tyrrell Ford,14.0,1979,PIR,,,,5,28.0
10,Jean-Pierre  Jarier ,FRA,Tyrrell Ford,14.0,1979,JAR,,,,5,28.0
10,Mario  Andretti ,USA,Lotus Ford,14.0,1979,AND,,,,4,39.0
13,Jean-Pierre  Jabouille ,FRA,Renault,9.0,1979,JAB,,,,6,26.0
14,Niki  Lauda ,AUT,Brabham Ford,4.0,1979,LAU,,,,8,7.0
15,Nelson  Piquet ,BRA,Brabham Ford,3.0,1979,PIQ,USA East,1:40.054,PIQ,8,7.0
15,Elio  de Angelis ,ITA,Shadow Ford,3.0,1979,DEA,,,,10,3.0
15,Jacky  Ickx ,BEL,Ligier Ford,3.0,1979,ICK,,,,3,61.0
15,Jochen  Mass ,GER,Arrows Ford,3.0,1979,MAS,,,,9,5.0
19,Riccardo  Patrese ,ITA,Arrows Ford,2.0,1979,PAT,,,,9,5.0
19,Hans-Joachim  Stuck ,GER,ATS Ford,2.0,1979,STU,,,,11,2.0
21,Emerson  Fittipaldi ,BRA,Fittipaldi Ford,1.0,1979,FIT,,,,12,1.0
1,Alan Jones ,AUS,Williams Ford,67.0,1980,JON,Argentina,1:50.450,JON,1,120.0
1,Alan Jones ,AUS,Williams Ford,67.0,1980,JON,France,1:41.450,JON,1,120.0
1,Alan Jones ,AUS,Williams Ford,67.0,1980,JON,Germany,1:48.490,JON,1,120.0
1,Alan Jones ,AUS,Williams Ford,67.0,1980,JON,Italy,1:36.089,JON,1,120.0
1,Alan Jones ,AUS,Williams Ford,67.0,1980,JON,USA East,1:34.068,JON,1,120.0
2,Nelson  Piquet ,BRA,Brabham Ford,54.0,1980,PIQ,USA West,1:19.830,PIQ,3,55.0
3,Carlos  Reutemann ,ARG,Williams Ford,42.0,1980,REU,Monaco,1:27.418,REU,1,120.0
4,Jacques  Laffite ,FRA,Ligier Ford,34.0,1980,LAF,Belgium,1:20.880,LAF,2,66.0
5,Didier  Pironi ,FRA,Ligier Ford,32.0,1980,PIR,Great Britain,1:12.368,PIR,2,66.0
5,Didier  Pironi ,FRA,Ligier Ford,32.0,1980,PIR,Canada,1:28.769,PIR,2,66.0
6,Rene  Arnoux ,FRA,Renault,29.0,1980,ARN,Brazil,2:27.310,ARN,4,38.0
6,Rene  Arnoux ,FRA,Renault,29.0,1980,ARN,South Africa,1:13.150,ARN,4,38.0
6,Rene  Arnoux ,FRA,Renault,29.0,1980,ARN,Austria,1:32.530,ARN,4,38.0
6,Rene  Arnoux ,FRA,Renault,29.0,1980,ARN,Netherlands,1:19.350,ARN,4,38.0
7,Elio  de Angelis ,ITA,Lotus Ford,13.0,1980,DEA,,,,5,14.0
8,Jean-Pierre  Jabouille ,FRA,Renault,9.0,1980,JAB,,,,4,38.0
9,Riccardo  Patrese ,ITA,Arrows Ford,7.0,1980,PAT,,,,7,11.0
10,Keke  Rosberg ,FIN,Fittipaldi Ford,6.0,1980,ROS,,,,8,11.0
10,Derek  Daly ,IRL,Tyrrell Ford,6.0,1980,DAL,,,,6,12.0
10,John  Watson ,GBR,McLaren Ford,6.0,1980,WAT,,,,9,11.0
10,Jean-Pierre  Jarier ,FRA,Tyrrell Ford,6.0,1980,JAR,,,,6,12.0
10,Gilles  Villeneuve ,CAN,Ferrari,6.0,1980,VIL,,,,10,8.0
15,Emerson  Fittipaldi ,BRA,Fittipaldi Ford,5.0,1980,FIT,,,,8,11.0
15,Alain  Prost ,FRA,McLaren Ford,5.0,1980,PRO,,,,9,11.0
17,Jochen  Mass ,GER,Arrows Ford,4.0,1980,MAS,,,,7,11.0
17,Bruno  Giacomelli ,ITA,Alfa Romeo,4.0,1980,GIA,,,,11,4.0
19,Jody  Scheckter ,RSA,Ferrari,2.0,1980,SCH,,,,10,8.0
20,Hector  Rebaque ,MEX,Brabham Ford,1.0,1980,REB,,,,3,55.0
20,Mario  Andretti ,USA,Lotus Ford,1.0,1980,AND,,,,5,14.0
1,Nelson  Piquet ,BRA,Brabham Ford,50.0,1981,PIQ,Argentina,1:45.287,PIQ,2,61.0
2,Carlos  Reutemann ,ARG,Williams Ford,49.0,1981,REU,Belgium,1:23.300,REU,1,95.0
2,Carlos  Reutemann ,ARG,Williams Ford,49.0,1981,REU,Italy,1:37.528,REU,1,95.0
3,Alan Jones ,AUS,Williams Ford,46.0,1981,JON,USA West,1:20.901,JON,1,95.0
3,Alan Jones ,AUS,Williams Ford,46.0,1981,JON,Monaco,1:27.470,JON,1,95.0
3,Alan Jones ,AUS,Williams Ford,46.0,1981,JON,Spain,1:17.818,JON,1,95.0
3,Alan Jones ,AUS,Williams Ford,46.0,1981,JON,Germany,1:52.420,JON,1,95.0
3,Alan Jones ,AUS,Williams Ford,46.0,1981,JON,Netherlands,1:21.830,JON,1,95.0
4,Jacques  Laffite ,FRA,Ligier Matra,44.0,1981,LAF,Austria,1:37.620,LAF,4,44.0
5,Alain  Prost ,FRA,Renault,43.0,1981,PRO,France,1:09.140,PRO,3,54.0
6,John  Watson ,GBR,McLaren Ford,27.0,1981,WAT,Canada,1:49.475,WAT,6,28.0
7,Gilles  Villeneuve ,CAN,Ferrari,25.0,1981,VIL,San Marino,1:48.064,VIL,5,34.0
8,Elio  de Angelis ,ITA,Lotus Ford,14.0,1981,DEA,,,,7,22.0
9,Rene  Arnoux ,FRA,Renault,11.0,1981,ARN,Great Britain,1:15.067,ARN,3,54.0
9,Hector  Rebaque ,MEX,Brabham Ford,11.0,1981,REB,,,,2,61.0
11,Riccardo  Patrese ,ITA,Arrows Ford,10.0,1981,PAT,,,,8,10.0
11,Eddie Cheever ,USA,Tyrrell Ford,10.0,1981,CHE,,,,10,10.0
13,Didier  Pironi ,FRA,Ferrari,9.0,1981,PIR,Caesar's Palace,1:20.156,PIR,5,34.0
14,Nigel  Mansell ,GBR,Lotus Ford,8.0,1981,MAN,,,,7,22.0
15,Bruno  Giacomelli ,ITA,Alfa Romeo,7.0,1981,GIA,,,,9,10.0
16,Marc  Surer ,SUI,Theodore Ford,4.0,1981,SUR,,,,12,1.0
17,Mario  Andretti ,USA,Alfa Romeo,3.0,1981,AND,,,,9,10.0
18,Patrick  Tambay ,FRA,Ligier Matra,1.0,1981,TAM,,,,4,44.0
18,Andrea  de Cesaris ,ITA,McLaren Ford,1.0,1981,DEC,,,,6,28.0
18,Slim  Borgudd ,SWE,ATS Ford,1.0,1981,BOR,,,,13,1.0
18,Eliseo  Salazar ,CHI,Ensign Ford,1.0,1981,SAL,,,,11,5.0
1,Keke  Rosberg ,FIN,Williams Ford,44.0,1982,ROS,,,,4,58.0
2,Didier  Pironi ,FRA,Ferrari,39.0,1982,PIR,San Marino,1:35.036,PIR,1,74.0
2,Didier  Pironi ,FRA,Ferrari,39.0,1982,PIR,Canada,1:28.323,PIR,1,74.0
2,John  Watson ,GBR,McLaren Ford,39.0,1982,WAT,Belgium,1:20.214,WAT,2,69.0
4,Alain  Prost ,FRA,Renault,34.0,1982,PRO,South Africa,1:08.278,PRO,3,62.0
4,Alain  Prost ,FRA,Renault,34.0,1982,PRO,Brazil,1:37.016,PRO,3,62.0
4,Alain  Prost ,FRA,Renault,34.0,1982,PRO,Detroit,1:50.438,PRO,3,62.0
4,Alain  Prost ,FRA,Renault,34.0,1982,PRO,Switzerland,1:07.477,PRO,3,62.0
5,Niki  Lauda ,AUT,McLaren Ford,30.0,1982,LAU,USA West,1:30.831,LAU,2,69.0
6,Rene  Arnoux ,FRA,Renault,28.0,1982,ARN,Italy,1:33.619,ARN,3,62.0
7,Patrick  Tambay ,FRA,Ferrari,25.0,1982,TAM,,,,1,74.0
7,Michele  Alboreto ,ITA,Tyrrell Ford,25.0,1982,ALB,Caesar's Palace,1:19.639,ALB,6,25.0
9,Elio  de Angelis ,ITA,Lotus Ford,23.0,1982,DEA,,,,5,30.0
10,Riccardo  Patrese ,ITA,Brabham BMW,21.0,1982,PAT,,,,7,22.0
11,Nelson  Piquet ,BRA,Brabham BMW,20.0,1982,PIQ,,,,7,22.0
12,Eddie Cheever ,USA,Ligier Matra,15.0,1982,CHE,,,,8,20.0
13,Derek  Daly ,IRL,Williams Ford,8.0,1982,DAL,,,,4,58.0
14,Nigel  Mansell ,GBR,Lotus Ford,7.0,1982,MAN,,,,5,30.0
15,Carlos  Reutemann ,ARG,Williams Ford,6.0,1982,REU,,,,4,58.0
15,Gilles  Villeneuve ,CAN,Ferrari,6.0,1982,VIL,,,,1,74.0
17,Andrea  de Cesaris ,ITA,Alfa Romeo,5.0,1982,DEC,,,,10,7.0
17,Jacques  Laffite ,FRA,Ligier Matra,5.0,1982,LAF,,,,8,20.0
19,Mario  Andretti ,USA,Ferrari,4.0,1982,AND,,,,1,74.0
20,Jean-Pierre  Jarier ,FRA,Osella Ford,3.0,1982,JAR,,,,13,3.0
20,Marc  Surer ,SUI,Arrows Ford,3.0,1982,SUR,,,,11,5.0
22,Manfred  Winkelhock ,GER,ATS Ford,2.0,1982,WIN,,,,12,4.0
22,Eliseo  Salazar ,CHI,ATS Ford,2.0,1982,SAL,,,,12,4.0
22,Bruno  Giacomelli ,ITA,Alfa Romeo,2.0,1982,GIA,,,,10,7.0
22,Mauro  Baldi ,ITA,Arrows Ford,2.0,1982,BAL,,,,11,5.0
26,Chico  Serra ,BRA,Fittipaldi Ford,1.0,1982,SER,,,,14,1.0
1,Nelson  Piquet ,BRA,Brabham BMW,59.0,1983,PIQ,Brazil,1:39.829,PIQ,3,72.0
1,Nelson  Piquet ,BRA,Brabham BMW,59.0,1983,PIQ,Monaco,1:27.283,PIQ,3,72.0
1,Nelson  Piquet ,BRA,Brabham BMW,59.0,1983,PIQ,Italy,1:34.431,PIQ,3,72.0
1,Nelson  Piquet ,BRA,Brabham BMW,59.0,1983,PIQ,South Africa,1:09.948,PIQ,3,72.0
2,Alain  Prost ,FRA,Renault,57.0,1983,PRO,France,1:42.695,PRO,2,79.0
2,Alain  Prost ,FRA,Renault,57.0,1983,PRO,Great Britain,1:14.212,PRO,2,79.0
2,Alain  Prost ,FRA,Renault,57.0,1983,PRO,Austria,1:33.961,PRO,2,79.0
3,Rene  Arnoux ,FRA,Ferrari,49.0,1983,ARN,Germany,1:53.938,ARN,1,89.0
3,Rene  Arnoux ,FRA,Ferrari,49.0,1983,ARN,Netherlands,1:19.863,ARN,1,89.0
4,Patrick  Tambay ,FRA,Ferrari,40.0,1983,TAM,Canada,1:30.851,TAM,1,89.0
5,Keke  Rosberg ,FIN,Williams Honda,27.0,1983,ROS,,,,11,2.0
6,John  Watson ,GBR,McLaren Ford,22.0,1983,WAT,,,,5,34.0
7,Eddie Cheever ,USA,Renault,22.0,1983,CHE,,,,2,79.0
8,Andrea  de Cesaris ,ITA,Alfa Romeo,15.0,1983,DEC,Belgium,2:07.493,DEC,6,18.0
9,Riccardo  Patrese ,ITA,Brabham BMW,13.0,1983,PAT,San Marino,1:34.437,PAT,3,72.0
10,Niki  Lauda ,AUT,McLaren TAG,12.0,1983,LAU,USA West,1:28.330,LAU,,
11,Jacques  Laffite ,FRA,Williams Honda,11.0,1983,LAF,,,,11,2.0
12,Michele  Alboreto ,ITA,Tyrrell Ford,10.0,1983,ALB,,,,7,12.0
13,Nigel  Mansell ,GBR,Lotus Renault,10.0,1983,MAN,,,,8,11.0
14,Derek  Warwick ,GBR,Toleman Hart,9.0,1983,WAR,,,,9,10.0
15,Marc  Surer ,SUI,Arrows Ford,4.0,1983,SUR,,,,10,4.0
16,Mauro  Baldi ,ITA,Alfa Romeo,3.0,1983,BAL,,,,6,18.0
17,Elio  de Angelis ,ITA,Lotus Renault,2.0,1983,DEA,,,,8,11.0
18,Danny  Sullivan ,USA,Tyrrell Ford,2.0,1983,SUL,,,,7,12.0
19,Bruno  Giacomelli ,ITA,Toleman Hart,1.0,1983,GIA,,,,9,10.0
20,Johnny  Cecotto ,VEN,Theodore Ford,1.0,1983,CEC,,,,12,1.0
1,Niki  Lauda ,AUT,McLaren TAG,72.0,1984,LAU,Dallas,1:45.353,LAU,1,143.5
1,Niki  Lauda ,AUT,McLaren TAG,72.0,1984,LAU,Great Britain,1:13.191,LAU,1,143.5
1,Niki  Lauda ,AUT,McLaren TAG,72.0,1984,LAU,Austria,1:32.882,LAU,1,143.5
1,Niki  Lauda ,AUT,McLaren TAG,72.0,1984,LAU,Italy,1:31.912,LAU,1,143.5
1,Niki  Lauda ,AUT,McLaren TAG,72.0,1984,LAU,Portugal,1:22.996,LAU,1,143.5
2,Alain  Prost ,FRA,McLaren TAG,71.5,1984,PRO,Brazil,1:36.499,PRO,1,143.5
2,Alain  Prost ,FRA,McLaren TAG,71.5,1984,PRO,France,1:05.257,PRO,1,143.5
2,Alain  Prost ,FRA,McLaren TAG,71.5,1984,PRO,Germany,1:53.538,PRO,1,143.5
3,Elio  de Angelis ,ITA,Lotus Renault,34.0,1984,DEA,,,,3,47.0
4,Michele  Alboreto ,ITA,Ferrari,30.5,1984,ALB,,,,2,57.5
5,Nelson  Piquet ,BRA,Brabham BMW,29.0,1984,PIQ,San Marino,1:33.275,PIQ,4,38.0
5,Nelson  Piquet ,BRA,Brabham BMW,29.0,1984,PIQ,Canada,1:28.763,PIQ,4,38.0
5,Nelson  Piquet ,BRA,Brabham BMW,29.0,1984,PIQ,Europe,1:23.146,PIQ,4,38.0
6,Rene  Arnoux ,FRA,Ferrari,27.0,1984,ARN,Belgium,1:19.294,ARN,2,57.5
6,Rene  Arnoux ,FRA,Ferrari,27.0,1984,ARN,Netherlands,1:19.465,ARN,2,57.5
7,Derek  Warwick ,GBR,Renault,23.0,1984,WAR,Detroit,1:46.221,WAR,5,34.0
8,Keke  Rosberg ,FIN,Williams Honda,20.5,1984,ROS,,,,6,25.5
9,Ayrton  Senna ,BRA,Toleman Hart,13.0,1984,SEN,Monaco,1:54.334,SEN,7,16.0
10,Nigel  Mansell ,GBR,Lotus Renault,13.0,1984,MAN,,,,3,47.0
11,Patrick  Tambay ,FRA,Renault,11.0,1984,TAM,South Africa,1:08.877,TAM,5,34.0
12,Teo  Fabi ,ITA,Brabham BMW,9.0,1984,FAB,,,,4,38.0
13,Riccardo  Patrese ,ITA,Alfa Romeo,8.0,1984,PAT,,,,8,11.0
14,Jacques  Laffite ,FRA,Williams Honda,5.0,1984,LAF,,,,6,25.5
15,Thierry  Boutsen ,BEL,Arrows BMW,5.0,1984,BOU,,,,9,3.0
16,Eddie Cheever ,USA,Alfa Romeo,3.0,1984,CHE,,,,8,11.0
17,Stefan  Johansson ,SWE,Toleman Hart,3.0,1984,JOH,,,,7,16.0
18,Andrea  de Cesaris ,ITA,Ligier Renault,3.0,1984,DEC,,,,10,3.0
19,Piercarlo  Ghinzani ,ITA,Osella Alfa Romeo,2.0,1984,GHI,,,,12,2.0
20,Marc  Surer ,SUI,Arrows BMW,1.0,1984,SUR,,,,9,3.0
1,Alain  Prost ,FRA,McLaren TAG,73.0,1985,PRO,Brazil,1:36.702,PRO,1,90.0
1,Alain  Prost ,FRA,McLaren TAG,73.0,1985,PRO,Great Britain,1:09.886,PRO,1,90.0
1,Alain  Prost ,FRA,McLaren TAG,73.0,1985,PRO,Austria,1:29.241,PRO,1,90.0
1,Alain  Prost ,FRA,McLaren TAG,73.0,1985,PRO,Netherlands,1:16.538,PRO,1,90.0
1,Alain  Prost ,FRA,McLaren TAG,73.0,1985,PRO,Belgium,2:01.730,PRO,1,90.0
2,Michele  Alboreto ,ITA,Ferrari,53.0,1985,ALB,San Marino,1:30.961,ALB,2,82.0
2,Michele  Alboreto ,ITA,Ferrari,53.0,1985,ALB,Monaco,1:22.637,ALB,2,82.0
3,Keke  Rosberg ,FIN,Williams Honda,40.0,1985,ROS,France,1:39.914,ROS,4,71.0
3,Keke  Rosberg ,FIN,Williams Honda,40.0,1985,ROS,South Africa,1:08.149,ROS,4,71.0
3,Keke  Rosberg ,FIN,Williams Honda,40.0,1985,ROS,Australia,1:23.758,ROS,4,71.0
4,Ayrton  Senna ,BRA,Lotus Renault,38.0,1985,SEN,Portugal,1:44.121,SEN,3,71.0
4,Ayrton  Senna ,BRA,Lotus Renault,38.0,1985,SEN,Canada,1:27.445,SEN,3,71.0
4,Ayrton  Senna ,BRA,Lotus Renault,38.0,1985,SEN,Detroit,1:45.612,SEN,3,71.0
5,Elio  de Angelis ,ITA,Lotus Renault,33.0,1985,DEA,,,,3,71.0
6,Nigel  Mansell ,GBR,Williams Honda,31.0,1985,MAN,Italy,1:28.283,MAN,4,71.0
7,Stefan  Johansson ,SWE,Ferrari,26.0,1985,JOH,,,,2,82.0
8,Nelson  Piquet ,BRA,Brabham BMW,21.0,1985,PIQ,,,,5,26.0
9,Jacques  Laffite ,FRA,Ligier Renault,16.0,1985,LAF,Europe,1:11.526,LAF,6,23.0
10,Niki  Lauda ,AUT,McLaren TAG,14.0,1985,LAU,Germany,1:22.806,LAU,1,90.0
11,Thierry  Boutsen ,BEL,Arrows BMW,11.0,1985,BOU,,,,8,14.0
12,Patrick  Tambay ,FRA,Renault,11.0,1985,TAM,,,,7,16.0
13,Marc  Surer ,SUI,Brabham BMW,5.0,1985,SUR,,,,5,26.0
14,Derek  Warwick ,GBR,Renault,5.0,1985,WAR,,,,7,16.0
15,Philippe  Streiff ,FRA,Ligier Renault,4.0,1985,STR,,,,6,23.0
16,Stefan  Bellof ,GER,Tyrrell Renault,4.0,1985,BEL,,,,10,3.0
17,Andrea  de Cesaris ,ITA,Ligier Renault,3.0,1985,DEC,,,,6,23.0
18,Rene  Arnoux ,FRA,Ferrari,3.0,1985,ARN,,,,2,82.0
19,Ivan  Capelli ,ITA,Tyrrell Renault,3.0,1985,CAP,,,,10,3.0
20,Gerhard  Berger ,AUT,Arrows BMW,3.0,1985,BER,,,,8,14.0
1,Alain  Prost ,FRA,McLaren TAG,72.0,1986,PRO,Monaco,1:26.607,PRO,2,96.0
1,Alain  Prost ,FRA,McLaren TAG,72.0,1986,PRO,Belgium,1:59.282,PRO,2,96.0
2,Nigel  Mansell ,GBR,Williams Honda,70.0,1986,MAN,Spain,1:27.176,MAN,1,141.0
2,Nigel  Mansell ,GBR,Williams Honda,70.0,1986,MAN,France,1:09.993,MAN,1,141.0
2,Nigel  Mansell ,GBR,Williams Honda,70.0,1986,MAN,Great Britain,1:09.593,MAN,1,141.0
2,Nigel  Mansell ,GBR,Williams Honda,70.0,1986,MAN,Portugal,1:20.943,MAN,1,141.0
3,Nelson  Piquet ,BRA,Williams Honda,69.0,1986,PIQ,Brazil,1:33.546,PIQ,1,141.0
3,Nelson  Piquet ,BRA,Williams Honda,69.0,1986,PIQ,San Marino,1:28.667,PIQ,1,141.0
3,Nelson  Piquet ,BRA,Williams Honda,69.0,1986,PIQ,Canada,1:25.443,PIQ,1,141.0
3,Nelson  Piquet ,BRA,Williams Honda,69.0,1986,PIQ,Detroit,1:41.233,PIQ,1,141.0
3,Nelson  Piquet ,BRA,Williams Honda,69.0,1986,PIQ,Hungary,1:31.001,PIQ,1,141.0
3,Nelson  Piquet ,BRA,Williams Honda,69.0,1986,PIQ,Mexico,1:19.360,PIQ,1,141.0
3,Nelson  Piquet ,BRA,Williams Honda,69.0,1986,PIQ,Australia,1:20.787,PIQ,1,141.0
4,Ayrton  Senna ,BRA,Lotus Renault,55.0,1986,SEN,,,,3,58.0
5,Stefan  Johansson ,SWE,Ferrari,23.0,1986,JOH,,,,4,37.0
6,Keke  Rosberg ,FIN,McLaren TAG,22.0,1986,ROS,,,,2,96.0
7,Gerhard  Berger ,AUT,Benetton BMW,17.0,1986,BER,Germany,1:46.604,BER,6,19.0
7,Gerhard  Berger ,AUT,Benetton BMW,17.0,1986,BER,Austria,1:29.444,BER,6,19.0
8,Jacques  Laffite ,FRA,Ligier Renault,14.0,1986,LAF,,,,5,29.0
9,Michele  Alboreto ,ITA,Ferrari,14.0,1986,ALB,,,,4,37.0
10,Rene  Arnoux ,FRA,Ligier Renault,14.0,1986,ARN,,,,5,29.0
11,Martin  Brundle ,GBR,Tyrrell Renault,8.0,1986,BRU,,,,7,11.0
12,Alan Jones ,AUS,Lola Ford,4.0,1986,JON,,,,8,6.0
13,Johnny  Dumfries ,GBR,Lotus Renault,3.0,1986,DUM,,,,3,58.0
14,Philippe  Streiff ,FRA,Tyrrell Renault,3.0,1986,STR,,,,7,11.0
15,Teo  Fabi ,ITA,Benetton BMW,2.0,1986,FAB,Italy,1:28.099,FAB,6,19.0
16,Patrick  Tambay ,FRA,Lola Ford,2.0,1986,TAM,,,,8,6.0
17,Riccardo  Patrese ,ITA,Brabham BMW,2.0,1986,PAT,,,,9,2.0
18,Philippe  Alliot ,FRA,Ligier Renault,1.0,1986,ALL,,,,5,29.0
19,Christian  Danner ,GER,Arrows BMW,1.0,1986,DAN,,,,10,1.0
1,Nelson  Piquet ,BRA,Williams Honda,73.0,1987,PIQ,Brazil,1:33.861,PIQ,1,137.0
1,Nelson  Piquet ,BRA,Williams Honda,73.0,1987,PIQ,France,1:09.548,PIQ,1,137.0
1,Nelson  Piquet ,BRA,Williams Honda,73.0,1987,PIQ,Hungary,1:30.149,PIQ,1,137.0
1,Nelson  Piquet ,BRA,Williams Honda,73.0,1987,PIQ,Mexico,1:19.132,PIQ,1,137.0
2,Nigel  Mansell ,GBR,Williams Honda,61.0,1987,MAN,Great Britain,1:09.832,MAN,1,137.0
2,Nigel  Mansell ,GBR,Williams Honda,61.0,1987,MAN,Germany,1:45.716,MAN,1,137.0
2,Nigel  Mansell ,GBR,Williams Honda,61.0,1987,MAN,Austria,1:28.318,MAN,1,137.0
3,Ayrton  Senna ,BRA,Lotus Honda,57.0,1987,SEN,Monaco,1:27.685,SEN,3,64.0
3,Ayrton  Senna ,BRA,Lotus Honda,57.0,1987,SEN,Detroit,1:40.464,SEN,3,64.0
3,Ayrton  Senna ,BRA,Lotus Honda,57.0,1987,SEN,Italy,1:26.796,SEN,3,64.0
4,Alain  Prost ,FRA,McLaren TAG,46.0,1987,PRO,Belgium,1:57.153,PRO,2,76.0
4,Alain  Prost ,FRA,McLaren TAG,46.0,1987,PRO,Japan,1:43.844,PRO,2,76.0
5,Gerhard  Berger ,AUT,Ferrari,36.0,1987,BER,Portugal,1:19.282,BER,4,53.0
5,Gerhard  Berger ,AUT,Ferrari,36.0,1987,BER,Spain,1:26.986,BER,4,53.0
5,Gerhard  Berger ,AUT,Ferrari,36.0,1987,BER,Australia,1:20.416,BER,4,53.0
6,Stefan  Johansson ,SWE,McLaren TAG,30.0,1987,JOH,,,,2,76.0
7,Michele  Alboreto ,ITA,Ferrari,17.0,1987,ALB,,,,4,53.0
8,Thierry  Boutsen ,BEL,Benetton Ford,16.0,1987,BOU,,,,5,28.0
9,Teo  Fabi ,ITA,Benetton Ford,12.0,1987,FAB,San Marino,1:29.246,FAB,5,28.0
10,Eddie Cheever ,USA,Arrows Megatron,8.0,1987,CHE,,,,7,11.0
11,Jonathan Palmer ,GBR,Tyrrell Ford,7.0,1987,PAL,,,,6,11.0
12,Satoru  Nakajima ,JPN,Lotus Honda,7.0,1987,NAK,,,,3,64.0
13,Riccardo  Patrese ,ITA,Williams Honda,6.0,1987,PAT,,,,1,137.0
14,Andrea  de Cesaris ,ITA,Brabham BMW,4.0,1987,DEC,,,,8,10.0
15,Philippe  Streiff ,FRA,Tyrrell Ford,4.0,1987,STR,,,,6,11.0
16,Derek  Warwick ,GBR,Arrows Megatron,3.0,1987,WAR,,,,7,11.0
17,Philippe  Alliot ,FRA,Lola Ford,3.0,1987,ALL,,,,9,3.0
18,Martin  Brundle ,GBR,Zakspeed,2.0,1987,BRU,,,,10,2.0
19,Rene  Arnoux ,FRA,Ligier Megatron,1.0,1987,ARN,,,,12,1.0
20,Ivan  Capelli ,ITA,March Ford,1.0,1987,CAP,,,,11,1.0
21,Roberto  Moreno ,BRA,AGS Ford,1.0,1987,MOR,,,,13,1.0
1,Ayrton  Senna ,BRA,McLaren Honda,90.0,1988,SEN,Monaco,1:26.321,SEN,1,199.0
1,Ayrton  Senna ,BRA,McLaren Honda,90.0,1988,SEN,Canada,1:24.973,SEN,1,199.0
1,Ayrton  Senna ,BRA,McLaren Honda,90.0,1988,SEN,Japan,1:46.326,SEN,1,199.0
2,Alain  Prost ,FRA,McLaren Honda,87.0,1988,PRO,San Marino,1:29.685,PRO,1,199.0
2,Alain  Prost ,FRA,McLaren Honda,87.0,1988,PRO,Mexico,1:18.608,PRO,1,199.0
2,Alain  Prost ,FRA,McLaren Honda,87.0,1988,PRO,Detroit,1:44.836,PRO,1,199.0
2,Alain  Prost ,FRA,McLaren Honda,87.0,1988,PRO,France,1:11.737,PRO,1,199.0
2,Alain  Prost ,FRA,McLaren Honda,87.0,1988,PRO,Hungary,1:30.639,PRO,1,199.0
2,Alain  Prost ,FRA,McLaren Honda,87.0,1988,PRO,Spain,1:27.845,PRO,1,199.0
2,Alain  Prost ,FRA,McLaren Honda,87.0,1988,PRO,Australia,1:21.216,PRO,1,199.0
3,Gerhard  Berger ,AUT,Ferrari,41.0,1988,BER,Brazil,1:32.943,BER,2,65.0
3,Gerhard  Berger ,AUT,Ferrari,41.0,1988,BER,Belgium,2:00.772,BER,2,65.0
3,Gerhard  Berger ,AUT,Ferrari,41.0,1988,BER,Portugal,1:21.961,BER,2,65.0
4,Thierry  Boutsen ,BEL,Benetton Ford,27.0,1988,BOU,,,,3,39.0
5,Michele  Alboreto ,ITA,Ferrari,24.0,1988,ALB,Italy,1:29.070,ALB,2,65.0
6,Nelson  Piquet ,BRA,Lotus Honda,22.0,1988,PIQ,,,,5,23.0
7,Ivan  Capelli ,ITA,March Judd,17.0,1988,CAP,,,,6,22.0
8,Derek  Warwick ,GBR,Arrows Megatron,17.0,1988,WAR,,,,4,23.0
9,Nigel  Mansell ,GBR,Williams Judd,12.0,1988,MAN,Great Britain,1:23.308,MAN,7,20.0
10,Alessandro  Nannini ,ITA,Benetton Ford,12.0,1988,NAN,Germany,2:03.032,NAN,3,39.0
11,Riccardo  Patrese ,ITA,Williams Judd,8.0,1988,PAT,,,,7,20.0
12,Eddie Cheever ,USA,Arrows Megatron,6.0,1988,CHE,,,,4,23.0
13,Mauricio  Gugelmin ,BRA,March Judd,5.0,1988,GUG,,,,6,22.0
14,Jonathan Palmer ,GBR,Tyrrell Ford,5.0,1988,PAL,,,,8,5.0
15,Andrea  de Cesaris ,ITA,Rial Ford,3.0,1988,DEC,,,,9,3.0
16,Pierluigi  Martini ,ITA,Minardi Ford,1.0,1988,MAR,,,,10,1.0
17,Satoru  Nakajima ,JPN,Lotus Honda,1.0,1988,NAK,,,,5,23.0
1,Alain  Prost ,FRA,McLaren Honda,76.0,1989,PRO,San Marino,1:26.795,PRO,1,141.0
1,Alain  Prost ,FRA,McLaren Honda,76.0,1989,PRO,Monaco,1:25.501,PRO,1,141.0
1,Alain  Prost ,FRA,McLaren Honda,76.0,1989,PRO,Belgium,2:11.571,PRO,1,141.0
1,Alain  Prost ,FRA,McLaren Honda,76.0,1989,PRO,Italy,1:28.107,PRO,1,141.0
1,Alain  Prost ,FRA,McLaren Honda,76.0,1989,PRO,Japan,1:43.506,PRO,1,141.0
2,Ayrton  Senna ,BRA,McLaren Honda,60.0,1989,SEN,United States,1:33.969,SEN,1,141.0
2,Ayrton  Senna ,BRA,McLaren Honda,60.0,1989,SEN,Germany,1:45.884,SEN,1,141.0
2,Ayrton  Senna ,BRA,McLaren Honda,60.0,1989,SEN,Spain,1:25.779,SEN,1,141.0
3,Riccardo  Patrese ,ITA,Williams Renault,40.0,1989,PAT,Brazil,1:32.507,PAT,2,77.0
4,Nigel  Mansell ,GBR,Ferrari,38.0,1989,MAN,Mexico,1:20.420,MAN,3,59.0
4,Nigel  Mansell ,GBR,Ferrari,38.0,1989,MAN,Great Britain,1:12.017,MAN,3,59.0
4,Nigel  Mansell ,GBR,Ferrari,38.0,1989,MAN,Hungary,1:22.637,MAN,3,59.0
5,Thierry  Boutsen ,BEL,Williams Renault,37.0,1989,BOU,,,,2,77.0
6,Alessandro  Nannini ,ITA,Benetton Ford,32.0,1989,NAN,,,,4,39.0
7,Gerhard  Berger ,AUT,Ferrari,21.0,1989,BER,Portugal,1:18.986,BER,3,59.0
8,Nelson  Piquet ,BRA,Lotus Judd,12.0,1989,PIQ,,,,6,15.0
9,Jean  Alesi ,FRA,Tyrrell Ford,8.0,1989,ALE,,,,5,16.0
10,Derek  Warwick ,GBR,Arrows Ford,7.0,1989,WAR,,,,7,13.0
11,Stefan  Johansson ,SWE,Onyx Ford,6.0,1989,JOH,,,,10,6.0
11,Michele  Alboreto ,ITA,Lola Lamborghini,6.0,1989,ALB,,,,16,1.0
11,Eddie Cheever ,USA,Arrows Ford,6.0,1989,CHE,,,,7,13.0
14,Johnny  Herbert ,GBR,Tyrrell Ford,5.0,1989,HER,,,,5,16.0
15,Pierluigi  Martini ,ITA,Minardi Ford,5.0,1989,MAR,,,,11,6.0
16,Andrea  de Cesaris ,ITA,Dallara Ford,4.0,1989,DEC,,,,8,8.0
16,Mauricio  Gugelmin ,BRA,March Judd,4.0,1989,GUG,France,1:12.090,GUG,12,4.0
16,Stefano  Modena ,ITA,Brabham Judd,4.0,1989,MOD,,,,9,8.0
19,Alex  Caffi ,ITA,Dallara Ford,4.0,1989,CAF,,,,8,8.0
20,Martin  Brundle ,GBR,Brabham Judd,4.0,1989,BRU,,,,9,8.0
21,Christian  Danner ,GER,Rial Ford,3.0,1989,DAN,,,,13,3.0
21,Satoru  Nakajima ,JPN,Lotus Judd,3.0,1989,NAK,Australia,1:38.480,NAK,6,15.0
23,Rene  Arnoux ,FRA,Ligier Ford,2.0,1989,ARN,,,,14,3.0
23,Emanuele  Pirro ,ITA,Benetton Ford,2.0,1989,PIR,,,,4,39.0
25,Jonathan Palmer ,GBR,Tyrrell Ford,2.0,1989,PAL,Canada,1:31.925,PAL,5,16.0
26,Gabriele  Tarquini ,ITA,AGS Ford,1.0,1989,TAR,,,,15,1.0
26,Philippe  Alliot ,FRA,Lola Lamborghini,1.0,1989,ALL,,,,16,1.0
26,Olivier  Grouillard ,FRA,Ligier Ford,1.0,1989,GRO,,,,14,3.0
26,Luis  Perez-Sala ,ESP,Minardi Ford,1.0,1989,PER,,,,11,6.0
1,Ayrton  Senna ,BRA,McLaren Honda,78.0,1990,SEN,Monaco,1:24.468,SEN,1,121.0
1,Ayrton  Senna ,BRA,McLaren Honda,78.0,1990,SEN,Italy,1:26.254,SEN,1,121.0
2,Alain  Prost ,FRA,Ferrari,71.0,1990,PRO,Mexico,1:17.958,PRO,2,110.0
2,Alain  Prost ,FRA,Ferrari,71.0,1990,PRO,Belgium,1:55.087,PRO,2,110.0
3,Nelson  Piquet ,BRA,Benetton Ford,43.0,1990,PIQ,,,,3,71.0
3,Gerhard  Berger ,AUT,McLaren Honda,43.0,1990,BER,United States,1:31.050,BER,1,121.0
3,Gerhard  Berger ,AUT,McLaren Honda,43.0,1990,BER,Brazil,1:19.899,BER,1,121.0
3,Gerhard  Berger ,AUT,McLaren Honda,43.0,1990,BER,Canada,1:22.077,BER,1,121.0
5,Nigel  Mansell ,GBR,Ferrari,37.0,1990,MAN,France,1:08.012,MAN,2,110.0
5,Nigel  Mansell ,GBR,Ferrari,37.0,1990,MAN,Great Britain,1:11.291,MAN,2,110.0
5,Nigel  Mansell ,GBR,Ferrari,37.0,1990,MAN,Australia,1:18.203,MAN,2,110.0
6,Thierry  Boutsen ,BEL,Williams Renault,34.0,1990,BOU,Germany,1:45.602,BOU,4,57.0
7,Riccardo  Patrese ,ITA,Williams Renault,23.0,1990,PAT,Hungary,1:22.058,PAT,4,57.0
7,Riccardo  Patrese ,ITA,Williams Renault,23.0,1990,PAT,Portugal,1:18.306,PAT,4,57.0
7,Riccardo  Patrese ,ITA,Williams Renault,23.0,1990,PAT,Spain,1:24.513,PAT,4,57.0
7,Riccardo  Patrese ,ITA,Williams Renault,23.0,1990,PAT,Japan,1:44.233,PAT,4,57.0
8,Alessandro  Nannini ,ITA,Benetton Ford,21.0,1990,NAN,San Marino,1:27.156,NAN,3,71.0
9,Jean  Alesi ,FRA,Tyrrell Ford,13.0,1990,ALE,,,,5,16.0
10,Ivan  Capelli ,ITA,Leyton House Judd,6.0,1990,CAP,,,,7,7.0
10,Roberto  Moreno ,BRA,Benetton Ford,6.0,1990,MOR,,,,3,71.0
12,Aguri  Suzuki ,JPN,Lola Lamborghini,6.0,1990,SUZ,,,,6,11.0
13,Eric  Bernard ,FRA,Lola Lamborghini,5.0,1990,BER,,,,6,11.0
14,Derek  Warwick ,GBR,Lotus Lamborghini,3.0,1990,WAR,,,,8,3.0
15,Satoru  Nakajima ,JPN,Tyrrell Ford,3.0,1990,NAK,,,,5,16.0
16,Alex  Caffi ,ITA,Arrows Ford,2.0,1990,CAF,,,,9,2.0
16,Stefano  Modena ,ITA,Brabham Judd,2.0,1990,MOD,,,,10,2.0
18,Mauricio  Gugelmin ,BRA,Leyton House Judd,1.0,1990,GUG,,,,7,7.0
1,Ayrton  Senna ,BRA,McLaren Honda,96.0,1991,SEN,Italy,1:26.061,SEN,1,139.0
1,Ayrton  Senna ,BRA,McLaren Honda,96.0,1991,SEN,Japan,1:41.532,SEN,1,139.0
2,Nigel  Mansell ,GBR,Williams Renault,72.0,1991,MAN,Brazil,1:20.436,MAN,2,125.0
2,Nigel  Mansell ,GBR,Williams Renault,72.0,1991,MAN,Canada,1:22.385,MAN,2,125.0
2,Nigel  Mansell ,GBR,Williams Renault,72.0,1991,MAN,Mexico,1:16.788,MAN,2,125.0
2,Nigel  Mansell ,GBR,Williams Renault,72.0,1991,MAN,France,1:19.168,MAN,2,125.0
2,Nigel  Mansell ,GBR,Williams Renault,72.0,1991,MAN,Great Britain,1:26.379,MAN,2,125.0
2,Nigel  Mansell ,GBR,Williams Renault,72.0,1991,MAN,Portugal,1:18.179,MAN,2,125.0
3,Riccardo  Patrese ,ITA,Williams Renault,53.0,1991,PAT,Germany,1:43.569,PAT,2,125.0
3,Riccardo  Patrese ,ITA,Williams Renault,53.0,1991,PAT,Spain,1:22.837,PAT,2,125.0
4,Gerhard  Berger ,AUT,McLaren Honda,43.0,1991,BER,San Marino,1:26.531,BER,1,139.0
4,Gerhard  Berger ,AUT,McLaren Honda,43.0,1991,BER,Australia,1:41.141,BER,1,139.0
5,Alain  Prost ,FRA,Ferrari,34.0,1991,PRO,Monaco,1:24.368,PRO,3,55.5
6,Nelson  Piquet ,BRA,Benetton Ford,26.5,1991,PIQ,,,,4,38.5
7,Jean  Alesi ,FRA,Ferrari,21.0,1991,ALE,United States,1:26.758,ALE,3,55.5
8,Stefano  Modena ,ITA,Tyrrell Honda,10.0,1991,MOD,,,,6,12.0
9,Andrea  de Cesaris ,ITA,Jordan Ford,9.0,1991,DEC,,,,5,13.0
10,Roberto  Moreno ,BRA,Minardi Ferrari,8.0,1991,MOR,,,,7,6.0
11,Pierluigi  Martini ,ITA,Minardi Ferrari,6.0,1991,MAR,,,,7,6.0
12,Jyrki  Jarvilehto ,FIN,Dallara Judd,4.0,1991,JAR,,,,8,5.0
12,Bertrand  Gachot ,FRA,Jordan Ford,4.0,1991,GAC,Hungary,1:21.547,GAC,5,13.0
12,Michael  Schumacher ,GER,Benetton Ford,4.0,1991,MSC,,,,4,38.5
15,Mika  Hakkinen ,FIN,Lotus Judd,2.0,1991,HAK,,,,9,3.0
15,Martin  Brundle ,GBR,Brabham Yamaha,2.0,1991,BRU,,,,10,3.0
15,Satoru  Nakajima ,JPN,Tyrrell Honda,2.0,1991,NAK,,,,6,12.0
18,Julian  Bailey ,GBR,Lotus Judd,1.0,1991,BAI,,,,9,3.0
18,Eric  Bernard ,FRA,Lola Ford,1.0,1991,BER,,,,11,2.0
18,Ivan  Capelli ,ITA,Leyton House Ilmor,1.0,1991,CAP,,,,12,1.0
18,Aguri  Suzuki ,JPN,Lola Ford,1.0,1991,SUZ,,,,11,2.0
18,Emanuele  Pirro ,ITA,Dallara Judd,1.0,1991,PIR,,,,8,5.0
18,Mark  Blundell ,GBR,Brabham Yamaha,1.0,1991,BLU,,,,10,3.0
24,Gianni  Morbidelli ,ITA,Ferrari,0.5,1991,MOR,,,,3,55.5
1,Nigel  Mansell ,GBR,Williams Renault,108.0,1992,MAN,South Africa,1:17.578,MAN,1,164.0
1,Nigel  Mansell ,GBR,Williams Renault,108.0,1992,MAN,Spain,1:42.503,MAN,1,164.0
1,Nigel  Mansell ,GBR,Williams Renault,108.0,1992,MAN,Monaco,1:21.598,MAN,1,164.0
1,Nigel  Mansell ,GBR,Williams Renault,108.0,1992,MAN,France,1:17.070,MAN,1,164.0
1,Nigel  Mansell ,GBR,Williams Renault,108.0,1992,MAN,Great Britain,1:22.539,MAN,1,164.0
1,Nigel  Mansell ,GBR,Williams Renault,108.0,1992,MAN,Hungary,1:18.308,MAN,1,164.0
1,Nigel  Mansell ,GBR,Williams Renault,108.0,1992,MAN,Italy,1:26.119,MAN,1,164.0
1,Nigel  Mansell ,GBR,Williams Renault,108.0,1992,MAN,Japan,1:40.646,MAN,1,164.0
2,Riccardo  Patrese ,ITA,Williams Renault,56.0,1992,PAT,Brazil,1:19.490,PAT,1,164.0
2,Riccardo  Patrese ,ITA,Williams Renault,56.0,1992,PAT,San Marino,1:26.100,PAT,1,164.0
2,Riccardo  Patrese ,ITA,Williams Renault,56.0,1992,PAT,Germany,1:41.591,PAT,1,164.0
3,Michael  Schumacher ,GER,Benetton Ford,53.0,1992,MSC,Belgium,1:53.791,MSC,3,91.0
3,Michael  Schumacher ,GER,Benetton Ford,53.0,1992,MSC,Australia,1:16.078,MSC,3,91.0
4,Ayrton  Senna ,BRA,McLaren Honda,50.0,1992,SEN,Portugal,1:16.272,SEN,2,99.0
5,Gerhard  Berger ,AUT,McLaren Honda,49.0,1992,BER,Mexico,1:17.711,BER,2,99.0
5,Gerhard  Berger ,AUT,McLaren Honda,49.0,1992,BER,Canada,1:22.325,BER,2,99.0
6,Martin  Brundle ,GBR,Benetton Ford,38.0,1992,BRU,,,,3,91.0
7,Jean  Alesi ,FRA,Ferrari,18.0,1992,ALE,,,,4,21.0
8,Mika  Hakkinen ,FIN,Lotus Ford,11.0,1992,HAK,,,,5,13.0
9,Andrea  de Cesaris ,ITA,Tyrrell Ilmor,8.0,1992,DEC,,,,6,8.0
10,Michele  Alboreto ,ITA,Footwork Mugen Honda,6.0,1992,ALB,,,,7,6.0
11,Erik  Comas ,FRA,Ligier Renault,4.0,1992,COM,,,,8,6.0
12,Karl  Wendlinger ,AUT,March Ilmor,3.0,1992,WEN,,,,9,3.0
12,Ivan  Capelli ,ITA,Ferrari,3.0,1992,CAP,,,,4,21.0
14,Thierry  Boutsen ,BEL,Ligier Renault,2.0,1992,BOU,,,,8,6.0
15,Pierluigi  Martini ,ITA,Dallara Ferrari,2.0,1992,MAR,,,,10,2.0
16,Johnny  Herbert ,GBR,Lotus Ford,2.0,1992,HER,,,,5,13.0
17,Stefano  Modena ,ITA,Jordan Yamaha,1.0,1992,MOD,,,,11,1.0
18,Christian  Fittipaldi ,BRA,Minardi Lamborghini,1.0,1992,FIT,,,,12,1.0
19,Bertrand  Gachot ,FRA,Venturi Lamborghini,1.0,1992,GAC,,,,13,1.0
1,Alain  Prost ,FRA,Williams Renault,99.0,1993,PRO,South Africa,1:19.492,PRO,1,168.0
1,Alain  Prost ,FRA,Williams Renault,99.0,1993,PRO,San Marino,1:26.128,PRO,1,168.0
1,Alain  Prost ,FRA,Williams Renault,99.0,1993,PRO,Monaco,1:23.604,PRO,1,168.0
1,Alain  Prost ,FRA,Williams Renault,99.0,1993,PRO,Hungary,1:19.633,PRO,1,168.0
1,Alain  Prost ,FRA,Williams Renault,99.0,1993,PRO,Belgium,1:51.095,PRO,1,168.0
1,Alain  Prost ,FRA,Williams Renault,99.0,1993,PRO,Japan,1:41.176,PRO,1,168.0
2,Ayrton  Senna ,BRA,McLaren Ford,73.0,1993,SEN,Europe,1:18.029,SEN,2,84.0
3,Damon  Hill ,GBR,Williams Renault,69.0,1993,HIL,Great Britain,1:22.515,HIL,1,168.0
3,Damon  Hill ,GBR,Williams Renault,69.0,1993,HIL,Italy,1:23.575,HIL,1,168.0
3,Damon  Hill ,GBR,Williams Renault,69.0,1993,HIL,Portugal,1:14.859,HIL,1,168.0
3,Damon  Hill ,GBR,Williams Renault,69.0,1993,HIL,Australia,1:15.381,HIL,1,168.0
4,Michael  Schumacher ,GER,Benetton Ford,52.0,1993,MSC,Brazil,1:20.024,MSC,3,72.0
4,Michael  Schumacher ,GER,Benetton Ford,52.0,1993,MSC,Spain,1:20.989,MSC,3,72.0
4,Michael  Schumacher ,GER,Benetton Ford,52.0,1993,MSC,Canada,1:21.500,MSC,3,72.0
4,Michael  Schumacher ,GER,Benetton Ford,52.0,1993,MSC,France,1:19.256,MSC,3,72.0
4,Michael  Schumacher ,GER,Benetton Ford,52.0,1993,MSC,Germany,1:41.859,MSC,3,72.0
5,Riccardo  Patrese ,ITA,Benetton Ford,20.0,1993,PAT,,,,3,72.0
6,Jean  Alesi ,FRA,Ferrari,16.0,1993,ALE,,,,4,28.0
7,Martin  Brundle ,GBR,Ligier Renault,13.0,1993,BRU,,,,5,23.0
8,Gerhard  Berger ,AUT,Ferrari,12.0,1993,BER,,,,4,28.0
9,Johnny  Herbert ,GBR,Lotus Ford,11.0,1993,HER,,,,6,12.0
10,Mark  Blundell ,GBR,Ligier Renault,10.0,1993,BLU,,,,5,23.0
11,Michael  Andretti ,USA,McLaren Ford,7.0,1993,AND,,,,2,84.0
12,Karl  Wendlinger ,AUT,Sauber,7.0,1993,WEN,,,,7,12.0
13,Christian  Fittipaldi ,BRA,Minardi Ford,5.0,1993,FIT,,,,8,7.0
13,Jyrki  Jarvilehto ,FIN,Sauber,5.0,1993,JAR,,,,7,12.0
15,Mika  Hakkinen ,FIN,McLaren Ford,4.0,1993,HAK,,,,2,84.0
16,Derek  Warwick ,GBR,Footwork Mugen Honda,4.0,1993,WAR,,,,9,4.0
17,Philippe  Alliot ,FRA,Larrousse Lamborghini,2.0,1993,ALL,,,,10,3.0
17,Rubens  Barrichello ,BRA,Jordan Hart,2.0,1993,BAR,,,,11,3.0
19,Fabrizio  Barbazza ,ITA,Minardi Ford,2.0,1993,BAR,,,,8,7.0
20,Alessandro  Zanardi ,ITA,Lotus Ford,1.0,1993,ZAN,,,,6,12.0
20,Erik  Comas ,FRA,Larrousse Lamborghini,1.0,1993,COM,,,,10,3.0
20,Eddie  Irvine ,GBR,Jordan Hart,1.0,1993,IRV,,,,11,3.0
1,Michael  Schumacher ,GER,Benetton Ford,92.0,1994,MSC,Brazil,1:18.455,MSC,2,103.0
1,Michael  Schumacher ,GER,Benetton Ford,92.0,1994,MSC,Pacific,1:14.023,MSC,2,103.0
1,Michael  Schumacher ,GER,Benetton Ford,92.0,1994,MSC,Monaco,1:21.076,MSC,2,103.0
1,Michael  Schumacher ,GER,Benetton Ford,92.0,1994,MSC,Spain,1:25.155,MSC,2,103.0
1,Michael  Schumacher ,GER,Benetton Ford,92.0,1994,MSC,Canada,1:28.927,MSC,2,103.0
1,Michael  Schumacher ,GER,Benetton Ford,92.0,1994,MSC,Hungary,1:20.881,MSC,2,103.0
1,Michael  Schumacher ,GER,Benetton Ford,92.0,1994,MSC,Europe,1:25.040,MSC,2,103.0
1,Michael  Schumacher ,GER,Benetton Ford,92.0,1994,MSC,Australia,1:17.140,MSC,2,103.0
2,Damon  Hill ,GBR,Williams Renault,91.0,1994,HIL,San Marino,1:24.335,HIL,1,118.0
2,Damon  Hill ,GBR,Williams Renault,91.0,1994,HIL,France,1:19.678,HIL,1,118.0
2,Damon  Hill ,GBR,Williams Renault,91.0,1994,HIL,Great Britain,1:27.100,HIL,1,118.0
2,Damon  Hill ,GBR,Williams Renault,91.0,1994,HIL,Belgium,1:57.117,HIL,1,118.0
2,Damon  Hill ,GBR,Williams Renault,91.0,1994,HIL,Italy,1:25.930,HIL,1,118.0
2,Damon  Hill ,GBR,Williams Renault,91.0,1994,HIL,Japan,1:56.597,HIL,1,118.0
3,Gerhard  Berger ,AUT,Ferrari,41.0,1994,BER,,,,3,71.0
4,Mika  Hakkinen ,FIN,McLaren Peugeot,26.0,1994,HAK,,,,4,42.0
5,Jean  Alesi ,FRA,Ferrari,24.0,1994,ALE,,,,3,71.0
6,Rubens  Barrichello ,BRA,Jordan Hart,19.0,1994,BAR,,,,5,28.0
7,Martin  Brundle ,GBR,McLaren Peugeot,16.0,1994,BRU,,,,4,42.0
8,David  Coulthard ,GBR,Williams Renault,14.0,1994,COU,Germany,1:46.211,COU,1,118.0
8,David  Coulthard ,GBR,Williams Renault,14.0,1994,COU,Portugal,1:22.446,COU,1,118.0
9,Nigel  Mansell ,GBR,Williams Renault,13.0,1994,MAN,,,,1,118.0
10,Jos  Verstappen ,NED,Benetton Ford,10.0,1994,VER,,,,2,103.0
11,Olivier  Panis ,FRA,Ligier Renault,9.0,1994,PAN,,,,6,13.0
12,Mark  Blundell ,GBR,Tyrrell Yamaha,8.0,1994,BLU,,,,7,13.0
13,Heinz-Harald  Frentzen ,GER,Sauber Mercedes,7.0,1994,FRE,,,,8,12.0
14,Nicola  Larini ,ITA,Ferrari,6.0,1994,LAR,,,,3,71.0
15,Christian  Fittipaldi ,BRA,Footwork Ford,6.0,1994,FIT,,,,9,9.0
16,Eddie  Irvine ,GBR,Jordan Hart,6.0,1994,IRV,,,,5,28.0
17,Ukyo  Katayama ,JPN,Tyrrell Yamaha,5.0,1994,KAT,,,,7,13.0
18,Eric  Bernard ,FRA,Lotus Mugen Honda,4.0,1994,BER,,,,,
19,Karl  Wendlinger ,AUT,Sauber Mercedes,4.0,1994,WEN,,,,8,12.0
20,Andrea  de Cesaris ,ITA,Sauber Mercedes,4.0,1994,DEC,,,,8,12.0
21,Pierluigi  Martini ,ITA,Minardi Ford,4.0,1994,MAR,,,,10,5.0
22,Gianni  Morbidelli ,ITA,Footwork Ford,3.0,1994,MOR,,,,9,9.0
23,Erik  Comas ,FRA,Larrousse Ford,2.0,1994,COM,,,,11,2.0
24,Michele  Alboreto ,ITA,Minardi Ford,1.0,1994,ALB,,,,10,5.0
25,Jyrki  Jarvilehto ,FIN,Sauber Mercedes,1.0,1994,JAR,,,,8,12.0
1,Michael  Schumacher ,GER,Benetton Renault,102.0,1995,MSC,Brazil,1:20.921,MSC,1,137.0
1,Michael  Schumacher ,GER,Benetton Renault,102.0,1995,MSC,Argentina,1:30.522,MSC,1,137.0
1,Michael  Schumacher ,GER,Benetton Renault,102.0,1995,MSC,Canada,1:29.174,MSC,1,137.0
1,Michael  Schumacher ,GER,Benetton Renault,102.0,1995,MSC,France,1:20.218,MSC,1,137.0
1,Michael  Schumacher ,GER,Benetton Renault,102.0,1995,MSC,Germany,1:48.824,MSC,1,137.0
1,Michael  Schumacher ,GER,Benetton Renault,102.0,1995,MSC,Europe,1:21.180,MSC,1,137.0
1,Michael  Schumacher ,GER,Benetton Renault,102.0,1995,MSC,Pacific,1:16.374,MSC,1,137.0
1,Michael  Schumacher ,GER,Benetton Renault,102.0,1995,MSC,Japan,1:42.976,MSC,1,137.0
2,Damon  Hill ,GBR,Williams Renault,69.0,1995,HIL,Spain,1:24.531,HIL,2,112.0
2,Damon  Hill ,GBR,Williams Renault,69.0,1995,HIL,Great Britain,1:29.752,HIL,2,112.0
2,Damon  Hill ,GBR,Williams Renault,69.0,1995,HIL,Hungary,1:20.247,HIL,2,112.0
2,Damon  Hill ,GBR,Williams Renault,69.0,1995,HIL,Australia,1:17.943,HIL,2,112.0
3,David  Coulthard ,GBR,Williams Renault,49.0,1995,COU,Belgium,1:53.412,COU,2,112.0
3,David  Coulthard ,GBR,Williams Renault,49.0,1995,COU,Portugal,1:23.220,COU,2,112.0
4,Johnny  Herbert ,GBR,Benetton Renault,45.0,1995,HER,,,,1,137.0
5,Jean  Alesi ,FRA,Ferrari,42.0,1995,ALE,Monaco,1:24.621,ALE,3,73.0
6,Gerhard  Berger ,AUT,Ferrari,31.0,1995,BER,San Marino,1:29.568,BER,3,73.0
6,Gerhard  Berger ,AUT,Ferrari,31.0,1995,BER,Italy,1:26.419,BER,3,73.0
7,Mika  Hakkinen ,FIN,McLaren Mercedes,17.0,1995,HAK,,,,4,30.0
8,Olivier  Panis ,FRA,Ligier Mugen Honda,16.0,1995,PAN,,,,5,24.0
9,Heinz-Harald  Frentzen ,GER,Sauber Ford,15.0,1995,FRE,,,,7,18.0
10,Mark  Blundell ,GBR,McLaren Mercedes,13.0,1995,BLU,,,,4,30.0
11,Rubens  Barrichello ,BRA,Jordan Peugeot,11.0,1995,BAR,,,,6,21.0
12,Eddie  Irvine ,GBR,Jordan Peugeot,10.0,1995,IRV,,,,6,21.0
13,Martin  Brundle ,GBR,Ligier Mugen Honda,7.0,1995,BRU,,,,5,24.0
14,Gianni  Morbidelli ,ITA,Footwork Hart,5.0,1995,MOR,,,,8,5.0
15,Mika  Salo ,FIN,Tyrrell Yamaha,5.0,1995,SAL,,,,9,5.0
16,Jean-Christophe  Boullion ,FRA,Sauber Ford,3.0,1995,BOU,,,,7,18.0
17,Aguri  Suzuki ,JPN,Ligier Mugen Honda,1.0,1995,SUZ,,,,5,24.0
18,Pedro  Lamy ,POR,Minardi Ford,1.0,1995,LAM,,,,10,1.0
1,Damon  Hill ,GBR,Williams Renault,97.0,1996,HIL,Brazil,1:21.547,HIL,1,175.0
1,Damon  Hill ,GBR,Williams Renault,97.0,1996,HIL,Europe,1:21.363,HIL,1,175.0
1,Damon  Hill ,GBR,Williams Renault,97.0,1996,HIL,San Marino,1:28.931,HIL,1,175.0
1,Damon  Hill ,GBR,Williams Renault,97.0,1996,HIL,Germany,1:46.504,HIL,1,175.0
1,Damon  Hill ,GBR,Williams Renault,97.0,1996,HIL,Hungary,1:20.093,HIL,1,175.0
2,Jacques  Villeneuve ,CAN,Williams Renault,78.0,1996,VIL,Australia,1:33.421,VIL,1,175.0
2,Jacques  Villeneuve ,CAN,Williams Renault,78.0,1996,VIL,Canada,1:21.916,VIL,1,175.0
2,Jacques  Villeneuve ,CAN,Williams Renault,78.0,1996,VIL,France,1:18.610,VIL,1,175.0
2,Jacques  Villeneuve ,CAN,Williams Renault,78.0,1996,VIL,Great Britain,1:29.288,VIL,1,175.0
2,Jacques  Villeneuve ,CAN,Williams Renault,78.0,1996,VIL,Portugal,1:22.873,VIL,1,175.0
2,Jacques  Villeneuve ,CAN,Williams Renault,78.0,1996,VIL,Japan,1:44.043,VIL,1,175.0
3,Michael  Schumacher ,GER,Ferrari,59.0,1996,MSC,Spain,1:45.517,MSC,2,70.0
3,Michael  Schumacher ,GER,Ferrari,59.0,1996,MSC,Italy,1:26.110,MSC,2,70.0
4,Jean  Alesi ,FRA,Benetton Renault,47.0,1996,ALE,Argentina,1:29.413,ALE,3,68.0
4,Jean  Alesi ,FRA,Benetton Renault,47.0,1996,ALE,Monaco,1:25.205,ALE,3,68.0
5,Mika  Hakkinen ,FIN,McLaren Mercedes,31.0,1996,HAK,,,,4,49.0
6,Gerhard  Berger ,AUT,Benetton Renault,21.0,1996,BER,Belgium,1:53.067,BER,3,68.0
7,David  Coulthard ,GBR,McLaren Mercedes,18.0,1996,COU,,,,4,49.0
8,Rubens  Barrichello ,BRA,Jordan Peugeot,14.0,1996,BAR,,,,5,22.0
9,Olivier  Panis ,FRA,Ligier Mugen Honda,13.0,1996,PAN,,,,6,15.0
10,Eddie  Irvine ,GBR,Ferrari,11.0,1996,IRV,,,,2,70.0
11,Martin  Brundle ,GBR,Jordan Peugeot,8.0,1996,BRU,,,,5,22.0
12,Heinz-Harald  Frentzen ,GER,Sauber Ford,7.0,1996,FRE,,,,7,11.0
13,Mika  Salo ,FIN,Tyrrell Yamaha,5.0,1996,SAL,,,,8,5.0
14,Johnny  Herbert ,GBR,Sauber Ford,4.0,1996,HER,,,,7,11.0
15,Pedro  Diniz ,BRA,Ligier Mugen Honda,2.0,1996,DIN,,,,6,15.0
16,Jos  Verstappen ,NED,Footwork Hart,1.0,1996,VER,,,,9,1.0
1,Jacques  Villeneuve ,CAN,Williams Renault,81.0,1997,VIL,Brazil,1:18.397,VIL,1,123.0
1,Jacques  Villeneuve ,CAN,Williams Renault,81.0,1997,VIL,Belgium,1:52.692,VIL,1,123.0
1,Jacques  Villeneuve ,CAN,Williams Renault,81.0,1997,VIL,Austria,1:11.814,VIL,1,123.0
DQ,Michael  Schumacher ,GER,Ferrari,78.0,1997,MSC,Monaco,1:53.315,MSC,2,102.0
DQ,Michael  Schumacher ,GER,Ferrari,78.0,1997,MSC,France,1:17.910,MSC,2,102.0
DQ,Michael  Schumacher ,GER,Ferrari,78.0,1997,MSC,Great Britain,1:24.475,MSC,2,102.0
2,Heinz-Harald  Frentzen ,GER,Williams Renault,42.0,1997,FRE,Australia,1:30.585,FRE,1,123.0
2,Heinz-Harald  Frentzen ,GER,Williams Renault,42.0,1997,FRE,San Marino,1:25.531,FRE,1,123.0
2,Heinz-Harald  Frentzen ,GER,Williams Renault,42.0,1997,FRE,Hungary,1:18.372,FRE,1,123.0
2,Heinz-Harald  Frentzen ,GER,Williams Renault,42.0,1997,FRE,Luxembourg,1:18.805,FRE,1,123.0
2,Heinz-Harald  Frentzen ,GER,Williams Renault,42.0,1997,FRE,Japan,1:38.942,FRE,1,123.0
2,Heinz-Harald  Frentzen ,GER,Williams Renault,42.0,1997,FRE,Europe,1:23.135,FRE,1,123.0
3,David  Coulthard ,GBR,McLaren Mercedes,36.0,1997,COU,Canada,1:19.635,COU,4,63.0
4,Jean  Alesi ,FRA,Benetton Renault,36.0,1997,ALE,,,,3,67.0
5,Gerhard  Berger ,AUT,Benetton Renault,27.0,1997,BER,Argentina,1:27.981,BER,3,67.0
5,Gerhard  Berger ,AUT,Benetton Renault,27.0,1997,BER,Germany,1:45.747,BER,3,67.0
6,Mika  Hakkinen ,FIN,McLaren Mercedes,27.0,1997,HAK,Italy,1:24.808,HAK,4,63.0
7,Eddie  Irvine ,GBR,Ferrari,24.0,1997,IRV,,,,2,102.0
8,Giancarlo  Fisichella ,ITA,Jordan Peugeot,20.0,1997,FIS,Spain,1:22.242,FIS,5,33.0
9,Olivier  Panis ,FRA,Prost Mugen Honda,16.0,1997,PAN,,,,6,21.0
10,Johnny  Herbert ,GBR,Sauber Petronas,15.0,1997,HER,,,,7,16.0
11,Ralf  Schumacher ,GER,Jordan Peugeot,13.0,1997,RSC,,,,5,33.0
12,Damon  Hill ,GBR,Arrows Yamaha,7.0,1997,HIL,,,,8,9.0
13,Rubens  Barrichello ,BRA,Stewart Ford,6.0,1997,BAR,,,,9,6.0
14,Alexander  Wurz ,AUT,Benetton Renault,4.0,1997,WUR,,,,3,67.0
15,Jarno  Trulli ,ITA,Prost Mugen Honda,3.0,1997,TRU,,,,6,21.0
16,Mika  Salo ,FIN,Tyrrell Ford,2.0,1997,SAL,,,,10,2.0
17,Pedro  Diniz ,BRA,Arrows Yamaha,2.0,1997,DIN,,,,8,9.0
18,Shinji  Nakano ,JPN,Prost Mugen Honda,2.0,1997,NAK,,,,6,21.0
19,Nicola  Larini ,ITA,Sauber Petronas,1.0,1997,LAR,,,,7,16.0
1,Mika  Hakkinen ,FIN,McLaren Mercedes,100.0,1998,HAK,Australia,1:31.649,HAK,1,156.0
1,Mika  Hakkinen ,FIN,McLaren Mercedes,100.0,1998,HAK,Brazil,1:19.337,HAK,1,156.0
1,Mika  Hakkinen ,FIN,McLaren Mercedes,100.0,1998,HAK,Spain,1:24.275,HAK,1,156.0
1,Mika  Hakkinen ,FIN,McLaren Mercedes,100.0,1998,HAK,Monaco,1:22.948,HAK,1,156.0
1,Mika  Hakkinen ,FIN,McLaren Mercedes,100.0,1998,HAK,Italy,1:25.139,HAK,1,156.0
1,Mika  Hakkinen ,FIN,McLaren Mercedes,100.0,1998,HAK,Luxembourg,1:20.450,HAK,1,156.0
2,Michael  Schumacher ,GER,Ferrari,86.0,1998,MSC,San Marino,1:29.345,MSC,2,133.0
2,Michael  Schumacher ,GER,Ferrari,86.0,1998,MSC,Canada,1:19.379,MSC,2,133.0
2,Michael  Schumacher ,GER,Ferrari,86.0,1998,MSC,Great Britain,1:35.704,MSC,2,133.0
2,Michael  Schumacher ,GER,Ferrari,86.0,1998,MSC,Hungary,1:19.286,MSC,2,133.0
2,Michael  Schumacher ,GER,Ferrari,86.0,1998,MSC,Belgium,2:03.766,MSC,2,133.0
2,Michael  Schumacher ,GER,Ferrari,86.0,1998,MSC,Japan,1:40.190,MSC,2,133.0
3,David  Coulthard ,GBR,McLaren Mercedes,56.0,1998,COU,France,1:17.523,COU,1,156.0
3,David  Coulthard ,GBR,McLaren Mercedes,56.0,1998,COU,Austria,1:12.878,COU,1,156.0
3,David  Coulthard ,GBR,McLaren Mercedes,56.0,1998,COU,Germany,1:46.116,COU,1,156.0
4,Eddie  Irvine ,GBR,Ferrari,47.0,1998,IRV,,,,2,133.0
5,Jacques  Villeneuve ,CAN,Williams Mecachrome,21.0,1998,VIL,,,,3,38.0
6,Damon  Hill ,GBR,Jordan Mugen Honda,20.0,1998,HIL,,,,4,34.0
7,Heinz-Harald  Frentzen ,GER,Williams Mecachrome,17.0,1998,FRE,,,,3,38.0
8,Alexander  Wurz ,AUT,Benetton Playlife,17.0,1998,WUR,Argentina,1:28.179,WUR,5,33.0
9,Giancarlo  Fisichella ,ITA,Benetton Playlife,16.0,1998,FIS,,,,5,33.0
10,Ralf  Schumacher ,GER,Jordan Mugen Honda,14.0,1998,RSC,,,,4,34.0
11,Jean  Alesi ,FRA,Sauber Petronas,9.0,1998,ALE,,,,6,10.0
12,Rubens  Barrichello ,BRA,Stewart Ford,4.0,1998,BAR,,,,8,5.0
13,Mika  Salo ,FIN,Arrows,3.0,1998,SAL,,,,7,6.0
14,Pedro  Diniz ,BRA,Arrows,3.0,1998,DIN,,,,7,6.0
15,Johnny  Herbert ,GBR,Sauber Petronas,1.0,1998,HER,,,,6,10.0
16,Jan  Magnussen ,DEN,Stewart Ford,1.0,1998,MAG,,,,8,5.0
17,Jarno  Trulli ,ITA,Prost Peugeot,1.0,1998,TRU,,,,9,1.0
18,Ricardo  Rosset ,BRA,Tyrrell Ford,0.0,1998,ROS,,,,,
19,Olivier  Panis ,FRA,Prost Peugeot,0.0,1998,PAN,,,,9,1.0
20,Toranosuke  Takagi ,JPN,Tyrrell Ford,0.0,1998,TAK,,,,,
21,Shinji  Nakano ,JPN,Minardi Ford,0.0,1998,NAK,,,,,
22,Esteban  Tuero ,ARG,Minardi Ford,0.0,1998,TUE,,,,,
23,Jos  Verstappen ,NED,Stewart Ford,0.0,1998,VER,,,,8,5.0
1,Mika  Hakkinen ,FIN,McLaren Mercedes,76.0,1999,HAK,Brazil,1:18.448,HAK,2,124.0
1,Mika  Hakkinen ,FIN,McLaren Mercedes,76.0,1999,HAK,Monaco,1:22.259,HAK,2,124.0
1,Mika  Hakkinen ,FIN,McLaren Mercedes,76.0,1999,HAK,Great Britain,1:28.309,HAK,2,124.0
1,Mika  Hakkinen ,FIN,McLaren Mercedes,76.0,1999,HAK,Austria,1:12.107,HAK,2,124.0
1,Mika  Hakkinen ,FIN,McLaren Mercedes,76.0,1999,HAK,Belgium,1:53.955,HAK,2,124.0
1,Mika  Hakkinen ,FIN,McLaren Mercedes,76.0,1999,HAK,Europe,1:21.282,HAK,2,124.0
2,Eddie  Irvine ,GBR,Ferrari,74.0,1999,IRV,Canada,1:20.382,IRV,1,128.0
3,Heinz-Harald  Frentzen ,GER,Jordan Mugen Honda,54.0,1999,FRE,Malaysia,1:40.631,FRE,3,61.0
4,David  Coulthard ,GBR,McLaren Mercedes,48.0,1999,COU,France,1:19.227,COU,2,124.0
4,David  Coulthard ,GBR,McLaren Mercedes,48.0,1999,COU,Germany,1:45.270,COU,2,124.0
4,David  Coulthard ,GBR,McLaren Mercedes,48.0,1999,COU,Hungary,1:20.699,COU,2,124.0
5,Michael  Schumacher ,GER,Ferrari,44.0,1999,MSC,Australia,1:32.112,MSC,1,128.0
5,Michael  Schumacher ,GER,Ferrari,44.0,1999,MSC,San Marino,1:28.547,MSC,1,128.0
5,Michael  Schumacher ,GER,Ferrari,44.0,1999,MSC,Spain,1:24.982,MSC,1,128.0
5,Michael  Schumacher ,GER,Ferrari,44.0,1999,MSC,Japan,1:41.319,MSC,1,128.0
6,Ralf  Schumacher ,GER,Williams Supertec,35.0,1999,RSC,Italy,1:25.579,RSC,5,35.0
7,Rubens  Barrichello ,BRA,Stewart Ford,21.0,1999,BAR,,,,4,36.0
8,Johnny  Herbert ,GBR,Stewart Ford,15.0,1999,HER,,,,4,36.0
9,Giancarlo  Fisichella ,ITA,Benetton Playlife,13.0,1999,FIS,,,,6,16.0
10,Mika  Salo ,FIN,Ferrari,10.0,1999,SAL,,,,1,128.0
11,Jarno  Trulli ,ITA,Prost Peugeot,7.0,1999,TRU,,,,7,9.0
12,Damon  Hill ,GBR,Jordan Mugen Honda,7.0,1999,HIL,,,,3,61.0
13,Alexander  Wurz ,AUT,Benetton Playlife,3.0,1999,WUR,,,,6,16.0
14,Pedro  Diniz ,BRA,Sauber Petronas,3.0,1999,DIN,,,,8,5.0
15,Olivier  Panis ,FRA,Prost Peugeot,2.0,1999,PAN,,,,7,9.0
16,Jean  Alesi ,FRA,Sauber Petronas,2.0,1999,ALE,,,,8,5.0
17,Pedro  de la Rosa ,ESP,Arrows,1.0,1999,DLR,,,,10,1.0
18,Marc  Gene ,ESP,Minardi Ford,1.0,1999,GEN,,,,9,1.0
1,Michael  Schumacher ,GER,Ferrari,108.0,2000,MSC,Brazil,1:14.755,MSC,1,170.0
1,Michael  Schumacher ,GER,Ferrari,108.0,2000,MSC,Europe,1:22.269,MSC,1,170.0
2,Mika  Hakkinen ,FIN,McLaren Mercedes,89.0,2000,HAK,San Marino,1:26.523,HAK,2,152.0
2,Mika  Hakkinen ,FIN,McLaren Mercedes,89.0,2000,HAK,Great Britain,1:26.217,HAK,2,152.0
2,Mika  Hakkinen ,FIN,McLaren Mercedes,89.0,2000,HAK,Spain,1:24.470,HAK,2,152.0
2,Mika  Hakkinen ,FIN,McLaren Mercedes,89.0,2000,HAK,Monaco,1:21.571,HAK,2,152.0
2,Mika  Hakkinen ,FIN,McLaren Mercedes,89.0,2000,HAK,Canada,1:19.049,HAK,2,152.0
2,Mika  Hakkinen ,FIN,McLaren Mercedes,89.0,2000,HAK,Hungary,1:20.028,HAK,2,152.0
2,Mika  Hakkinen ,FIN,McLaren Mercedes,89.0,2000,HAK,Italy,1:25.595,HAK,2,152.0
2,Mika  Hakkinen ,FIN,McLaren Mercedes,89.0,2000,HAK,Japan,1:39.189,HAK,2,152.0
2,Mika  Hakkinen ,FIN,McLaren Mercedes,89.0,2000,HAK,Malaysia,1:38.543,HAK,2,152.0
3,David  Coulthard ,GBR,McLaren Mercedes,73.0,2000,COU,France,1:19.479,COU,2,152.0
3,David  Coulthard ,GBR,McLaren Mercedes,73.0,2000,COU,Austria,1:11.783,COU,2,152.0
3,David  Coulthard ,GBR,McLaren Mercedes,73.0,2000,COU,United States,1:14.711,COU,2,152.0
4,Rubens  Barrichello ,BRA,Ferrari,62.0,2000,BAR,Australia,1:31.481,BAR,1,170.0
4,Rubens  Barrichello ,BRA,Ferrari,62.0,2000,BAR,Germany,1:44.300,BAR,1,170.0
4,Rubens  Barrichello ,BRA,Ferrari,62.0,2000,BAR,Belgium,1:53.803,BAR,1,170.0
5,Ralf  Schumacher ,GER,Williams BMW,24.0,2000,RSC,,,,3,36.0
6,Giancarlo  Fisichella ,ITA,Benetton Playlife,18.0,2000,FIS,,,,4,20.0
7,Jacques  Villeneuve ,CAN,BAR Honda,17.0,2000,VIL,,,,5,20.0
8,Jenson  Button ,GBR,Williams BMW,12.0,2000,BUT,,,,3,36.0
9,Heinz-Harald  Frentzen ,GER,Jordan Mugen Honda,11.0,2000,FRE,,,,6,17.0
10,Jarno  Trulli ,ITA,Jordan Mugen Honda,6.0,2000,TRU,,,,6,17.0
11,Mika  Salo ,FIN,Sauber Petronas,6.0,2000,SAL,,,,8,6.0
12,Jos  Verstappen ,NED,Arrows Supertec,5.0,2000,VER,,,,7,7.0
13,Eddie  Irvine ,GBR,Jaguar Cosworth,4.0,2000,IRV,,,,9,4.0
14,Ricardo  Zonta ,BRA,BAR Honda,3.0,2000,ZON,,,,5,20.0
15,Alexander  Wurz ,AUT,Benetton Playlife,2.0,2000,WUR,,,,4,20.0
16,Pedro  de la Rosa ,ESP,Arrows Supertec,2.0,2000,DLR,,,,7,7.0
17,Pedro  Diniz ,BRA,Sauber Petronas,0.0,2000,DIN,,,,8,6.0
18,Johnny  Herbert ,GBR,Jaguar Cosworth,0.0,2000,HER,,,,9,4.0
19,Marc  Gene ,ESP,Minardi Fondmetal,0.0,2000,GEN,,,,,
20,Gaston  Mazzacane ,ARG,Minardi Fondmetal,0.0,2000,MAZ,,,,,
21,Nick  Heidfeld ,GER,Prost Peugeot,0.0,2000,HEI,,,,,
22,Jean  Alesi ,FRA,Prost Peugeot,0.0,2000,ALE,,,,,
23,Luciano  Burti ,BRA,Jaguar Cosworth,0.0,2000,BUR,,,,9,4.0
1,Michael  Schumacher ,GER,Ferrari,123.0,2001,MSC,Australia,1:28.214,MSC,1,179.0
1,Michael  Schumacher ,GER,Ferrari,123.0,2001,MSC,Spain,1:21.151,MSC,1,179.0
1,Michael  Schumacher ,GER,Ferrari,123.0,2001,MSC,Belgium,1:49.758,MSC,1,179.0
2,David  Coulthard ,GBR,McLaren Mercedes,65.0,2001,COU,Austria,1:10.843,COU,2,102.0
2,David  Coulthard ,GBR,McLaren Mercedes,65.0,2001,COU,Monaco,1:19.424,COU,2,102.0
2,David  Coulthard ,GBR,McLaren Mercedes,65.0,2001,COU,France,1:16.088,COU,2,102.0
3,Rubens  Barrichello ,BRA,Ferrari,56.0,2001,BAR,,,,1,179.0
4,Ralf  Schumacher ,GER,Williams BMW,49.0,2001,RSC,Brazil,1:15.693,RSC,3,80.0
4,Ralf  Schumacher ,GER,Williams BMW,49.0,2001,RSC,San Marino,1:25.524,RSC,3,80.0
4,Ralf  Schumacher ,GER,Williams BMW,49.0,2001,RSC,Canada,1:17.205,RSC,3,80.0
4,Ralf  Schumacher ,GER,Williams BMW,49.0,2001,RSC,Italy,1:25.073,RSC,3,80.0
4,Ralf  Schumacher ,GER,Williams BMW,49.0,2001,RSC,Japan,1:36.944,RSC,3,80.0
5,Mika  Hakkinen ,FIN,McLaren Mercedes,37.0,2001,HAK,Malaysia,1:40.962,HAK,2,102.0
5,Mika  Hakkinen ,FIN,McLaren Mercedes,37.0,2001,HAK,Great Britain,1:23.405,HAK,2,102.0
5,Mika  Hakkinen ,FIN,McLaren Mercedes,37.0,2001,HAK,Hungary,1:16.723,HAK,2,102.0
6,Juan Pablo  Montoya ,COL,Williams BMW,31.0,2001,MOY,Europe,1:18.354,MOY,3,80.0
6,Juan Pablo  Montoya ,COL,Williams BMW,31.0,2001,MOY,Germany,1:41.808,MOY,3,80.0
6,Juan Pablo  Montoya ,COL,Williams BMW,31.0,2001,MOY,United States,1:14.448,MOY,3,80.0
7,Jacques  Villeneuve ,CAN,BAR Honda,12.0,2001,VIL,,,,6,17.0
8,Nick  Heidfeld ,GER,Sauber Petronas,12.0,2001,HEI,,,,4,21.0
9,Jarno  Trulli ,ITA,Jordan Honda,12.0,2001,TRU,,,,5,19.0
10,Kimi  RÃ¤ikkÃ¶nen ,FIN,Sauber Petronas,9.0,2001,RAI,,,,4,21.0
11,Giancarlo  Fisichella ,ITA,Benetton Renault,8.0,2001,FIS,,,,7,10.0
12,Eddie  Irvine ,GBR,Jaguar Cosworth,6.0,2001,IRV,,,,8,9.0
13,Heinz-Harald  Frentzen ,GER,Prost Acer,6.0,2001,FRE,,,,9,4.0
14,Olivier  Panis ,FRA,BAR Honda,5.0,2001,PAN,,,,6,17.0
15,Jean  Alesi ,FRA,Jordan Honda,5.0,2001,ALE,,,,5,19.0
16,Pedro  de la Rosa ,ESP,Jaguar Cosworth,3.0,2001,DLR,,,,8,9.0
17,Jenson  Button ,GBR,Benetton Renault,2.0,2001,BUT,,,,7,10.0
18,Jos  Verstappen ,NED,Arrows Asiatech,1.0,2001,VER,,,,10,1.0
1,Michael  Schumacher ,GER,Ferrari,144.0,2002,MSC,Spain,1:20.355,MSC,1,221.0
1,Michael  Schumacher ,GER,Ferrari,144.0,2002,MSC,Austria,1:09.298,MSC,1,221.0
1,Michael  Schumacher ,GER,Ferrari,144.0,2002,MSC,Europe,1:32.226,MSC,1,221.0
1,Michael  Schumacher ,GER,Ferrari,144.0,2002,MSC,Germany,1:16.462,MSC,1,221.0
1,Michael  Schumacher ,GER,Ferrari,144.0,2002,MSC,Hungary,1:16.207,MSC,1,221.0
1,Michael  Schumacher ,GER,Ferrari,144.0,2002,MSC,Belgium,1:47.176,MSC,1,221.0
1,Michael  Schumacher ,GER,Ferrari,144.0,2002,MSC,Japan,1:36.125,MSC,1,221.0
2,Rubens  Barrichello ,BRA,Ferrari,77.0,2002,BAR,San Marino,1:24.170,BAR,1,221.0
2,Rubens  Barrichello ,BRA,Ferrari,77.0,2002,BAR,Monaco,1:18.023,BAR,1,221.0
2,Rubens  Barrichello ,BRA,Ferrari,77.0,2002,BAR,Great Britain,1:23.083,BAR,1,221.0
2,Rubens  Barrichello ,BRA,Ferrari,77.0,2002,BAR,Italy,1:23.657,BAR,1,221.0
2,Rubens  Barrichello ,BRA,Ferrari,77.0,2002,BAR,United States,1:12.738,BAR,1,221.0
3,Juan Pablo  Montoya ,COL,Williams BMW,50.0,2002,MOY,Malaysia,1:38.049,MOY,2,92.0
3,Juan Pablo  Montoya ,COL,Williams BMW,50.0,2002,MOY,Brazil,1:16.079,MOY,2,92.0
3,Juan Pablo  Montoya ,COL,Williams BMW,50.0,2002,MOY,Canada,1:15.960,MOY,2,92.0
4,Ralf  Schumacher ,GER,Williams BMW,42.0,2002,RSC,,,,2,92.0
5,David  Coulthard ,GBR,McLaren Mercedes,41.0,2002,COU,France,1:15.045,COU,3,65.0
6,Kimi  RÃ¤ikkÃ¶nen ,FIN,McLaren Mercedes,24.0,2002,RAI,Australia,1:28.541,RAI,3,65.0
7,Jenson  Button ,GBR,Renault,14.0,2002,BUT,,,,4,23.0
8,Jarno  Trulli ,ITA,Renault,9.0,2002,TRU,,,,4,23.0
9,Eddie  Irvine ,GBR,Jaguar Cosworth,8.0,2002,IRV,,,,7,8.0
10,Nick  Heidfeld ,GER,Sauber Petronas,7.0,2002,HEI,,,,5,11.0
11,Giancarlo  Fisichella ,ITA,Jordan Honda,7.0,2002,FIS,,,,6,9.0
12,Jacques  Villeneuve ,CAN,BAR Honda,4.0,2002,VIL,,,,8,7.0
13,Felipe  Massa ,BRA,Sauber Petronas,4.0,2002,MAS,,,,5,11.0
14,Olivier  Panis ,FRA,BAR Honda,3.0,2002,PAN,,,,8,7.0
15,Takuma  Sato ,JPN,Jordan Honda,2.0,2002,SAT,,,,6,9.0
16,Mark  Webber ,AUS,Minardi Asiatech,2.0,2002,WEB,,,,9,2.0
17,Mika  Salo ,FIN,Toyota,2.0,2002,SAL,,,,10,2.0
18,Heinz-Harald  Frentzen ,GER,Sauber Petronas,2.0,2002,FRE,,,,5,11.0
19,Allan  McNish ,GBR,Toyota,0.0,2002,MCN,,,,10,2.0
20,Alex  Yoong ,MAS,Minardi Asiatech,0.0,2002,YOO,,,,9,2.0
21,Pedro  de la Rosa ,ESP,Jaguar Cosworth,0.0,2002,DLR,,,,7,8.0
22,Enrique  Bernoldi ,BRA,Arrows Cosworth,0.0,2002,BER,,,,11,2.0
1,Michael  Schumacher ,GER,Ferrari,93.0,2003,MSC,Malaysia,1:36.412,MSC,1,158.0
1,Michael  Schumacher ,GER,Ferrari,93.0,2003,MSC,San Marino,1:22.491,MSC,1,158.0
1,Michael  Schumacher ,GER,Ferrari,93.0,2003,MSC,Austria,1:08.337,MSC,1,158.0
1,Michael  Schumacher ,GER,Ferrari,93.0,2003,MSC,Italy,1:21.832,MSC,1,158.0
1,Michael  Schumacher ,GER,Ferrari,93.0,2003,MSC,United States,1:11.473,MSC,1,158.0
2,Kimi  RÃ¤ikkÃ¶nen ,FIN,McLaren Mercedes,91.0,2003,RAI,Australia,1:27.724,RAI,3,142.0
2,Kimi  RÃ¤ikkÃ¶nen ,FIN,McLaren Mercedes,91.0,2003,RAI,Monaco,1:14.545,RAI,3,142.0
2,Kimi  RÃ¤ikkÃ¶nen ,FIN,McLaren Mercedes,91.0,2003,RAI,Europe,1:32.621,RAI,3,142.0
3,Juan Pablo  Montoya ,COL,Williams BMW,82.0,2003,MOY,France,1:15.512,MOY,2,144.0
3,Juan Pablo  Montoya ,COL,Williams BMW,82.0,2003,MOY,Germany,1:14.917,MOY,2,144.0
3,Juan Pablo  Montoya ,COL,Williams BMW,82.0,2003,MOY,Hungary,1:22.095,MOY,2,144.0
4,Rubens  Barrichello ,BRA,Ferrari,65.0,2003,BAR,Brazil,1:22.032,BAR,1,158.0
4,Rubens  Barrichello ,BRA,Ferrari,65.0,2003,BAR,Spain,1:20.143,BAR,1,158.0
4,Rubens  Barrichello ,BRA,Ferrari,65.0,2003,BAR,Great Britain,1:22.236,BAR,1,158.0
5,Ralf  Schumacher ,GER,Williams BMW,58.0,2003,RSC,Japan,1:33.408,RSC,2,144.0
6,Fernando  Alonso ,ESP,Renault,55.0,2003,ALO,Canada,1:16.040,ALO,4,88.0
7,David  Coulthard ,GBR,McLaren Mercedes,51.0,2003,COU,,,,3,142.0
8,Jarno  Trulli ,ITA,Renault,33.0,2003,TRU,,,,4,88.0
9,Jenson  Button ,GBR,BAR Honda,17.0,2003,BUT,,,,5,26.0
10,Mark  Webber ,AUS,Jaguar Cosworth,17.0,2003,WEB,,,,7,18.0
11,Heinz-Harald  Frentzen ,GER,Sauber Petronas,13.0,2003,FRE,,,,6,19.0
12,Giancarlo  Fisichella ,ITA,Jordan Ford,12.0,2003,FIS,,,,9,13.0
13,Cristiano  da Matta ,BRA,Toyota,10.0,2003,DAM,,,,8,16.0
14,Nick  Heidfeld ,GER,Sauber Petronas,6.0,2003,HEI,,,,6,19.0
15,Olivier  Panis ,FRA,Toyota,6.0,2003,PAN,,,,8,16.0
16,Jacques  Villeneuve ,CAN,BAR Honda,6.0,2003,VIL,,,,5,26.0
17,Marc  Gene ,ESP,Williams BMW,4.0,2003,GEN,,,,2,144.0
18,Takuma  Sato ,JPN,BAR Honda,3.0,2003,SAT,,,,5,26.0
19,Ralph  Firman ,IRL,Jordan Ford,1.0,2003,FIR,,,,9,13.0
20,Justin  Wilson ,GBR,Jaguar Cosworth,1.0,2003,WIL,,,,7,18.0
21,Antonio  Pizzonia ,BRA,Jaguar Cosworth,0.0,2003,PIZ,,,,7,18.0
22,Jos  Verstappen ,NED,Minardi Cosworth,0.0,2003,VER,,,,10,0.0
23,Nicolas  Kiesa ,DEN,Minardi Cosworth,0.0,2003,KIE,,,,10,0.0
24,Zsolt  Baumgartner ,HUN,Jordan Ford,0.0,2003,BAU,,,,9,13.0
1,Michael  Schumacher ,GER,Ferrari,148.0,2004,MSC,Australia,1:24.125,MSC,1,262.0
1,Michael  Schumacher ,GER,Ferrari,148.0,2004,MSC,Bahrain,1:30.252,MSC,1,262.0
1,Michael  Schumacher ,GER,Ferrari,148.0,2004,MSC,San Marino,1:20.411,MSC,1,262.0
1,Michael  Schumacher ,GER,Ferrari,148.0,2004,MSC,Spain,1:17.450,MSC,1,262.0
1,Michael  Schumacher ,GER,Ferrari,148.0,2004,MSC,Monaco,1:14.439,MSC,1,262.0
1,Michael  Schumacher ,GER,Ferrari,148.0,2004,MSC,Europe,1:29.468,MSC,1,262.0
1,Michael  Schumacher ,GER,Ferrari,148.0,2004,MSC,France,1:15.377,MSC,1,262.0
1,Michael  Schumacher ,GER,Ferrari,148.0,2004,MSC,Great Britain,1:18.739,MSC,1,262.0
1,Michael  Schumacher ,GER,Ferrari,148.0,2004,MSC,Hungary,1:19.071,MSC,1,262.0
1,Michael  Schumacher ,GER,Ferrari,148.0,2004,MSC,China,1:32.238,MSC,1,262.0
2,Rubens  Barrichello ,BRA,Ferrari,114.0,2004,BAR,Canada,1:13.622,BAR,1,262.0
2,Rubens  Barrichello ,BRA,Ferrari,114.0,2004,BAR,United States,1:10.399,BAR,1,262.0
2,Rubens  Barrichello ,BRA,Ferrari,114.0,2004,BAR,Italy,1:21.046,BAR,1,262.0
2,Rubens  Barrichello ,BRA,Ferrari,114.0,2004,BAR,Japan,1:32.730,BAR,1,262.0
3,Jenson  Button ,GBR,BAR Honda,85.0,2004,BUT,,,,2,119.0
4,Fernando  Alonso ,ESP,Renault,59.0,2004,ALO,,,,3,105.0
5,Juan Pablo  Montoya ,COL,Williams BMW,58.0,2004,MOY,Malaysia,1:34.223,MOY,4,88.0
5,Juan Pablo  Montoya ,COL,Williams BMW,58.0,2004,MOY,Brazil,1:11.473,MOY,4,88.0
6,Jarno  Trulli ,ITA,Toyota,46.0,2004,TRU,,,,8,9.0
7,Kimi  RÃ¤ikkÃ¶nen ,FIN,McLaren Mercedes,45.0,2004,RAI,Germany,1:13.780,RAI,5,69.0
7,Kimi  RÃ¤ikkÃ¶nen ,FIN,McLaren Mercedes,45.0,2004,RAI,Belgium,1:45.108,RAI,5,69.0
8,Takuma  Sato ,JPN,BAR Honda,34.0,2004,SAT,,,,2,119.0
9,Ralf  Schumacher ,GER,Williams BMW,24.0,2004,RSC,,,,4,88.0
10,David  Coulthard ,GBR,McLaren Mercedes,24.0,2004,COU,,,,5,69.0
11,Giancarlo  Fisichella ,ITA,Sauber Petronas,22.0,2004,FIS,,,,6,34.0
12,Felipe  Massa ,BRA,Sauber Petronas,12.0,2004,MAS,,,,6,34.0
13,Mark  Webber ,AUS,Jaguar Cosworth,7.0,2004,WEB,,,,7,10.0
14,Olivier  Panis ,FRA,Toyota,6.0,2004,PAN,,,,8,9.0
15,Antonio  Pizzonia ,BRA,Williams BMW,6.0,2004,PIZ,,,,4,88.0
16,Christian  Klien ,AUT,Jaguar Cosworth,3.0,2004,KLI,,,,7,10.0
17,Cristiano  da Matta ,BRA,Toyota,3.0,2004,DAM,,,,8,9.0
18,Nick  Heidfeld ,GER,Jordan Ford,3.0,2004,HEI,,,,9,5.0
19,Timo  Glock ,GER,Jordan Ford,2.0,2004,GLO,,,,9,5.0
20,Zsolt  Baumgartner ,HUN,Minardi Cosworth,1.0,2004,BAU,,,,10,1.0
21,Jacques  Villeneuve ,CAN,Renault,0.0,2004,VIL,,,,3,105.0
22,Ricardo  Zonta ,BRA,Toyota,0.0,2004,ZON,,,,8,9.0
23,Marc  Gene ,ESP,Williams BMW,0.0,2004,GEN,,,,4,88.0
24,Giorgio  Pantano ,ITA,Jordan Ford,0.0,2004,PAN,,,,9,5.0
25,Gianmaria  Bruni ,ITA,Minardi Cosworth,0.0,2004,BRU,,,,10,1.0
1,Fernando  Alonso ,ESP,Renault,133.0,2005,ALO,Australia,1:25.683,ALO,1,191.0
1,Fernando  Alonso ,ESP,Renault,133.0,2005,ALO,Europe,1:30.711,ALO,1,191.0
2,Kimi  RÃ¤ikkÃ¶nen ,FIN,McLaren Mercedes,112.0,2005,RAI,Malaysia,1:35.483,RAI,2,182.0
2,Kimi  RÃ¤ikkÃ¶nen ,FIN,McLaren Mercedes,112.0,2005,RAI,Canada,1:14.384,RAI,2,182.0
2,Kimi  RÃ¤ikkÃ¶nen ,FIN,McLaren Mercedes,112.0,2005,RAI,France,1:16.423,RAI,2,182.0
2,Kimi  RÃ¤ikkÃ¶nen ,FIN,McLaren Mercedes,112.0,2005,RAI,Great Britain,1:20.502,RAI,2,182.0
2,Kimi  RÃ¤ikkÃ¶nen ,FIN,McLaren Mercedes,112.0,2005,RAI,Germany,1:14.873,RAI,2,182.0
2,Kimi  RÃ¤ikkÃ¶nen ,FIN,McLaren Mercedes,112.0,2005,RAI,Hungary,1:21.219,RAI,2,182.0
2,Kimi  RÃ¤ikkÃ¶nen ,FIN,McLaren Mercedes,112.0,2005,RAI,Italy,1:21.504,RAI,2,182.0
2,Kimi  RÃ¤ikkÃ¶nen ,FIN,McLaren Mercedes,112.0,2005,RAI,Brazil,1:12.268,RAI,2,182.0
2,Kimi  RÃ¤ikkÃ¶nen ,FIN,McLaren Mercedes,112.0,2005,RAI,Japan,1:31.540,RAI,2,182.0
2,Kimi  RÃ¤ikkÃ¶nen ,FIN,McLaren Mercedes,112.0,2005,RAI,China,1:33.242,RAI,2,182.0
3,Michael  Schumacher ,GER,Ferrari,62.0,2005,MSC,San Marino,1:21.858,MSC,3,100.0
3,Michael  Schumacher ,GER,Ferrari,62.0,2005,MSC,Monaco,1:15.842,MSC,3,100.0
3,Michael  Schumacher ,GER,Ferrari,62.0,2005,MSC,United States,1:11.497,MSC,3,100.0
4,Juan Pablo  Montoya ,COL,McLaren Mercedes,60.0,2005,MOY,Turkey,1:24.770,MOY,2,182.0
5,Giancarlo  Fisichella ,ITA,Renault,58.0,2005,FIS,Spain,1:15.641,FIS,1,191.0
6,Ralf  Schumacher ,GER,Toyota,45.0,2005,RSC,Belgium,1:51.453,RSC,4,88.0
7,Jarno  Trulli ,ITA,Toyota,43.0,2005,TRU,,,,4,88.0
8,Rubens  Barrichello ,BRA,Ferrari,38.0,2005,BAR,,,,3,100.0
9,Jenson  Button ,GBR,BAR Honda,37.0,2005,BUT,,,,6,38.0
10,Mark  Webber ,AUS,Williams BMW,36.0,2005,WEB,,,,5,66.0
11,Nick  Heidfeld ,GER,Williams BMW,28.0,2005,HEI,,,,5,66.0
12,David  Coulthard ,GBR,RBR Cosworth,24.0,2005,COU,,,,7,34.0
13,Felipe  Massa ,BRA,Sauber Petronas,11.0,2005,MAS,,,,8,20.0
14,Jacques  Villeneuve ,CAN,Sauber Petronas,9.0,2005,VIL,,,,8,20.0
15,Christian  Klien ,AUT,RBR Cosworth,9.0,2005,KLI,,,,7,34.0
16,Tiago  Monteiro ,POR,Jordan Toyota,7.0,2005,MON,,,,9,12.0
17,Alexander  Wurz ,AUT,McLaren Mercedes,6.0,2005,WUR,,,,2,182.0
18,Narain  Karthikeyan ,IND,Jordan Toyota,5.0,2005,KAR,,,,9,12.0
19,Christijan  Albers ,NED,Minardi Cosworth,4.0,2005,ALB,,,,10,7.0
20,Pedro  de la Rosa ,ESP,McLaren Mercedes,4.0,2005,DLR,Bahrain,1:31.447,DLR,2,182.0
21,Patrick  Friesacher,AUT,Minardi Cosworth,3.0,2005,FRI,,,,10,7.0
22,Antonio  Pizzonia ,BRA,Williams BMW,2.0,2005,PIZ,,,,5,66.0
23,Takuma  Sato ,JPN,BAR Honda,1.0,2005,SAT,,,,6,38.0
24,Vitantonio  Liuzzi ,ITA,RBR Cosworth,1.0,2005,LIU,,,,7,34.0
25,Robert  Doornbos ,MON,Minardi Cosworth,0.0,2005,DOO,,,,10,7.0
1,Fernando  Alonso ,ESP,Renault,134.0,2006,ALO,Malaysia,1:34.803,ALO,1,206.0
1,Fernando  Alonso ,ESP,Renault,134.0,2006,ALO,San Marino,1:24.569,ALO,1,206.0
1,Fernando  Alonso ,ESP,Renault,134.0,2006,ALO,Great Britain,1:21.599,ALO,1,206.0
1,Fernando  Alonso ,ESP,Renault,134.0,2006,ALO,China,1:37.586,ALO,1,206.0
1,Fernando  Alonso ,ESP,Renault,134.0,2006,ALO,Japan,1:32.676,ALO,1,206.0
2,Michael  Schumacher ,GER,Ferrari,121.0,2006,MSC,Europe,1:32.099,MSC,2,201.0
2,Michael  Schumacher ,GER,Ferrari,121.0,2006,MSC,Monaco,1:15.143,MSC,2,201.0
2,Michael  Schumacher ,GER,Ferrari,121.0,2006,MSC,United States,1:12.719,MSC,2,201.0
2,Michael  Schumacher ,GER,Ferrari,121.0,2006,MSC,France,1:17.111,MSC,2,201.0
2,Michael  Schumacher ,GER,Ferrari,121.0,2006,MSC,Germany,1:16.357,MSC,2,201.0
2,Michael  Schumacher ,GER,Ferrari,121.0,2006,MSC,Turkey,1:28.005,MSC,2,201.0
2,Michael  Schumacher ,GER,Ferrari,121.0,2006,MSC,Brazil,1:12.162,MSC,2,201.0
3,Felipe  Massa ,BRA,Ferrari,80.0,2006,MAS,Spain,1:16.648,MAS,2,201.0
3,Felipe  Massa ,BRA,Ferrari,80.0,2006,MAS,Hungary,1:23.516,MAS,2,201.0
4,Giancarlo  Fisichella ,ITA,Renault,72.0,2006,FIS,,,,1,206.0
5,Kimi  RÃ¤ikkÃ¶nen ,FIN,McLaren Mercedes,65.0,2006,RAI,Australia,1:26.045,RAI,3,110.0
5,Kimi  RÃ¤ikkÃ¶nen ,FIN,McLaren Mercedes,65.0,2006,RAI,Canada,1:15.841,RAI,3,110.0
5,Kimi  RÃ¤ikkÃ¶nen ,FIN,McLaren Mercedes,65.0,2006,RAI,Italy,1:22.559,RAI,3,110.0
6,Jenson  Button ,GBR,Honda,56.0,2006,BUT,,,,4,86.0
7,Rubens  Barrichello ,BRA,Honda,30.0,2006,BAR,,,,4,86.0
8,Juan Pablo  Montoya ,COL,McLaren Mercedes,26.0,2006,MOY,,,,3,110.0
9,Nick  Heidfeld ,GER,Sauber BMW,23.0,2006,HEI,,,,5,36.0
10,Ralf  Schumacher ,GER,Toyota,20.0,2006,RSC,,,,6,35.0
11,Pedro  de la Rosa ,ESP,McLaren Mercedes,19.0,2006,DLR,,,,3,110.0
12,Jarno  Trulli ,ITA,Toyota,15.0,2006,TRU,,,,6,35.0
13,David  Coulthard ,GBR,RBR Ferrari,14.0,2006,COU,,,,7,16.0
14,Mark  Webber ,AUS,Williams Cosworth,7.0,2006,WEB,,,,8,11.0
15,Jacques  Villeneuve ,CAN,Sauber BMW,7.0,2006,VIL,,,,5,36.0
16,Robert  Kubica ,POL,Sauber BMW,6.0,2006,KUB,,,,5,36.0
17,Nico  Rosberg ,GER,Williams Cosworth,4.0,2006,ROS,Bahrain,1:32.408,ROS,8,11.0
18,Christian  Klien ,AUT,RBR Ferrari,2.0,2006,KLI,,,,7,16.0
19,Vitantonio  Liuzzi ,ITA,STR Cosworth,1.0,2006,LIU,,,,9,1.0
20,Scott  Speed ,USA,STR Cosworth,0.0,2006,SPE,,,,9,1.0
21,Tiago  Monteiro ,POR,MF1 Toyota,0.0,2006,MON,,,,10,0.0
22,Christijan  Albers ,NED,MF1 Toyota,0.0,2006,ALB,,,,10,0.0
23,Takuma  Sato ,JPN,Super Aguri Honda,0.0,2006,SAT,,,,11,0.0
24,Robert  Doornbos ,NED,RBR Ferrari,0.0,2006,DOO,,,,7,16.0
25,Yuji  Ide ,JPN,Super Aguri Honda,0.0,2006,IDE,,,,11,0.0
26,Sakon  Yamamoto ,JPN,Super Aguri Honda,0.0,2006,YAM,,,,11,0.0
27,Franck  Montagny ,FRA,Super Aguri Honda,0.0,2006,MON,,,,11,0.0
1,Kimi  RÃ¤ikkÃ¶nen ,FIN,Ferrari,110.0,2007,RAI,Australia,1:25.235,RAI,1,204.0
1,Kimi  RÃ¤ikkÃ¶nen ,FIN,Ferrari,110.0,2007,RAI,United States,1:13.117,RAI,1,204.0
1,Kimi  RÃ¤ikkÃ¶nen ,FIN,Ferrari,110.0,2007,RAI,Great Britain,1:20.638,RAI,1,204.0
1,Kimi  RÃ¤ikkÃ¶nen ,FIN,Ferrari,110.0,2007,RAI,Hungary,1:20.047,RAI,1,204.0
1,Kimi  RÃ¤ikkÃ¶nen ,FIN,Ferrari,110.0,2007,RAI,Turkey,1:27.295,RAI,1,204.0
1,Kimi  RÃ¤ikkÃ¶nen ,FIN,Ferrari,110.0,2007,RAI,Brazil,1:12.445,RAI,1,204.0
2,Lewis  Hamilton ,GBR,McLaren Mercedes,109.0,2007,HAM,Malaysia,1:36.701,HAM,EX,0.0
2,Lewis  Hamilton ,GBR,McLaren Mercedes,109.0,2007,HAM,Japan,1:28.193,HAM,EX,0.0
3,Fernando  Alonso ,ESP,McLaren Mercedes,109.0,2007,ALO,Monaco,1:15.284,ALO,EX,0.0
3,Fernando  Alonso ,ESP,McLaren Mercedes,109.0,2007,ALO,Canada,1:16.367,ALO,EX,0.0
3,Fernando  Alonso ,ESP,McLaren Mercedes,109.0,2007,ALO,Italy,1:22.871,ALO,EX,0.0
4,Felipe  Massa ,BRA,Ferrari,94.0,2007,MAS,Bahrain,1:34.067,MAS,1,204.0
4,Felipe  Massa ,BRA,Ferrari,94.0,2007,MAS,Spain,1:22.680,MAS,1,204.0
4,Felipe  Massa ,BRA,Ferrari,94.0,2007,MAS,France,1:16.099,MAS,1,204.0
4,Felipe  Massa ,BRA,Ferrari,94.0,2007,MAS,Europe,1:32.853,MAS,1,204.0
4,Felipe  Massa ,BRA,Ferrari,94.0,2007,MAS,Belgium,1:48.036,MAS,1,204.0
4,Felipe  Massa ,BRA,Ferrari,94.0,2007,MAS,China,1:37.454,MAS,1,204.0
5,Nick  Heidfeld ,GER,Sauber BMW,61.0,2007,HEI,,,,2,101.0
6,Robert  Kubica ,POL,Sauber BMW,39.0,2007,KUB,,,,2,101.0
7,Heikki  Kovalainen ,FIN,Renault,30.0,2007,KOV,,,,3,51.0
8,Giancarlo  Fisichella ,ITA,Renault,21.0,2007,FIS,,,,3,51.0
9,Nico  Rosberg ,GER,Williams Toyota,20.0,2007,ROS,,,,4,33.0
10,David  Coulthard ,GBR,Red Bull Renault,14.0,2007,COU,,,,5,24.0
11,Alexander  Wurz ,AUT,Williams Toyota,13.0,2007,WUR,,,,4,33.0
12,Mark  Webber ,AUS,Red Bull Renault,10.0,2007,WEB,,,,5,24.0
13,Jarno  Trulli ,ITA,Toyota,8.0,2007,TRU,,,,6,13.0
14,Sebastian  Vettel ,GER,STR Ferrari,6.0,2007,VET,,,,7,8.0
15,Jenson  Button ,GBR,Honda,6.0,2007,BUT,,,,8,6.0
16,Ralf  Schumacher ,GER,Toyota,5.0,2007,RSC,,,,6,13.0
17,Takuma  Sato ,JPN,Super Aguri Honda,4.0,2007,SAT,,,,9,4.0
18,Vitantonio  Liuzzi ,ITA,STR Ferrari,3.0,2007,LIU,,,,7,8.0
19,Adrian  Sutil ,GER,Spyker Ferrari,1.0,2007,SUT,,,,10,1.0
20,Rubens  Barrichello ,BRA,Honda,0.0,2007,BAR,,,,8,6.0
21,Scott  Speed ,USA,STR Ferrari,0.0,2007,SPE,,,,7,8.0
22,Kazuki  Nakajima ,JPN,Williams Toyota,0.0,2007,NAK,,,,4,33.0
23,Anthony  Davidson ,GBR,Super Aguri Honda,0.0,2007,DAV,,,,9,4.0
24,Sakon  Yamamoto ,JPN,Spyker Ferrari,0.0,2007,YAM,,,,10,1.0
25,Christijan  Albers ,NED,Spyker Ferrari,0.0,2007,ALB,,,,10,1.0
1,Lewis  Hamilton ,GBR,McLaren Mercedes,98.0,2008,HAM,China,1:36.325,HAM,2,151.0
2,Felipe  Massa ,BRA,Ferrari,97.0,2008,MAS,Europe,1:38.708,MAS,1,172.0
2,Felipe  Massa ,BRA,Ferrari,97.0,2008,MAS,Japan,1:18.426,MAS,1,172.0
2,Felipe  Massa ,BRA,Ferrari,97.0,2008,MAS,Brazil,1:13.736,MAS,1,172.0
3,Kimi  RÃ¤ikkÃ¶nen ,FIN,Ferrari,75.0,2008,RAI,Spain,1:21.670,RAI,1,172.0
3,Kimi  RÃ¤ikkÃ¶nen ,FIN,Ferrari,75.0,2008,RAI,Turkey,1:26.506,RAI,1,172.0
3,Kimi  RÃ¤ikkÃ¶nen ,FIN,Ferrari,75.0,2008,RAI,Monaco,1:16.689,RAI,1,172.0
3,Kimi  RÃ¤ikkÃ¶nen ,FIN,Ferrari,75.0,2008,RAI,Canada,1:17.387,RAI,1,172.0
3,Kimi  RÃ¤ikkÃ¶nen ,FIN,Ferrari,75.0,2008,RAI,France,1:16.630,RAI,1,172.0
3,Kimi  RÃ¤ikkÃ¶nen ,FIN,Ferrari,75.0,2008,RAI,Great Britain,1:32.150,RAI,1,172.0
3,Kimi  RÃ¤ikkÃ¶nen ,FIN,Ferrari,75.0,2008,RAI,Hungary,1:21.195,RAI,1,172.0
3,Kimi  RÃ¤ikkÃ¶nen ,FIN,Ferrari,75.0,2008,RAI,Belgium,1:47.930,RAI,1,172.0
3,Kimi  RÃ¤ikkÃ¶nen ,FIN,Ferrari,75.0,2008,RAI,Italy,1:28.047,RAI,1,172.0
3,Kimi  RÃ¤ikkÃ¶nen ,FIN,Ferrari,75.0,2008,RAI,Singapore,1:45.599,RAI,1,172.0
4,Robert  Kubica ,POL,Sauber BMW,75.0,2008,KUB,,,,3,135.0
5,Fernando  Alonso ,ESP,Renault,61.0,2008,ALO,,,,4,80.0
6,Nick  Heidfeld ,GER,Sauber BMW,60.0,2008,HEI,Malaysia,1:35.366,HEI,3,135.0
6,Nick  Heidfeld ,GER,Sauber BMW,60.0,2008,HEI,Germany,1:15.987,HEI,3,135.0
7,Heikki  Kovalainen ,FIN,McLaren Mercedes,53.0,2008,KOV,Australia,1:27.418,KOV,2,151.0
7,Heikki  Kovalainen ,FIN,McLaren Mercedes,53.0,2008,KOV,Bahrain,1:33.193,KOV,2,151.0
8,Sebastian  Vettel ,GER,STR Ferrari,35.0,2008,VET,,,,6,39.0
9,Jarno  Trulli ,ITA,Toyota,31.0,2008,TRU,,,,5,56.0
10,Timo  Glock ,GER,Toyota,25.0,2008,GLO,,,,5,56.0
11,Mark  Webber ,AUS,Red Bull Renault,21.0,2008,WEB,,,,7,29.0
12,Nelson  Piquet ,BRA,Renault,19.0,2008,PIQ,,,,4,80.0
13,Nico  Rosberg ,GER,Williams Toyota,17.0,2008,ROS,,,,8,26.0
14,Rubens  Barrichello ,BRA,Honda,11.0,2008,BAR,,,,9,14.0
15,Kazuki  Nakajima ,JPN,Williams Toyota,9.0,2008,NAK,,,,8,26.0
16,David  Coulthard ,GBR,Red Bull Renault,8.0,2008,COU,,,,7,29.0
17,Sebastien  Bourdais ,FRA,STR Ferrari,4.0,2008,BOU,,,,6,39.0
18,Jenson  Button ,GBR,Honda,3.0,2008,BUT,,,,9,14.0
19,Giancarlo  Fisichella ,ITA,Force India Ferrari,0.0,2008,FIS,,,,10,0.0
20,Adrian  Sutil ,GER,Force India Ferrari,0.0,2008,SUT,,,,10,0.0
21,Takuma  Sato ,JPN,Super Aguri Honda,0.0,2008,SAT,,,,11,0.0
22,Anthony  Davidson ,GBR,Super Aguri Honda,0.0,2008,DAV,,,,11,0.0
1,Jenson  Button ,GBR,Brawn Mercedes,95.0,2009,BUT,Malaysia,1:36.641,BUT,1,172.0
1,Jenson  Button ,GBR,Brawn Mercedes,95.0,2009,BUT,Turkey,1:27.579,BUT,1,172.0
2,Sebastian  Vettel ,GER,RBR Renault,84.0,2009,VET,Great Britain,1:20.735,VET,2,153.5
2,Sebastian  Vettel ,GER,RBR Renault,84.0,2009,VET,Belgium,1:47.263,VET,2,153.5
2,Sebastian  Vettel ,GER,RBR Renault,84.0,2009,VET,Abu Dhabi,1:40.279,VET,2,153.5
3,Rubens  Barrichello ,BRA,Brawn Mercedes,77.0,2009,BAR,China,1:52.592,BAR,1,172.0
3,Rubens  Barrichello ,BRA,Brawn Mercedes,77.0,2009,BAR,Spain,1:22.762,BAR,1,172.0
4,Mark  Webber ,AUS,RBR Renault,69.5,2009,WEB,Hungary,1:21.931,WEB,2,153.5
4,Mark  Webber ,AUS,RBR Renault,69.5,2009,WEB,Japan,1:32.569,WEB,2,153.5
4,Mark  Webber ,AUS,RBR Renault,69.5,2009,WEB,Brazil,1:13.733,WEB,2,153.5
5,Lewis  Hamilton ,GBR,McLaren Mercedes,49.0,2009,HAM,,,,3,71.0
6,Kimi  RÃ¤ikkÃ¶nen ,FIN,Ferrari,48.0,2009,RAI,,,,4,70.0
7,Nico  Rosberg ,GER,Williams Toyota,34.5,2009,ROS,Australia,1:27.706,ROS,7,34.5
8,Jarno  Trulli ,ITA,Toyota,32.5,2009,TRU,Bahrain,1:34.556,TRU,5,59.5
9,Fernando  Alonso ,ESP,Renault,26.0,2009,ALO,Germany,1:33.365,ALO,8,26.0
9,Fernando  Alonso ,ESP,Renault,26.0,2009,ALO,Singapore,1:48.240,ALO,8,26.0
10,Timo  Glock ,GER,Toyota,24.0,2009,GLO,Europe,1:38.683,GLO,5,59.5
11,Felipe  Massa ,BRA,Ferrari,22.0,2009,MAS,Monaco,1:15.154,MAS,4,70.0
12,Heikki  Kovalainen ,FIN,McLaren Mercedes,22.0,2009,KOV,,,,3,71.0
13,Nick  Heidfeld ,GER,Sauber BMW,19.0,2009,HEI,,,,6,36.0
14,Robert  Kubica ,POL,Sauber BMW,17.0,2009,KUB,,,,6,36.0
15,Giancarlo  Fisichella ,ITA,Ferrari,8.0,2009,FIS,,,,4,70.0
16,Sebastien  Buemi ,SUI,STR Ferrari,6.0,2009,BUE,,,,10,8.0
17,Adrian  Sutil ,GER,Force India Mercedes,5.0,2009,SUT,Italy,1:24.739,SUT,9,13.0
18,Kamui  Kobayashi ,JPN,Toyota,3.0,2009,KOB,,,,5,59.5
19,Sebastien  Bourdais ,FRA,STR Ferrari,2.0,2009,BOU,,,,10,8.0
20,Kazuki  Nakajima ,JPN,Williams Toyota,0.0,2009,NAK,,,,7,34.5
21,Nelson  Piquet ,BRA,Renault,0.0,2009,PIQ,,,,8,26.0
22,Vitantonio  Liuzzi ,ITA,Force India Mercedes,0.0,2009,LIU,,,,9,13.0
23,Romain  Grosjean ,FRA,Renault,0.0,2009,GRO,,,,8,26.0
24,Jaime  Alguersuari ,ESP,STR Ferrari,0.0,2009,ALG,,,,10,8.0
25,Luca  Badoer ,ITA,Ferrari,0.0,2009,BAD,,,,4,70.0
1,Sebastian  Vettel ,GER,RBR Renault,256.0,2010,VET,Monaco,1:15.192,VET,1,498.0
1,Sebastian  Vettel ,GER,RBR Renault,256.0,2010,VET,Germany,1:15.824,VET,1,498.0
1,Sebastian  Vettel ,GER,RBR Renault,256.0,2010,VET,Hungary,1:22.362,VET,1,498.0
2,Fernando  Alonso ,ESP,Ferrari,252.0,2010,ALO,Bahrain,1:58.287,ALO,3,396.0
2,Fernando  Alonso ,ESP,Ferrari,252.0,2010,ALO,Great Britain,1:30.874,ALO,3,396.0
2,Fernando  Alonso ,ESP,Ferrari,252.0,2010,ALO,Italy,1:24.139,ALO,3,396.0
2,Fernando  Alonso ,ESP,Ferrari,252.0,2010,ALO,Singapore,1:47.976,ALO,3,396.0
2,Fernando  Alonso ,ESP,Ferrari,252.0,2010,ALO,South Korea,1:50.257,ALO,3,396.0
3,Mark  Webber ,AUS,RBR Renault,242.0,2010,WEB,Australia,1:28.358,WEB,1,498.0
3,Mark  Webber ,AUS,RBR Renault,242.0,2010,WEB,Malaysia,1:37.054,WEB,1,498.0
3,Mark  Webber ,AUS,RBR Renault,242.0,2010,WEB,Japan,1:33.474,WEB,1,498.0
4,Lewis  Hamilton ,GBR,McLaren Mercedes,240.0,2010,HAM,China,1:42.061,HAM,2,454.0
4,Lewis  Hamilton ,GBR,McLaren Mercedes,240.0,2010,HAM,Spain,1:24.357,HAM,2,454.0
4,Lewis  Hamilton ,GBR,McLaren Mercedes,240.0,2010,HAM,Belgium,1:49.069,HAM,2,454.0
4,Lewis  Hamilton ,GBR,McLaren Mercedes,240.0,2010,HAM,Brazil,1:13.851,HAM,2,454.0
4,Lewis  Hamilton ,GBR,McLaren Mercedes,240.0,2010,HAM,Abu Dhabi,1:41.274,HAM,2,454.0
5,Jenson  Button ,GBR,McLaren Mercedes,214.0,2010,BUT,Europe,1:38.766,BUT,2,454.0
6,Felipe  Massa ,BRA,Ferrari,144.0,2010,MAS,,,,3,396.0
7,Nico  Rosberg ,GER,Mercedes,142.0,2010,ROS,,,,4,214.0
8,Robert  Kubica ,POL,Renault,136.0,2010,KUB,Canada,1:16.972,KUB,5,163.0
9,Michael  Schumacher ,GER,Mercedes,72.0,2010,MSC,,,,4,214.0
10,Rubens  Barrichello ,BRA,Williams Cosworth,47.0,2010,BAR,,,,6,69.0
11,Adrian  Sutil ,GER,Force India Mercedes,47.0,2010,SUT,,,,7,68.0
12,Kamui  Kobayashi ,JPN,Sauber Ferrari,32.0,2010,KOB,,,,8,44.0
13,Vitaly  Petrov ,RUS,Renault,27.0,2010,PET,Turkey,1:29.165,PET,5,163.0
14,Nico  Hulkenberg ,GER,Williams Cosworth,22.0,2010,HUL,,,,6,69.0
15,Vitantonio  Liuzzi ,ITA,Force India Mercedes,21.0,2010,LIU,,,,7,68.0
16,Sebastien  Buemi ,SUI,STR Ferrari,8.0,2010,BUE,,,,9,13.0
17,Pedro  de la Rosa ,ESP,Sauber Ferrari,6.0,2010,DLR,,,,8,44.0
18,Nick  Heidfeld ,GER,Sauber Ferrari,6.0,2010,HEI,,,,8,44.0
19,Jaime  Alguersuari ,ESP,STR Ferrari,5.0,2010,ALG,,,,9,13.0
20,Heikki  Kovalainen ,FIN,Lotus Cosworth,0.0,2010,KOV,,,,10,0.0
21,Jarno  Trulli ,ITA,Lotus Cosworth,0.0,2010,TRU,,,,10,0.0
22,Karun  Chandhok ,IND,HRT Cosworth,0.0,2010,CHD,,,,11,0.0
23,Bruno  Senna ,BRA,HRT Cosworth,0.0,2010,SEN,,,,11,0.0
24,Lucas  di Grassi ,BRA,Virgin Cosworth,0.0,2010,DIG,,,,12,0.0
25,Timo  Glock ,GER,Virgin Cosworth,0.0,2010,GLO,,,,12,0.0
26,Sakon  Yamamoto ,JPN,HRT Cosworth,0.0,2010,YAM,,,,11,0.0
27,Christian  Klien ,AUT,HRT Cosworth,0.0,2010,KLI,,,,11,0.0
1,Sebastian  Vettel ,GER,Red Bull Racing Renault,392.0,2011,VET,Europe,1:41.852,VET,1,650.0
1,Sebastian  Vettel ,GER,Red Bull Racing Renault,392.0,2011,VET,South Korea,1:39.605,VET,1,650.0
1,Sebastian  Vettel ,GER,Red Bull Racing Renault,392.0,2011,VET,India,1:27.249,VET,1,650.0
2,Jenson  Button ,GBR,McLaren Mercedes,270.0,2011,BUT,Canada,1:16.956,BUT,2,497.0
2,Jenson  Button ,GBR,McLaren Mercedes,270.0,2011,BUT,Singapore,1:48.454,BUT,2,497.0
2,Jenson  Button ,GBR,McLaren Mercedes,270.0,2011,BUT,Japan,1:36.568,BUT,2,497.0
3,Mark  Webber ,AUS,Red Bull Racing Renault,258.0,2011,WEB,Malaysia,1:40.571,WEB,1,650.0
3,Mark  Webber ,AUS,Red Bull Racing Renault,258.0,2011,WEB,China,1:38.993,WEB,1,650.0
3,Mark  Webber ,AUS,Red Bull Racing Renault,258.0,2011,WEB,Turkey,1:29.703,WEB,1,650.0
3,Mark  Webber ,AUS,Red Bull Racing Renault,258.0,2011,WEB,Monaco,1:16.234,WEB,1,650.0
3,Mark  Webber ,AUS,Red Bull Racing Renault,258.0,2011,WEB,Belgium,1:49.883,WEB,1,650.0
3,Mark  Webber ,AUS,Red Bull Racing Renault,258.0,2011,WEB,Abu Dhabi,1:42.612,WEB,1,650.0
3,Mark  Webber ,AUS,Red Bull Racing Renault,258.0,2011,WEB,Brazil,1:15.324,WEB,1,650.0
4,Fernando  Alonso ,ESP,Ferrari,257.0,2011,ALO,Great Britain,1:34.908,ALO,3,375.0
5,Lewis  Hamilton ,GBR,McLaren Mercedes,227.0,2011,HAM,Spain,1:26.727,HAM,2,497.0
5,Lewis  Hamilton ,GBR,McLaren Mercedes,227.0,2011,HAM,Germany,1:34.302,HAM,2,497.0
5,Lewis  Hamilton ,GBR,McLaren Mercedes,227.0,2011,HAM,Italy,1:26.187,HAM,2,497.0
6,Felipe  Massa ,BRA,Ferrari,118.0,2011,MAS,Australia,1:28.947,MAS,3,375.0
6,Felipe  Massa ,BRA,Ferrari,118.0,2011,MAS,Hungary,1:23.415,MAS,3,375.0
7,Nico  Rosberg ,GER,Mercedes,89.0,2011,ROS,,,,4,165.0
8,Michael  Schumacher ,GER,Mercedes,76.0,2011,MSC,,,,4,165.0
9,Adrian  Sutil ,GER,Force India Mercedes,42.0,2011,SUT,,,,6,69.0
10,Vitaly  Petrov ,RUS,Renault,37.0,2011,PET,,,,5,73.0
11,Nick  Heidfeld ,GER,Renault,34.0,2011,HEI,,,,5,73.0
12,Kamui  Kobayashi ,JPN,Sauber Ferrari,30.0,2011,KOB,,,,7,44.0
13,Paul  di Resta ,GBR,Force India Mercedes,27.0,2011,DIR,,,,6,69.0
14,Jaime  Alguersuari ,ESP,STR Ferrari,26.0,2011,ALG,,,,8,41.0
15,Sebastien  Buemi ,SUI,STR Ferrari,15.0,2011,BUE,,,,8,41.0
16,Sergio  Perez ,MEX,Sauber Ferrari,14.0,2011,PER,,,,7,44.0
17,Rubens  Barrichello ,BRA,Williams Cosworth,4.0,2011,BAR,,,,9,5.0
18,Bruno  Senna ,BRA,Renault,2.0,2011,SEN,,,,5,73.0
19,Pastor  Maldonado ,VEN,Williams Cosworth,1.0,2011,MAL,,,,9,5.0
20,Pedro  de la Rosa ,ESP,Sauber Ferrari,0.0,2011,DLR,,,,7,44.0
21,Jarno  Trulli ,ITA,Lotus Renault,0.0,2011,TRU,,,,10,0.0
22,Heikki  Kovalainen ,FIN,Lotus Renault,0.0,2011,KOV,,,,10,0.0
23,Vitantonio  Liuzzi ,ITA,HRT Cosworth,0.0,2011,LIU,,,,11,0.0
24,Jerome  d'Ambrosio ,BEL,Virgin Cosworth,0.0,2011,DAM,,,,12,0.0
25,Timo  Glock ,GER,Virgin Cosworth,0.0,2011,GLO,,,,12,0.0
26,Narain  Karthikeyan ,IND,HRT Cosworth,0.0,2011,KAR,,,,11,0.0
27,Daniel  Ricciardo ,AUS,HRT Cosworth,0.0,2011,RIC,,,,11,0.0
28,Karun  Chandhok ,IND,Lotus Renault,0.0,2011,CHD,,,,10,0.0
1,Sebastian  Vettel ,GER,Red Bull Racing Renault,281.0,2012,VET,Bahrain,1:36.379,VET,1,460.0
1,Sebastian  Vettel ,GER,Red Bull Racing Renault,281.0,2012,VET,Canada,1:15.752,VET,1,460.0
1,Sebastian  Vettel ,GER,Red Bull Racing Renault,281.0,2012,VET,Hungary,1:24.136,VET,1,460.0
1,Sebastian  Vettel ,GER,Red Bull Racing Renault,281.0,2012,VET,Japan,1:35.774,VET,1,460.0
1,Sebastian  Vettel ,GER,Red Bull Racing Renault,281.0,2012,VET,Abu Dhabi,1:43.964,VET,1,460.0
1,Sebastian  Vettel ,GER,Red Bull Racing Renault,281.0,2012,VET,United States,1:39.347,VET,1,460.0
2,Fernando  Alonso ,ESP,Ferrari,278.0,2012,ALO,,,,2,400.0
3,Kimi  RÃ¤ikkÃ¶nen ,FIN,Lotus Renault,207.0,2012,RAI,Malaysia,1:40.722,RAI,4,303.0
3,Kimi  RÃ¤ikkÃ¶nen ,FIN,Lotus Renault,207.0,2012,RAI,Great Britain,1:34.661,RAI,4,303.0
4,Lewis  Hamilton ,GBR,McLaren Mercedes,190.0,2012,HAM,Brazil,1:18.069,HAM,3,378.0
5,Jenson  Button ,GBR,McLaren Mercedes,188.0,2012,BUT,Australia,1:29.187,BUT,3,378.0
5,Jenson  Button ,GBR,McLaren Mercedes,188.0,2012,BUT,India,1:28.203,BUT,3,378.0
6,Mark  Webber ,AUS,Red Bull Racing Renault,179.0,2012,WEB,South Korea,1:42.037,WEB,1,460.0
7,Felipe  Massa ,BRA,Ferrari,122.0,2012,MAS,,,,2,400.0
8,Romain  Grosjean ,FRA,Lotus Renault,96.0,2012,GRO,Spain,1:26.250,GRO,4,303.0
9,Nico  Rosberg ,GER,Mercedes,93.0,2012,ROS,Europe,1:42.163,ROS,5,142.0
9,Nico  Rosberg ,GER,Mercedes,93.0,2012,ROS,Italy,1:27.239,ROS,5,142.0
10,Sergio  Perez ,MEX,Sauber Ferrari,66.0,2012,PER,Monaco,1:17.296,PER,6,126.0
11,Nico  Hulkenberg ,GER,Force India Mercedes,63.0,2012,HUL,Singapore,1:51.033,HUL,7,109.0
12,Kamui  Kobayashi ,JPN,Sauber Ferrari,60.0,2012,KOB,China,1:39.960,KOB,6,126.0
13,Michael  Schumacher ,GER,Mercedes,49.0,2012,MSC,Germany,1:18.725,MSC,5,142.0
14,Paul  di Resta ,GBR,Force India Mercedes,46.0,2012,DIR,,,,7,109.0
15,Pastor  Maldonado ,VEN,Williams Renault,45.0,2012,MAL,,,,8,76.0
16,Bruno  Senna ,BRA,Williams Renault,31.0,2012,SEN,Belgium,1:52.822,SEN,8,76.0
17,Jean-Eric  Vergne ,FRA,STR Ferrari,16.0,2012,VER,,,,9,26.0
18,Daniel  Ricciardo ,AUS,STR Ferrari,10.0,2012,RIC,,,,9,26.0
19,Vitaly  Petrov ,RUS,Caterham Renault,0.0,2012,PET,,,,10,0.0
20,Timo  Glock ,GER,Marussia Cosworth,0.0,2012,GLO,,,,11,0.0
21,Charles  Pic ,FRA,Marussia Cosworth,0.0,2012,PIC,,,,11,0.0
22,Heikki  Kovalainen ,FIN,Caterham Renault,0.0,2012,KOV,,,,10,0.0
23,Jerome  d'Ambrosio ,BEL,Lotus Renault,0.0,2012,DAM,,,,4,303.0
24,Narain  Karthikeyan ,IND,HRT Cosworth,0.0,2012,KAR,,,,12,0.0
25,Pedro  de la Rosa ,ESP,HRT Cosworth,0.0,2012,DLR,,,,12,0.0
1,Sebastian  Vettel ,GER,Red Bull Racing Renault,397.0,2013,VET,China,1:36.808,VET,1,596.0
1,Sebastian  Vettel ,GER,Red Bull Racing Renault,397.0,2013,VET,Bahrain,1:36.961,VET,1,596.0
1,Sebastian  Vettel ,GER,Red Bull Racing Renault,397.0,2013,VET,Monaco,1:16.577,VET,1,596.0
1,Sebastian  Vettel ,GER,Red Bull Racing Renault,397.0,2013,VET,Belgium,1:50.756,VET,1,596.0
1,Sebastian  Vettel ,GER,Red Bull Racing Renault,397.0,2013,VET,Singapore,1:48.574,VET,1,596.0
1,Sebastian  Vettel ,GER,Red Bull Racing Renault,397.0,2013,VET,South Korea,1:41.380,VET,1,596.0
1,Sebastian  Vettel ,GER,Red Bull Racing Renault,397.0,2013,VET,United States,1:39.856,VET,1,596.0
2,Fernando  Alonso ,ESP,Ferrari,242.0,2013,ALO,Germany,1:33.468,ALO,3,354.0
2,Fernando  Alonso ,ESP,Ferrari,242.0,2013,ALO,Abu Dhabi,1:43.434,ALO,3,354.0
3,Mark  Webber ,AUS,Red Bull Racing Renault,199.0,2013,WEB,Canada,1:16.182,WEB,1,596.0
3,Mark  Webber ,AUS,Red Bull Racing Renault,199.0,2013,WEB,Great Britain,1:33.401,WEB,1,596.0
3,Mark  Webber ,AUS,Red Bull Racing Renault,199.0,2013,WEB,Hungary,1:24.069,WEB,1,596.0
3,Mark  Webber ,AUS,Red Bull Racing Renault,199.0,2013,WEB,Japan,1:34.587,WEB,1,596.0
3,Mark  Webber ,AUS,Red Bull Racing Renault,199.0,2013,WEB,Brazil,1:15.436,WEB,1,596.0
4,Lewis  Hamilton ,GBR,Mercedes,189.0,2013,HAM,Italy,1:25.849,HAM,2,360.0
5,Kimi  RÃ¤ikkÃ¶nen ,FIN,Lotus Renault,183.0,2013,RAI,Australia,1:29.274,RAI,4,315.0
5,Kimi  RÃ¤ikkÃ¶nen ,FIN,Lotus Renault,183.0,2013,RAI,India,1:27.679,RAI,4,315.0
6,Nico  Rosberg ,GER,Mercedes,171.0,2013,ROS,,,,2,360.0
7,Romain  Grosjean ,FRA,Lotus Renault,132.0,2013,GRO,,,,4,315.0
8,Felipe  Massa ,BRA,Ferrari,112.0,2013,MAS,,,,3,354.0
9,Jenson  Button ,GBR,McLaren Mercedes,73.0,2013,BUT,,,,5,122.0
10,Nico  Hulkenberg ,GER,Sauber Ferrari,51.0,2013,HUL,,,,7,57.0
11,Sergio  Perez ,MEX,McLaren Mercedes,49.0,2013,PER,Malaysia,1:39.199,PER,5,122.0
12,Paul  di Resta ,GBR,Force India Mercedes,48.0,2013,DIR,,,,6,77.0
13,Adrian  Sutil ,GER,Force India Mercedes,29.0,2013,SUT,,,,6,77.0
14,Daniel  Ricciardo ,AUS,STR Ferrari,20.0,2013,RIC,,,,8,33.0
15,Jean-Eric  Vergne ,FRA,STR Ferrari,13.0,2013,VER,,,,8,33.0
16,Esteban  Gutierrez,MEX,Sauber Ferrari,6.0,2013,GUT,Spain,1:26.217,GUT,7,57.0
17,Valtteri Bottas ,FIN,Williams Renault,4.0,2013,BOT,,,,9,5.0
18,Pastor  Maldonado ,VEN,Williams Renault,1.0,2013,MAL,,,,9,5.0
19,Jules  Bianchi ,FRA,Marussia Cosworth,0.0,2013,BIA,,,,10,0.0
20,Charles  Pic ,FRA,Caterham Renault,0.0,2013,PIC,,,,11,0.0
21,Heikki  Kovalainen ,FIN,Lotus Renault,0.0,2013,KOV,,,,4,315.0
22,Giedo  van der Garde ,NED,Caterham Renault,0.0,2013,VDG,,,,11,0.0
23,Max  Chilton ,GBR,Marussia Cosworth,0.0,2013,CHI,,,,10,0.0
1,Lewis  Hamilton ,GBR,Mercedes,384.0,2014,HAM,Malaysia,1:43.066,HAM,1,701.0
1,Lewis  Hamilton ,GBR,Mercedes,384.0,2014,HAM,Great Britain,1:37.176,HAM,1,701.0
1,Lewis  Hamilton ,GBR,Mercedes,384.0,2014,HAM,Germany,1:19.908,HAM,1,701.0
1,Lewis  Hamilton ,GBR,Mercedes,384.0,2014,HAM,Italy,1:28.004,HAM,1,701.0
1,Lewis  Hamilton ,GBR,Mercedes,384.0,2014,HAM,Singapore,1:50.417,HAM,1,701.0
1,Lewis  Hamilton ,GBR,Mercedes,384.0,2014,HAM,Japan,1:51.600,HAM,1,701.0
1,Lewis  Hamilton ,GBR,Mercedes,384.0,2014,HAM,Brazil,1:13.555,HAM,1,701.0
2,Nico  Rosberg ,GER,Mercedes,317.0,2014,ROS,Australia,1:32.478,ROS,1,701.0
2,Nico  Rosberg ,GER,Mercedes,317.0,2014,ROS,Bahrain,1:37.020,ROS,1,701.0
2,Nico  Rosberg ,GER,Mercedes,317.0,2014,ROS,China,1:40.402,ROS,1,701.0
2,Nico  Rosberg ,GER,Mercedes,317.0,2014,ROS,Hungary,1:25.724,ROS,1,701.0
2,Nico  Rosberg ,GER,Mercedes,317.0,2014,ROS,Belgium,1:50.511,ROS,1,701.0
3,Daniel  Ricciardo ,AUS,Red Bull Racing Renault,238.0,2014,RIC,Abu Dhabi,1:44.496,RIC,2,405.0
4,Valtteri Bottas ,FIN,Williams Mercedes,186.0,2014,BOT,,,,3,320.0
5,Sebastian  Vettel ,GER,Red Bull Racing Renault,167.0,2014,VET,Spain,1:28.918,VET,2,405.0
5,Sebastian  Vettel ,GER,Red Bull Racing Renault,167.0,2014,VET,United States,1:41.379,VET,2,405.0
6,Fernando  Alonso ,ESP,Ferrari,161.0,2014,ALO,,,,4,216.0
7,Felipe  Massa ,BRA,Williams Mercedes,134.0,2014,MAS,Canada,1:18.504,MAS,3,320.0
8,Jenson  Button ,GBR,McLaren Mercedes,126.0,2014,BUT,,,,5,181.0
9,Nico  Hulkenberg ,GER,Force India Mercedes,96.0,2014,HUL,,,,6,155.0
10,Sergio  Perez ,MEX,Force India Mercedes,59.0,2014,PER,Austria,1:12.142,PER,6,155.0
11,Kevin  Magnussen ,DEN,McLaren Mercedes,55.0,2014,MAG,,,,5,181.0
12,Kimi  RÃ¤ikkÃ¶nen ,FIN,Ferrari,55.0,2014,RAI,Monaco,1:18.479,RAI,4,216.0
13,Jean-Eric  Vergne ,FRA,STR Renault,22.0,2014,VER,,,,7,30.0
14,Romain  Grosjean ,FRA,Lotus Renault,8.0,2014,GRO,,,,8,10.0
15,Daniil  Kvyat ,RUS,STR Renault,8.0,2014,KVY,,,,7,30.0
16,Pastor  Maldonado ,VEN,Lotus Renault,2.0,2014,MAL,,,,8,10.0
17,Jules  Bianchi ,FRA,Marussia Ferrari,2.0,2014,BIA,,,,9,2.0
18,Adrian  Sutil ,GER,Sauber Ferrari,0.0,2014,SUT,,,,10,0.0
19,Marcus  Ericsson ,SWE,Caterham Renault,0.0,2014,ERI,,,,11,0.0
20,Esteban  Gutierrez,MEX,Sauber Ferrari,0.0,2014,GUT,,,,10,0.0
21,Max  Chilton ,GBR,Marussia Ferrari,0.0,2014,CHI,,,,9,2.0
22,Kamui  Kobayashi ,JPN,Caterham Renault,0.0,2014,KOB,,,,11,0.0
23,Will  Stevens ,GBR,Caterham Renault,0.0,2014,STE,,,,11,0.0
1,Lewis  Hamilton ,GBR,Mercedes,381.0,2015,HAM,Australia,1:30.945,HAM,1,703.0
1,Lewis  Hamilton ,GBR,Mercedes,381.0,2015,HAM,China,1:42.208,HAM,1,703.0
1,Lewis  Hamilton ,GBR,Mercedes,381.0,2015,HAM,Spain,1:28.270,HAM,1,703.0
1,Lewis  Hamilton ,GBR,Mercedes,381.0,2015,HAM,Great Britain,1:37.093,HAM,1,703.0
1,Lewis  Hamilton ,GBR,Mercedes,381.0,2015,HAM,Italy,1:26.672,HAM,1,703.0
1,Lewis  Hamilton ,GBR,Mercedes,381.0,2015,HAM,Japan,1:36.145,HAM,1,703.0
1,Lewis  Hamilton ,GBR,Mercedes,381.0,2015,HAM,Brazil,1:14.832,HAM,1,703.0
1,Lewis  Hamilton ,GBR,Mercedes,381.0,2015,HAM,Abu Dhabi,1:44.517,HAM,1,703.0
2,Nico  Rosberg ,GER,Mercedes,322.0,2015,ROS,Malaysia,1:42.062,ROS,1,703.0
2,Nico  Rosberg ,GER,Mercedes,322.0,2015,ROS,Austria,1:11.235,ROS,1,703.0
2,Nico  Rosberg ,GER,Mercedes,322.0,2015,ROS,Belgium,1:52.416,ROS,1,703.0
2,Nico  Rosberg ,GER,Mercedes,322.0,2015,ROS,United States,1:40.666,ROS,1,703.0
2,Nico  Rosberg ,GER,Mercedes,322.0,2015,ROS,Mexico,1:20.521,ROS,1,703.0
3,Sebastian  Vettel ,GER,Ferrari,278.0,2015,VET,Russia,1:40.071,VET,2,428.0
4,Kimi  RÃ¤ikkÃ¶nen ,FIN,Ferrari,150.0,2015,RAI,Bahrain,1:36.311,RAI,2,428.0
4,Kimi  RÃ¤ikkÃ¶nen ,FIN,Ferrari,150.0,2015,RAI,Canada,1:16.987,RAI,2,428.0
5,Valtteri Bottas ,FIN,Williams Mercedes,136.0,2015,BOT,,,,3,257.0
6,Felipe  Massa ,BRA,Williams Mercedes,121.0,2015,MAS,,,,3,257.0
7,Daniil  Kvyat ,RUS,Red Bull Racing Renault,95.0,2015,KVY,,,,4,187.0
8,Daniel  Ricciardo ,AUS,Red Bull Racing Renault,92.0,2015,RIC,Monaco,1:18.063,RIC,4,187.0
8,Daniel  Ricciardo ,AUS,Red Bull Racing Renault,92.0,2015,RIC,Hungary,1:24.821,RIC,4,187.0
8,Daniel  Ricciardo ,AUS,Red Bull Racing Renault,92.0,2015,RIC,Singapore,1:50.041,RIC,4,187.0
9,Sergio  Perez ,MEX,Force India Mercedes,78.0,2015,PER,,,,5,136.0
10,Nico  Hulkenberg ,GER,Force India Mercedes,58.0,2015,HUL,,,,5,136.0
11,Romain  Grosjean ,FRA,Lotus Mercedes,51.0,2015,GRO,,,,6,78.0
12,Max  Verstappen ,NED,STR Renault,49.0,2015,VES,,,,7,67.0
13,Felipe  Nasr ,BRA,Sauber Ferrari,27.0,2015,NAS,,,,8,36.0
14,Pastor  Maldonado ,VEN,Lotus Mercedes,27.0,2015,MAL,,,,6,78.0
15,Carlos  Sainz ,ESP,STR Renault,18.0,2015,SAI,,,,7,67.0
16,Jenson  Button ,GBR,McLaren Honda,16.0,2015,BUT,,,,9,27.0
17,Fernando  Alonso ,ESP,McLaren Honda,11.0,2015,ALO,,,,9,27.0
18,Marcus  Ericsson ,SWE,Sauber Ferrari,9.0,2015,ERI,,,,8,36.0
19,Roberto  Merhi ,ESP,Marussia Ferrari,0.0,2015,MER,,,,10,0.0
20,Alexander  Rossi ,USA,Marussia Ferrari,0.0,2015,RSI,,,,10,0.0
21,Will  Stevens ,GBR,Marussia Ferrari,0.0,2015,STE,,,,10,0.0
1,Nico  Rosberg ,GER,Mercedes,385.0,2016,ROS,Bahrain,1:34.482,ROS,1,765.0
1,Nico  Rosberg ,GER,Mercedes,385.0,2016,ROS,Russia,1:39.094,ROS,1,765.0
1,Nico  Rosberg ,GER,Mercedes,385.0,2016,ROS,Canada,1:15.599,ROS,1,765.0
1,Nico  Rosberg ,GER,Mercedes,385.0,2016,ROS,Europe,1:46.485,ROS,1,765.0
1,Nico  Rosberg ,GER,Mercedes,385.0,2016,ROS,Great Britain,1:35.548,ROS,1,765.0
1,Nico  Rosberg ,GER,Mercedes,385.0,2016,ROS,Malaysia,1:36.424,ROS,1,765.0
2,Lewis  Hamilton ,GBR,Mercedes,380.0,2016,HAM,Monaco,1:17.939,HAM,1,765.0
2,Lewis  Hamilton ,GBR,Mercedes,380.0,2016,HAM,Austria,1:08.411,HAM,1,765.0
2,Lewis  Hamilton ,GBR,Mercedes,380.0,2016,HAM,Belgium,1:51.583,HAM,1,765.0
3,Daniel  Ricciardo ,AUS,Red Bull Racing TAG Heuer,256.0,2016,RIC,Australia,1:28.997,RIC,2,468.0
3,Daniel  Ricciardo ,AUS,Red Bull Racing TAG Heuer,256.0,2016,RIC,Germany,1:18.442,RIC,2,468.0
3,Daniel  Ricciardo ,AUS,Red Bull Racing TAG Heuer,256.0,2016,RIC,Singapore,1:47.187,RIC,2,468.0
3,Daniel  Ricciardo ,AUS,Red Bull Racing TAG Heuer,256.0,2016,RIC,Mexico,1:21.134,RIC,2,468.0
4,Sebastian  Vettel ,GER,Ferrari,212.0,2016,VET,Japan,1:35.118,VET,3,398.0
4,Sebastian  Vettel ,GER,Ferrari,212.0,2016,VET,United States,1:39.877,VET,3,398.0
4,Sebastian  Vettel ,GER,Ferrari,212.0,2016,VET,Abu Dhabi,1:43.729,VET,3,398.0
5,Max  Verstappen ,NED,Red Bull Racing TAG Heuer,204.0,2016,VES,Brazil,1:25.305,VER,2,468.0
6,Kimi  RÃ¤ikkÃ¶nen ,FIN,Ferrari,186.0,2016,RAI,Hungary,1:23.086,RAI,3,398.0
7,Sergio  Perez ,MEX,Force India Mercedes,101.0,2016,PER,,,,4,173.0
8,Valtteri Bottas ,FIN,Williams Mercedes,85.0,2016,BOT,,,,5,138.0
9,Nico  Hulkenberg ,GER,Force India Mercedes,72.0,2016,HUL,China,1:39.824,HUL,4,173.0
10,Fernando  Alonso ,ESP,McLaren Honda,54.0,2016,ALO,Italy,1:25.340,ALO,6,76.0
11,Felipe  Massa ,BRA,Williams Mercedes,53.0,2016,MAS,,,,5,138.0
12,Carlos  Sainz ,ESP,Toro Rosso Ferrari,46.0,2016,SAI,,,,7,63.0
13,Romain  Grosjean ,FRA,Haas Ferrari,29.0,2016,GRO,,,,8,29.0
14,Daniil  Kvyat ,RUS,Toro Rosso Ferrari,25.0,2016,KVY,Spain,1:26.948,KVY,7,63.0
15,Jenson  Button ,GBR,McLaren Honda,21.0,2016,BUT,,,,6,76.0
16,Kevin  Magnussen ,DEN,Renault,7.0,2016,MAG,,,,9,8.0
17,Felipe  Nasr ,BRA,Sauber Ferrari,2.0,2016,NAS,,,,10,2.0
18,Jolyon  Palmer ,GBR,Renault,1.0,2016,PAL,,,,9,8.0
19,Pascal  Wehrlein ,GER,MRT Mercedes,1.0,2016,WEH,,,,11,1.0
20,Stoffel  Vandoorne ,BEL,McLaren Honda,1.0,2016,VAN,,,,6,76.0
21,Esteban  Gutierrez,MEX,Haas Ferrari,0.0,2016,GUT,,,,8,29.0
22,Marcus  Ericsson ,SWE,Sauber Ferrari,0.0,2016,ERI,,,,10,2.0
23,Esteban  Ocon ,FRA,MRT Mercedes,0.0,2016,OCO,,,,11,1.0
24,Rio  Haryanto ,INA,MRT Mercedes,0.0,2016,HAR,,,,11,1.0
1,Lewis  Hamilton ,GBR,Mercedes,363.0,2017,HAM,China,1:35.378,HAM,1,668.0
1,Lewis  Hamilton ,GBR,Mercedes,363.0,2017,HAM,Bahrain,1:32.798,HAM,1,668.0
1,Lewis  Hamilton ,GBR,Mercedes,363.0,2017,HAM,Spain,1:23.593,HAM,1,668.0
1,Lewis  Hamilton ,GBR,Mercedes,363.0,2017,HAM,Canada,1:14.551,HAM,1,668.0
1,Lewis  Hamilton ,GBR,Mercedes,363.0,2017,HAM,Austria,1:07.411,HAM,1,668.0
1,Lewis  Hamilton ,GBR,Mercedes,363.0,2017,HAM,Great Britain,1:30.621,HAM,1,668.0
1,Lewis  Hamilton ,GBR,Mercedes,363.0,2017,HAM,Singapore,1:45.008,HAM,1,668.0
2,Sebastian  Vettel ,GER,Ferrari,317.0,2017,VET,Azerbaijan,1:43.441,VET,2,522.0
2,Sebastian  Vettel ,GER,Ferrari,317.0,2017,VET,Belgium,1:46.577,VET,2,522.0
2,Sebastian  Vettel ,GER,Ferrari,317.0,2017,VET,Malaysia,1:34.080,VET,2,522.0
2,Sebastian  Vettel ,GER,Ferrari,317.0,2017,VET,United States,1:37.766,VET,2,522.0
2,Sebastian  Vettel ,GER,Ferrari,317.0,2017,VET,Mexico,1:18.785,VET,2,522.0
3,Valtteri Bottas ,FIN,Mercedes,305.0,2017,BOT,,,,1,668.0
4,Kimi  RÃ¤ikkÃ¶nen ,FIN,Ferrari,205.0,2017,RAI,Australia,1:26.538,RAI,2,522.0
4,Kimi  RÃ¤ikkÃ¶nen ,FIN,Ferrari,205.0,2017,RAI,Russia,1:36.844,RAI,2,522.0
5,Daniel  Ricciardo ,AUS,Red Bull Racing TAG Heuer,200.0,2017,RIC,Italy,1:23.361,RIC,3,368.0
6,Max  Verstappen ,NED,Red Bull Racing TAG Heuer,168.0,2017,VER,Brazil,1:11.044,VER,3,368.0
7,Sergio  Perez ,MEX,Force India Mercedes,100.0,2017,PER,Monaco,1:14.820,PER,4,187.0
8,Esteban  Ocon ,FRA,Force India Mercedes,87.0,2017,OCO,,,,4,187.0
9,Carlos  Sainz ,ESP,Renault,54.0,2017,SAI,,,,6,57.0
10,Nico  Hulkenberg ,GER,Renault,43.0,2017,HUL,,,,6,57.0
11,Felipe  Massa ,BRA,Williams Mercedes,43.0,2017,MAS,,,,5,83.0
12,Lance  Stroll ,CAN,Williams Mercedes,40.0,2017,STR,,,,5,83.0
13,Romain  Grosjean ,FRA,Haas Ferrari,28.0,2017,GRO,,,,8,47.0
14,Kevin  Magnussen ,DEN,Haas Ferrari,19.0,2017,MAG,,,,8,47.0
15,Fernando  Alonso ,ESP,McLaren Honda,17.0,2017,ALO,Hungary,1:20.182,ALO,9,30.0
16,Stoffel  Vandoorne ,BEL,McLaren Honda,13.0,2017,VAN,,,,9,30.0
17,Jolyon  Palmer ,GBR,Renault,8.0,2017,PAL,,,,6,57.0
18,Pascal  Wehrlein ,GER,Sauber Ferrari,5.0,2017,WEH,,,,10,5.0
19,Daniil  Kvyat ,RUS,Toro Rosso,5.0,2017,KVY,,,,7,53.0
20,Marcus  Ericsson ,SWE,Sauber Ferrari,0.0,2017,ERI,,,,10,5.0
21,Pierre  Gasly ,FRA,Toro Rosso,0.0,2017,GAS,,,,7,53.0
22,Antonio  Giovinazzi ,ITA,Sauber Ferrari,0.0,2017,GIO,,,,10,5.0
23,Brendon  Hartley ,NZL,Toro Rosso,0.0,2017,HAR,,,,7,53.0
1,Lewis  Hamilton ,GBR,Mercedes,408.0,2018,HAM,Germany,1:15.545,HAM,1,655.0
1,Lewis  Hamilton ,GBR,Mercedes,408.0,2018,HAM,Italy,1:22.497,HAM,1,655.0
1,Lewis  Hamilton ,GBR,Mercedes,408.0,2018,HAM,United States,1:37.392,HAM,1,655.0
2,Sebastian  Vettel ,GER,Ferrari,320.0,2018,VET,Great Britain,1:30.696,VET,2,571.0
2,Sebastian  Vettel ,GER,Ferrari,320.0,2018,VET,Japan,1:32.318,VET,2,571.0
2,Sebastian  Vettel ,GER,Ferrari,320.0,2018,VET,Abu Dhabi,1:40.867,VET,2,571.0
3,Kimi  RÃ¤ikkÃ¶nen ,FIN,Ferrari,251.0,2018,RAI,Austria,1:06.957,RAI,2,571.0
4,Max  Verstappen ,NED,Red Bull Racing TAG Heuer,249.0,2018,VER,Monaco,1:14.260,VER,3,419.0
4,Max  Verstappen ,NED,Red Bull Racing TAG Heuer,249.0,2018,VER,Canada,1:13.864,VER,3,419.0
5,Valtteri  Bottas ,FIN,Mercedes,247.0,2018,BOT,Bahrain,1:33.740,BOT,1,655.0
5,Valtteri  Bottas ,FIN,Mercedes,247.0,2018,BOT,Azerbaijan,1:45.149,BOT,1,655.0
5,Valtteri  Bottas ,FIN,Mercedes,247.0,2018,BOT,France,1:34.225,BOT,1,655.0
5,Valtteri  Bottas ,FIN,Mercedes,247.0,2018,BOT,Belgium,1:46.286,BOT,1,655.0
5,Valtteri  Bottas ,FIN,Mercedes,247.0,2018,BOT,Russia,1:35.861,BOT,1,655.0
5,Valtteri  Bottas ,FIN,Mercedes,247.0,2018,BOT,Mexico,1:18.741,BOT,1,655.0
5,Valtteri  Bottas ,FIN,Mercedes,247.0,2018,BOT,Brazil,1:10.540,BOT,1,655.0
6,Daniel  Ricciardo ,AUS,Red Bull Racing TAG Heuer,170.0,2018,RIC,Australia,1:25.945,RIC,3,419.0
6,Daniel  Ricciardo ,AUS,Red Bull Racing TAG Heuer,170.0,2018,RIC,China,1:35.785,RIC,3,419.0
6,Daniel  Ricciardo ,AUS,Red Bull Racing TAG Heuer,170.0,2018,RIC,Spain,1:18.441,RIC,3,419.0
6,Daniel  Ricciardo ,AUS,Red Bull Racing TAG Heuer,170.0,2018,RIC,Hungary,1:20.012,RIC,3,419.0
7,Nico  Hulkenberg ,GER,Renault,69.0,2018,HUL,,,,4,122.0
8,Sergio  Perez ,MEX,Force India Mercedes,62.0,2018,PER,,,,7,52.0
9,Kevin  Magnussen ,DEN,Haas Ferrari,56.0,2018,MAG,Singapore,1:41.905,MAG,5,93.0
10,Carlos  Sainz ,ESP,Renault,53.0,2018,SAI,,,,4,122.0
11,Fernando  Alonso ,ESP,McLaren Renault,50.0,2018,ALO,,,,6,62.0
12,Esteban  Ocon ,FRA,Force India Mercedes,49.0,2018,OCO,,,,7,52.0
13,Charles  Leclerc ,MON,Sauber Ferrari,39.0,2018,LEC,,,,8,48.0
14,Romain  Grosjean ,FRA,Haas Ferrari,37.0,2018,GRO,,,,5,93.0
15,Pierre  Gasly ,FRA,Scuderia Toro Rosso Honda,29.0,2018,GAS,,,,9,33.0
16,Stoffel  Vandoorne ,BEL,McLaren Renault,12.0,2018,VAN,,,,6,62.0
17,Marcus  Ericsson ,SWE,Sauber Ferrari,9.0,2018,ERI,,,,8,48.0
18,Lance  Stroll ,CAN,Williams Mercedes,6.0,2018,STR,,,,10,7.0
19,Brendon  Hartley ,NZL,Scuderia Toro Rosso Honda,4.0,2018,HAR,,,,9,33.0
20,Sergey  Sirotkin ,RUS,Williams Mercedes,1.0,2018,SIR,,,,10,7.0
1,Lewis  Hamilton ,GBR,Mercedes,413.0,2019,HAM,Spain,1:18.492,HAM,1,739.0
1,Lewis  Hamilton ,GBR,Mercedes,413.0,2019,HAM,Great Britain,1:27.369,HAM,1,739.0
1,Lewis  Hamilton ,GBR,Mercedes,413.0,2019,HAM,Italy,1:21.779,HAM,1,739.0
1,Lewis  Hamilton ,GBR,Mercedes,413.0,2019,HAM,Russia,1:35.761,HAM,1,739.0
1,Lewis  Hamilton ,GBR,Mercedes,413.0,2019,HAM,Japan,1:30.983,HAM,1,739.0
1,Lewis  Hamilton ,GBR,Mercedes,413.0,2019,HAM,Abu Dhabi,1:39.283,HAM,1,739.0
2,Valtteri  Bottas ,FIN,Mercedes,326.0,2019,BOT,Australia,1:25.580,BOT,1,739.0
2,Valtteri  Bottas ,FIN,Mercedes,326.0,2019,BOT,Canada,1:13.078,BOT,1,739.0
2,Valtteri  Bottas ,FIN,Mercedes,326.0,2019,BOT,Brazil,1:10.698,BOT,1,739.0
3,Max  Verstappen ,NED,Red Bull Racing Honda,278.0,2019,VER,Austria,1:07.475,VER,3,417.0
3,Max  Verstappen ,NED,Red Bull Racing Honda,278.0,2019,VER,Germany,1:16.645,VER,3,417.0
3,Max  Verstappen ,NED,Red Bull Racing Honda,278.0,2019,VER,Hungary,1:17.103,VER,3,417.0
4,Charles  Leclerc ,MON,Ferrari,264.0,2019,LEC,Bahrain,1:33.411,LEC,2,504.0
4,Charles  Leclerc ,MON,Ferrari,264.0,2019,LEC,Azerbaijan,1:43.009,LEC,2,504.0
4,Charles  Leclerc ,MON,Ferrari,264.0,2019,LEC,Mexico,1:19.232,LEC,2,504.0
4,Charles  Leclerc ,MON,Ferrari,264.0,2019,LEC,United States,1:36.169,LEC,2,504.0
5,Sebastian  Vettel ,GER,Ferrari,240.0,2019,VET,France,1:32.740,VET,2,504.0
5,Sebastian  Vettel ,GER,Ferrari,240.0,2019,VET,Belgium,1:46.409,VET,2,504.0
6,Carlos  Sainz ,ESP,McLaren Renault,96.0,2019,SAI,,,,4,145.0
7,Pierre  Gasly ,FRA,Scuderia Toro Rosso Honda,95.0,2019,GAS,,,,6,85.0
8,Alexander  Albon ,THA,Red Bull Racing Honda,92.0,2019,ALB,,,,3,417.0
9,Daniel  Ricciardo ,AUS,Renault,54.0,2019,RIC,,,,5,91.0
10,Sergio  Perez ,MEX,Racing Point BWT Mercedes,52.0,2019,PER,,,,7,73.0
11,Lando  Norris ,GBR,McLaren Renault,49.0,2019,NOR,,,,4,145.0
12,Kimi  RÃ¤ikkÃ¶nen ,FIN,Alfa Romeo Racing Ferrari,43.0,2019,RAI,,,,8,57.0
13,Daniil  Kvyat ,RUS,Scuderia Toro Rosso Honda,37.0,2019,KVY,,,,6,85.0
14,Nico  Hulkenberg ,GER,Renault,37.0,2019,HUL,,,,5,91.0
15,Lance  Stroll ,CAN,Racing Point BWT Mercedes,21.0,2019,STR,,,,7,73.0
16,Kevin  Magnussen ,DEN,Haas Ferrari,20.0,2019,MAG,Singapore,1:42.301,MAG,9,28.0
17,Antonio  Giovinazzi ,ITA,Alfa Romeo Racing Ferrari,14.0,2019,GIO,,,,8,57.0
18,Romain  Grosjean ,FRA,Haas Ferrari,8.0,2019,GRO,,,,9,28.0
19,Robert  Kubica ,POL,Williams Mercedes,1.0,2019,KUB,,,,10,1.0
20,George  Russell ,GBR,Williams Mercedes,0.0,2019,RUS,,,,10,1.0
1,Lewis  Hamilton ,GBR,Mercedes,347.0,2020,HAM,Hungary,1:16.627,HAM,1,573.0
1,Lewis  Hamilton ,GBR,Mercedes,347.0,2020,HAM,70th Anniversary,1:28.451,HAM,1,573.0
1,Lewis  Hamilton ,GBR,Mercedes,347.0,2020,HAM,Italy,1:22.746,HAM,1,573.0
1,Lewis  Hamilton ,GBR,Mercedes,347.0,2020,HAM,Tuscany,1:18.833,HAM,1,573.0
1,Lewis  Hamilton ,GBR,Mercedes,347.0,2020,HAM,Portugal,1:18.750,HAM,1,573.0
1,Lewis  Hamilton ,GBR,Mercedes,347.0,2020,HAM,Emilia Romagna,1:15.484,HAM,1,573.0
2,Valtteri  Bottas ,FIN,Mercedes,223.0,2020,BOT,Spain,1:18.183,BOT,1,573.0
2,Valtteri  Bottas ,FIN,Mercedes,223.0,2020,BOT,Russia,1:37.030,BOT,1,573.0
3,Max  Verstappen ,NED,Red Bull Racing Honda,214.0,2020,VER,Great Britain,1:27.097,VER,2,319.0
3,Max  Verstappen ,NED,Red Bull Racing Honda,214.0,2020,VER,Eifel,1:28.139,VER,2,319.0
3,Max  Verstappen ,NED,Red Bull Racing Honda,214.0,2020,VER,Bahrain,1:32.014,VER,2,319.0
4,Sergio  Perez ,MEX,Racing Point BWT Mercedes,125.0,2020,PER,,,,4,195.0
5,Daniel  Ricciardo ,AUS,Renault,119.0,2020,RIC,Belgium,1:47.483,RIC,5,181.0
5,Daniel  Ricciardo ,AUS,Renault,119.0,2020,RIC,Abu Dhabi,1:40.926,RIC,5,181.0
6,Carlos  Sainz ,ESP,McLaren Renault,105.0,2020,SAI,Styria,1:05.619,SAI,3,202.0
7,Alexander  Albon ,THA,Red Bull Racing Honda,105.0,2020,ALB,,,,2,319.0
8,Charles  Leclerc ,MON,Ferrari,98.0,2020,LEC,,,,6,131.0
9,Lando  Norris ,GBR,McLaren Renault,97.0,2020,NOR,Austria,1:07.475,NOR,3,202.0
9,Lando  Norris ,GBR,McLaren Renault,97.0,2020,NOR,Turkey,1:36.806,NOR,3,202.0
10,Pierre  Gasly ,FRA,AlphaTauri Honda,75.0,2020,GAS,,,,7,107.0
11,Lance  Stroll ,CAN,Racing Point BWT Mercedes,75.0,2020,STR,,,,4,195.0
12,Esteban  Ocon ,FRA,Renault,62.0,2020,OCO,,,,5,181.0
13,Sebastian  Vettel ,GER,Ferrari,33.0,2020,VET,,,,6,131.0
14,Daniil  Kvyat ,RUS,AlphaTauri Honda,32.0,2020,KVY,,,,7,107.0
15,Nico  Hulkenberg ,GER,Racing Point BWT Mercedes,10.0,2020,HUL,,,,4,195.0
16,Kimi  RÃ¤ikkÃ¶nen ,FIN,Alfa Romeo Racing Ferrari,4.0,2020,RAI,,,,8,8.0
17,Antonio  Giovinazzi ,ITA,Alfa Romeo Racing Ferrari,4.0,2020,GIO,,,,8,8.0
18,George  Russell ,GBR,Williams Mercedes,3.0,2020,RUS,,,,10,0.0
19,Romain  Grosjean ,FRA,Haas Ferrari,2.0,2020,GRO,,,,9,3.0
20,Kevin  Magnussen ,DEN,Haas Ferrari,1.0,2020,MAG,,,,9,3.0
21,Nicholas  Latifi ,CAN,Williams Mercedes,0.0,2020,LAT,,,,10,0.0
22,Jack  Aitken ,GBR,Williams Mercedes,0.0,2020,AIT,,,,10,0.0
23,Pietro  Fittipaldi ,BRA,Haas Ferrari,0.0,2020,FIT,,,,9,3.0
1,Max  Verstappen ,NED,Red Bull Racing Honda,395.5,2021,VER,Spain,1:18.149,VER,2,585.5
1,Max  Verstappen ,NED,Red Bull Racing Honda,395.5,2021,VER,Azerbaijan,1:44.481,VER,2,585.5
1,Max  Verstappen ,NED,Red Bull Racing Honda,395.5,2021,VER,France,1:36.404,VER,2,585.5
1,Max  Verstappen ,NED,Red Bull Racing Honda,395.5,2021,VER,Austria,1:06.200,VER,2,585.5
1,Max  Verstappen ,NED,Red Bull Racing Honda,395.5,2021,VER,Qatar,1:23.196,VER,2,585.5
1,Max  Verstappen ,NED,Red Bull Racing Honda,395.5,2021,VER,Abu Dhabi,1:26.103,VER,2,585.5
2,Lewis  Hamilton ,GBR,Mercedes,387.5,2021,HAM,Emilia Romagna,1:16.702,HAM,1,613.5
2,Lewis  Hamilton ,GBR,Mercedes,387.5,2021,HAM,Monaco,1:12.909,HAM,1,613.5
2,Lewis  Hamilton ,GBR,Mercedes,387.5,2021,HAM,Styria,1:07.058,HAM,1,613.5
2,Lewis  Hamilton ,GBR,Mercedes,387.5,2021,HAM,Netherlands,1:11.097,HAM,1,613.5
2,Lewis  Hamilton ,GBR,Mercedes,387.5,2021,HAM,United States,1:38.485,HAM,1,613.5
2,Lewis  Hamilton ,GBR,Mercedes,387.5,2021,HAM,Saudi Arabia,1:30.734,HAM,1,613.5
3,Valtteri  Bottas ,FIN,Mercedes,226.0,2021,BOT,Bahrain,1:32.090,BOT,1,613.5
3,Valtteri  Bottas ,FIN,Mercedes,226.0,2021,BOT,Portugal,1:19.865,BOT,1,613.5
3,Valtteri  Bottas ,FIN,Mercedes,226.0,2021,BOT,Turkey,1:30.432,BOT,1,613.5
3,Valtteri  Bottas ,FIN,Mercedes,226.0,2021,BOT,Mexico,1:17.774,BOT,1,613.5
4,Sergio  Perez ,MEX,Red Bull Racing Honda,190.0,2021,PER,Great Britain,1:28.617,PER,2,585.5
4,Sergio  Perez ,MEX,Red Bull Racing Honda,190.0,2021,PER,Brazil,1:11.010,PER,2,585.5
5,Carlos  Sainz ,ESP,Ferrari,164.5,2021,SAI,,,,3,323.5
6,Lando  Norris ,GBR,McLaren Mercedes,160.0,2021,NOR,Russia,1:37.423,NOR,4,275.0
7,Charles  Leclerc ,MON,Ferrari,159.0,2021,LEC,,,,3,323.5
8,Daniel  Ricciardo ,AUS,McLaren Mercedes,115.0,2021,RIC,Italy,1:24.812,RIC,4,275.0
9,Pierre  Gasly ,FRA,AlphaTauri Honda,110.0,2021,GAS,Hungary,1:18.394,GAS,6,142.0
10,Fernando  Alonso ,ESP,Alpine Renault,81.0,2021,ALO,,,,5,155.0
11,Esteban  Ocon ,FRA,Alpine Renault,74.0,2021,OCO,,,,5,155.0
12,Sebastian  Vettel ,GER,Aston Martin Mercedes,43.0,2021,VET,,,,7,77.0
13,Lance  Stroll ,CAN,Aston Martin Mercedes,34.0,2021,STR,,,,7,77.0
14,Yuki  Tsunoda ,JPN,AlphaTauri Honda,32.0,2021,TSU,,,,6,142.0
15,George  Russell ,GBR,Williams Mercedes,16.0,2021,RUS,,,,8,23.0
16,Kimi  RÃ¤ikkÃ¶nen ,FIN,Alfa Romeo Racing Ferrari,10.0,2021,RAI,,,,9,13.0
17,Nicholas  Latifi ,CAN,Williams Mercedes,7.0,2021,LAT,,,,8,23.0
18,Antonio  Giovinazzi ,ITA,Alfa Romeo Racing Ferrari,3.0,2021,GIO,,,,9,13.0
19,Mick  Schumacher ,GER,Haas Ferrari,0.0,2021,MSC,,,,10,0.0
20,Robert  Kubica ,POL,Alfa Romeo Racing Ferrari,0.0,2021,KUB,,,,9,13.0
21,Nikita  Mazepin ,RAF,Haas Ferrari,0.0,2021,MAZ,,,,10,0.0
1,Max  Verstappen ,NED,Red Bull Racing RBPT,454.0,2022,VER,Emilia Romagna,1:18.446,VER,1,759.0
1,Max  Verstappen ,NED,Red Bull Racing RBPT,454.0,2022,VER,Miami,1:31.361,VER,1,759.0
1,Max  Verstappen ,NED,Red Bull Racing RBPT,454.0,2022,VER,Austria,1:07.275,VER,1,759.0
1,Max  Verstappen ,NED,Red Bull Racing RBPT,454.0,2022,VER,Belgium,1:49.354,VER,1,759.0
1,Max  Verstappen ,NED,Red Bull Racing RBPT,454.0,2022,VER,Netherlands,1:13.652,VER,1,759.0
2,Charles  Leclerc ,MON,Ferrari,308.0,2022,LEC,Bahrain,1:34.570,LEC,2,554.0
2,Charles  Leclerc ,MON,Ferrari,308.0,2022,LEC,Saudi Arabia,1:31.634,LEC,2,554.0
2,Charles  Leclerc ,MON,Ferrari,308.0,2022,LEC,Australia,1:20.260,LEC,2,554.0
3,Sergio  Perez ,MEX,Red Bull Racing RBPT,305.0,2022,PER,Spain,1:24.108,PER,1,759.0
3,Sergio  Perez ,MEX,Red Bull Racing RBPT,305.0,2022,PER,Azerbaijan,1:46.046,PER,1,759.0
3,Sergio  Perez ,MEX,Red Bull Racing RBPT,305.0,2022,PER,Italy,1:24.030,PER,1,759.0
4,George  Russell ,GBR,Mercedes,275.0,2022,RUS,Singapore,1:46.458,RUS,3,515.0
4,George  Russell ,GBR,Mercedes,275.0,2022,RUS,United States,1:38.788,RUS,3,515.0
4,George  Russell ,GBR,Mercedes,275.0,2022,RUS,Mexico,1:20.153,RUS,3,515.0
4,George  Russell ,GBR,Mercedes,275.0,2022,RUS,Brazil,1:13.785,RUS,3,515.0
5,Carlos  Sainz ,ESP,Ferrari,246.0,2022,SAI,Canada,1:15.749,SAI,2,554.0
5,Carlos  Sainz ,ESP,Ferrari,246.0,2022,SAI,France,1:35.781,SAI,2,554.0
6,Lewis  Hamilton ,GBR,Mercedes,240.0,2022,HAM,Great Britain,1:30.510,HAM,3,515.0
6,Lewis  Hamilton ,GBR,Mercedes,240.0,2022,HAM,Hungary,1:21.386,HAM,3,515.0
7,Lando  Norris ,GBR,McLaren Mercedes,122.0,2022,NOR,Monaco,1:14.693,NOR,5,159.0
7,Lando  Norris ,GBR,McLaren Mercedes,122.0,2022,NOR,Abu Dhabi,1:28.391,NOR,5,159.0
8,Esteban  Ocon ,FRA,Alpine Renault,92.0,2022,OCO,,,,4,173.0
9,Fernando  Alonso ,ESP,Alpine Renault,81.0,2022,ALO,,,,4,173.0
10,Valtteri  Bottas ,FIN,Alfa Romeo Ferrari,49.0,2022,BOT,,,,6,55.0
11,Daniel  Ricciardo ,AUS,McLaren Mercedes,37.0,2022,RIC,,,,5,159.0
12,Sebastian  Vettel ,GER,Aston Martin Aramco Mercedes,37.0,2022,VET,,,,7,55.0
13,Kevin  Magnussen ,DEN,Haas Ferrari,25.0,2022,MAG,,,,8,37.0
14,Pierre  Gasly ,FRA,AlphaTauri RBPT,23.0,2022,GAS,,,,9,35.0
15,Lance  Stroll ,CAN,Aston Martin Aramco Mercedes,18.0,2022,STR,,,,7,55.0
16,Mick  Schumacher ,GER,Haas Ferrari,12.0,2022,MSC,,,,8,37.0
17,Yuki  Tsunoda ,JPN,AlphaTauri RBPT,12.0,2022,TSU,,,,9,35.0
18,Zhou  Guanyu ,CHN,Alfa Romeo Ferrari,6.0,2022,ZHO,Japan,1:44.411,ZHO,6,55.0
19,Alexander  Albon ,THA,Williams Mercedes,4.0,2022,ALB,,,,10,8.0
20,Nicholas  Latifi ,CAN,Williams Mercedes,2.0,2022,LAT,,,,10,8.0
21,Nyck  De Vries ,NED,Williams Mercedes,2.0,2022,DEV,,,,10,8.0
22,Nico  Hulkenberg ,GER,Aston Martin Aramco Mercedes,0.0,2022,HUL,,,,7,55.0
1,Max  Verstappen ,NED,Red Bull Racing Honda RBPT,575.0,2023,VER,Saudi Arabia,1:31.906,VER,1,860.0
1,Max  Verstappen ,NED,Red Bull Racing Honda RBPT,575.0,2023,VER,Miami,1:29.708,VER,1,860.0
1,Max  Verstappen ,NED,Red Bull Racing Honda RBPT,575.0,2023,VER,Spain,1:16.330,VER,1,860.0
1,Max  Verstappen ,NED,Red Bull Racing Honda RBPT,575.0,2023,VER,Austria,1:07.012,VER,1,860.0
1,Max  Verstappen ,NED,Red Bull Racing Honda RBPT,575.0,2023,VER,Great Britain,1:30.275,VER,1,860.0
1,Max  Verstappen ,NED,Red Bull Racing Honda RBPT,575.0,2023,VER,Hungary,1:20.504,VER,1,860.0
1,Max  Verstappen ,NED,Red Bull Racing Honda RBPT,575.0,2023,VER,Japan,1:34.183,VER,1,860.0
1,Max  Verstappen ,NED,Red Bull Racing Honda RBPT,575.0,2023,VER,Qatar,1:24.319,VER,1,860.0
1,Max  Verstappen ,NED,Red Bull Racing Honda RBPT,575.0,2023,VER,Abu Dhabi,1:26.993,VER,1,860.0
2,Sergio  Perez ,MEX,Red Bull Racing Honda RBPT,285.0,2023,PER,Australia,1:20.235,PER,1,860.0
2,Sergio  Perez ,MEX,Red Bull Racing Honda RBPT,285.0,2023,PER,Canada,1:14.481,PER,1,860.0
3,Lewis  Hamilton ,GBR,Mercedes,234.0,2023,HAM,Monaco,1:15.650,HAM,2,409.0
3,Lewis  Hamilton ,GBR,Mercedes,234.0,2023,HAM,Belgium,1:47.305,HAM,2,409.0
3,Lewis  Hamilton ,GBR,Mercedes,234.0,2023,HAM,Singapore,1:35.867,HAM,2,409.0
3,Lewis  Hamilton ,GBR,Mercedes,234.0,2023,HAM,Mexico,1:21.334,HAM,2,409.0
4,Fernando  Alonso ,ESP,Aston Martin Aramco Mercedes,206.0,2023,ALO,Netherlands,1:13.837,ALO,5,280.0
5,Charles  Leclerc ,MON,Ferrari,206.0,2023,LEC,,,,3,406.0
6,Lando  Norris ,GBR,McLaren Mercedes,205.0,2023,NOR,Brazil,1:12.486,NOR,4,302.0
7,Carlos  Sainz ,ESP,Ferrari,200.0,2023,SAI,,,,3,406.0
8,George  Russell ,GBR,Mercedes,175.0,2023,RUS,Azerbaijan,1:43.370,RUS,2,409.0
9,Oscar  Piastri ,AUS,McLaren Mercedes,97.0,2023,PIA,Italy,1:25.072,PIA,4,302.0
9,Oscar  Piastri ,AUS,McLaren Mercedes,97.0,2023,PIA,Las Vegas,1:35.490,PIA,4,302.0
10,Lance  Stroll ,CAN,Aston Martin Aramco Mercedes,74.0,2023,STR,,,,5,280.0
11,Pierre  Gasly ,FRA,Alpine Renault,62.0,2023,GAS,,,,6,120.0
12,Esteban  Ocon ,FRA,Alpine Renault,58.0,2023,OCO,,,,6,120.0
13,Alexander  Albon ,THA,Williams Mercedes,27.0,2023,ALB,,,,7,28.0
14,Yuki  Tsunoda ,JPN,AlphaTauri Honda RBPT,17.0,2023,TSU,United States,1:38.139,TSU,8,25.0
15,Valtteri  Bottas ,FIN,Alfa Romeo Ferrari,10.0,2023,BOT,,,,9,16.0
16,Nico  Hulkenberg ,GER,Haas Ferrari,9.0,2023,HUL,,,,10,12.0
17,Daniel  Ricciardo ,AUS,AlphaTauri Honda RBPT,6.0,2023,RIC,,,,8,25.0
18,Zhou  Guanyu ,CHN,Alfa Romeo Ferrari,6.0,2023,ZHO,Bahrain,1:33.996,ZHO,9,16.0
19,Kevin  Magnussen ,DEN,Haas Ferrari,3.0,2023,MAG,,,,10,12.0
20,Liam  Lawson ,NZL,AlphaTauri Honda RBPT,2.0,2023,LAW,,,,8,25.0
21,Logan  Sargeant ,USA,Williams Mercedes,1.0,2023,SAR,,,,7,28.0
22,Nyck  De Vries ,NED,AlphaTauri Honda RBPT,0.0,2023,DEV,,,,8,25.0
1,Max  Verstappen ,NED,Red Bull Racing Honda RBPT,169.0,2024,VER,Bahrain,1:32.608,VER,1,276.0
1,Max  Verstappen ,NED,Red Bull Racing Honda RBPT,169.0,2024,VER,Japan,1:33.706,VER,1,276.0
2,Charles  Leclerc ,MON,Ferrari,138.0,2024,LEC,Saudi Arabia,1:31.632,LEC,2,252.0
2,Charles  Leclerc ,MON,Ferrari,138.0,2024,LEC,Australia,1:19.813,LEC,2,252.0
3,Lando  Norris ,GBR,McLaren Mercedes,113.0,2024,NOR,,,,3,184.0
4,Carlos  Sainz ,ESP,Ferrari,108.0,2024,SAI,,,,2,252.0
5,Sergio  Perez ,MEX,Red Bull Racing Honda RBPT,107.0,2024,PER,,,,1,276.0
6,Oscar  Piastri ,AUS,McLaren Mercedes,71.0,2024,PIA,Miami,1:30.634,PIA,3,184.0
7,George  Russell ,GBR,Mercedes,54.0,2024,RUS,Emilia Romagna,1:18.589,RUS,4,96.0
8,Lewis  Hamilton ,GBR,Mercedes,42.0,2024,HAM,Monaco,1:14.165,HAM,4,96.0
9,Fernando  Alonso ,ESP,Aston Martin Aramco Mercedes,33.0,2024,ALO,China,1:37.810,ALO,5,44.0
10,Yuki  Tsunoda ,JPN,RB Honda RBPT,19.0,2024,TSU,,,,6,24.0
11,Lance  Stroll ,CAN,Aston Martin Aramco Mercedes,11.0,2024,STR,,,,5,44.0
12,Oliver  Bearman ,GBR,Ferrari,6.0,2024,BEA,,,,2,252.0
13,Nico  Hulkenberg ,GER,Haas Ferrari,6.0,2024,HUL,,,,7,7.0
14,Daniel  Ricciardo ,AUS,RB Honda RBPT,5.0,2024,RIC,,,,6,24.0
15,Alexander  Albon ,THA,Williams Mercedes,2.0,2024,ALB,,,,8,2.0
16,Esteban  Ocon ,FRA,Alpine Renault,1.0,2024,OCO,,,,9,2.0
17,Kevin  Magnussen ,DEN,Haas Ferrari,1.0,2024,MAG,,,,7,7.0
18,Pierre  Gasly ,FRA,Alpine Renault,1.0,2024,GAS,,,,9,2.0
19,Zhou  Guanyu ,CHN,Kick Sauber Ferrari,0.0,2024,ZHO,,,,10,0.0
20,Valtteri  Bottas ,FIN,Kick Sauber Ferrari,0.0,2024,BOT,,,,10,0.0
21,Logan  Sargeant ,USA,Williams Mercedes,0.0,2024,SAR,,,,8,2.0
