year,Team,TeamStrength
1958,AGS Ford,0.507900059223175
1959,AGS Ford,0.6242084503173828
1960,AGS Ford,0.6869540214538574
1961,AGS Ford,0.7087175846099854
1962,AGS Ford,0.7045767307281494
1963,AGS Ford,0.6871277093887329
1964,AGS Ford,0.6651711463928223
1965,AGS Ford,0.6440140008926392
1966,AGS Ford,0.6263041496276855
1967,AGS Ford,0.6128901243209839
1968,AGS Ford,0.6035240888595581
1969,AGS Ford,0.5973789095878601
1970,AGS Ford,0.5934061408042908
1971,AGS Ford,0.5905798673629761
1972,AGS Ford,0.5880675315856934
1973,AGS Ford,0.5853555798530579
1974,AGS Ford,0.5823465585708618
1975,AGS Ford,0.5794186592102051
1976,AGS Ford,0.5774208307266235
1977,AGS Ford,0.5775591731071472
1978,AGS Ford,0.5811228156089783
1979,AGS Ford,0.5890154242515564
1980,AGS Ford,0.6010875105857849
1981,AGS Ford,0.615309476852417
1982,AGS Ford,0.6269016861915588
1983,AGS Ford,0.6277049779891968
1984,AGS Ford,0.606354832649231
1985,AGS Ford,0.5500540137290955
1986,AGS Ford,0.4484085440635681
1987,AGS Ford,0.2140953242778778
1988,AGS Ford,0.30010032653808594
1989,AGS Ford,0.1577930897474289
1990,AGS Ford,0.38717103004455566
1991,AGS Ford,0.48815369606018066
1992,AGS Ford,0.5608360767364502
1993,AGS Ford,0.6097205281257629
1994,AGS Ford,0.6383553743362427
1995,AGS Ford,0.6506488919258118
1996,AGS Ford,0.6508498191833496
1997,AGS Ford,0.6431565284729004
1998,AGS Ford,0.6312993764877319
1999,AGS Ford,0.6182479858398438
2000,AGS Ford,0.6060911417007446
2001,AGS Ford,0.5960679054260254
2002,AGS Ford,0.5887033343315125
2003,AGS Ford,0.5839926600456238
2004,AGS Ford,0.5815862417221069
2005,AGS Ford,0.5809428691864014
2006,AGS Ford,0.581436812877655
2007,AGS Ford,0.5824209451675415
2008,AGS Ford,0.5832585096359253
2009,AGS Ford,0.5833496451377869
2010,AGS Ford,0.5821778774261475
2011,AGS Ford,0.5794051885604858
2012,AGS Ford,0.5750263333320618
2013,AGS Ford,0.5695741176605225
2014,AGS Ford,0.5643243193626404
2015,AGS Ford,0.5614086985588074
2016,AGS Ford,0.5637051463127136
2017,AGS Ford,0.5743696689605713
2018,AGS Ford,0.5959138870239258
2019,AGS Ford,0.6287777423858643
2020,AGS Ford,0.6693369150161743
2021,AGS Ford,0.7073566913604736
2022,AGS Ford,0.723670244216919
2023,AGS Ford,0.6908819675445557
2024,AGS Ford,0.5816487669944763
2025,AGS Ford,0.3602086901664734
2026,AGS Ford,0.2623216509819031
2027,AGS Ford,0.23842091858386993
2028,AGS Ford,0.23267102241516113
2029,AGS Ford,0.23129287362098694
2030,AGS Ford,0.2309628576040268
1958,ATS Ford,0.5078447461128235
1959,ATS Ford,0.6242812275886536
1960,ATS Ford,0.6871546506881714
1961,ATS Ford,0.7089483737945557
1962,ATS Ford,0.7045878171920776
1963,ATS Ford,0.6864789724349976
1964,ATS Ford,0.6632392406463623
1965,ATS Ford,0.6400778293609619
1966,ATS Ford,0.6197341680526733
1967,ATS Ford,0.6034525632858276
1968,ATS Ford,0.5917723178863525
1969,ATS Ford,0.5850502252578735
1970,ATS Ford,0.5836781859397888
1971,ATS Ford,0.5879777669906616
1972,ATS Ford,0.5977762937545776
1973,ATS Ford,0.6116966605186462
1974,ATS Ford,0.6262335777282715
1975,ATS Ford,0.6347897052764893
1976,ATS Ford,0.6270889043807983
1977,ATS Ford,0.5897794365882874
1978,ATS Ford,0.5091503262519836
1979,ATS Ford,0.30591753125190735
1980,ATS Ford,0.35205739736557007
1981,ATS Ford,0.17568744719028473
1982,ATS Ford,0.22190609574317932
1983,ATS Ford,0.4358435869216919
1984,ATS Ford,0.5261937379837036
1985,ATS Ford,0.587011456489563
1986,ATS Ford,0.6256059408187866
1987,ATS Ford,0.6467107534408569
1988,ATS Ford,0.6543449759483337
1989,ATS Ford,0.6523051857948303
1990,ATS Ford,0.6441123485565186
1991,ATS Ford,0.6327985525131226
1992,ATS Ford,0.6207355260848999
1993,ATS Ford,0.6095676422119141
1994,ATS Ford,0.6002519130706787
1995,ATS Ford,0.5931711792945862
1996,ATS Ford,0.5882841944694519
1997,ATS Ford,0.5852817893028259
1998,ATS Ford,0.5837249755859375
1999,ATS Ford,0.5831546187400818
2000,ATS Ford,0.5831661820411682
2001,ATS Ford,0.5834528207778931
2002,ATS Ford,0.5838173031806946
2003,ATS Ford,0.5841622948646545
2004,ATS Ford,0.5844591856002808
2005,ATS Ford,0.5847052931785583
2006,ATS Ford,0.5848749876022339
2007,ATS Ford,0.5848727822303772
2008,ATS Ford,0.5845032930374146
2009,ATS Ford,0.5834726095199585
2010,ATS Ford,0.581439733505249
2011,ATS Ford,0.5781326293945312
2012,ATS Ford,0.5735335946083069
2013,ATS Ford,0.5681148767471313
2014,ATS Ford,0.5630710124969482
2015,ATS Ford,0.5604519248008728
2016,ATS Ford,0.5630663633346558
2017,ATS Ford,0.5740197896957397
2018,ATS Ford,0.5957937836647034
2019,ATS Ford,0.6288160681724548
2020,ATS Ford,0.6694642305374146
2021,ATS Ford,0.7075141668319702
2022,ATS Ford,0.7238136529922485
2023,ATS Ford,0.6909832954406738
2024,ATS Ford,0.5816966891288757
2025,ATS Ford,0.3602086901664734
2026,ATS Ford,0.2623216509819031
2027,ATS Ford,0.23842091858386993
2028,ATS Ford,0.23267102241516113
2029,ATS Ford,0.23129287362098694
2030,ATS Ford,0.2309628576040268
1958,Alfa Romeo,0.507690966129303
1959,Alfa Romeo,0.6240360736846924
1960,Alfa Romeo,0.686837911605835
1961,Alfa Romeo,0.7086273431777954
1962,Alfa Romeo,0.7043891549110413
1963,Alfa Romeo,0.6865834593772888
1964,Alfa Romeo,0.6638477444648743
1965,Alfa Romeo,0.6413401365280151
1966,Alfa Romeo,0.6216402649879456
1967,Alfa Romeo,0.6056988835334778
1968,Alfa Romeo,0.5936368703842163
1969,Alfa Romeo,0.5853342413902283
1970,Alfa Romeo,0.5807898640632629
1971,Alfa Romeo,0.5802423357963562
1972,Alfa Romeo,0.584039032459259
1973,Alfa Romeo,0.5922468900680542
1974,Alfa Romeo,0.6040169596672058
1975,Alfa Romeo,0.6167289018630981
1976,Alfa Romeo,0.6250084638595581
1977,Alfa Romeo,0.6199010610580444
1978,Alfa Romeo,0.5889168977737427
1979,Alfa Romeo,0.5181361436843872
1980,Alfa Romeo,0.32877105474472046
1981,Alfa Romeo,0.3366999626159668
1982,Alfa Romeo,0.3590502142906189
1983,Alfa Romeo,0.4568527340888977
1984,Alfa Romeo,0.4979165196418762
1985,Alfa Romeo,0.6241981387138367
1986,Alfa Romeo,0.6430251002311707
1987,Alfa Romeo,0.6451117992401123
1988,Alfa Romeo,0.6416457295417786
1989,Alfa Romeo,0.6369395852088928
1990,Alfa Romeo,0.6322975158691406
1991,Alfa Romeo,0.6278846263885498
1992,Alfa Romeo,0.6235530376434326
1993,Alfa Romeo,0.6191579103469849
1994,Alfa Romeo,0.6146497130393982
1995,Alfa Romeo,0.6100767850875854
1996,Alfa Romeo,0.6055551767349243
1997,Alfa Romeo,0.6012313365936279
1998,Alfa Romeo,0.597248911857605
1999,Alfa Romeo,0.5937254428863525
2000,Alfa Romeo,0.5907414555549622
2001,Alfa Romeo,0.5883387327194214
2002,Alfa Romeo,0.586525022983551
2003,Alfa Romeo,0.5852788090705872
2004,Alfa Romeo,0.5845489501953125
2005,Alfa Romeo,0.5842464566230774
2006,Alfa Romeo,0.5842275619506836
2007,Alfa Romeo,0.5842741131782532
2008,Alfa Romeo,0.5840812921524048
2009,Alfa Romeo,0.5832695960998535
2010,Alfa Romeo,0.5814396142959595
2011,Alfa Romeo,0.5782865285873413
2012,Alfa Romeo,0.5737807154655457
2013,Alfa Romeo,0.5683973431587219
2014,Alfa Romeo,0.5633425116539001
2015,Alfa Romeo,0.5606817007064819
2016,Alfa Romeo,0.5632386803627014
2017,Alfa Romeo,0.574131965637207
2018,Alfa Romeo,0.595852255821228
2019,Alfa Romeo,0.6288325786590576
2020,Alfa Romeo,0.6694526672363281
2021,Alfa Romeo,0.707487940788269
2022,Alfa Romeo,0.7237840890884399
2023,Alfa Romeo,0.6909590363502502
2024,Alfa Romeo,0.5816827416419983
2025,Alfa Romeo,0.3602086901664734
2026,Alfa Romeo,0.2623216509819031
2027,Alfa Romeo,0.23842091858386993
2028,Alfa Romeo,0.23267102241516113
2029,Alfa Romeo,0.23129287362098694
2030,Alfa Romeo,0.2309628576040268
1958,Alfa Romeo Ferrari,0.507928729057312
1959,Alfa Romeo Ferrari,0.6242690086364746
1960,Alfa Romeo Ferrari,0.6870570182800293
1961,Alfa Romeo Ferrari,0.7088683247566223
1962,Alfa Romeo Ferrari,0.7047687768936157
1963,Alfa Romeo Ferrari,0.6873379945755005
1964,Alfa Romeo Ferrari,0.6653580069541931
1965,Alfa Romeo Ferrari,0.644122838973999
1966,Alfa Romeo Ferrari,0.6262834072113037
1967,Alfa Romeo Ferrari,0.6127203702926636
1968,Alfa Romeo Ferrari,0.6032591462135315
1969,Alfa Romeo Ferrari,0.5971919298171997
1970,Alfa Romeo Ferrari,0.593628466129303
1971,Alfa Romeo Ferrari,0.5917115211486816
1972,Alfa Romeo Ferrari,0.5907315611839294
1973,Alfa Romeo Ferrari,0.5901703834533691
1974,Alfa Romeo Ferrari,0.5896989703178406
1975,Alfa Romeo Ferrari,0.5891478657722473
1976,Alfa Romeo Ferrari,0.5884653329849243
1977,Alfa Romeo Ferrari,0.5876747369766235
1978,Alfa Romeo Ferrari,0.5868366956710815
1979,Alfa Romeo Ferrari,0.5860204100608826
1980,Alfa Romeo Ferrari,0.5852851867675781
1981,Alfa Romeo Ferrari,0.584670901298523
1982,Alfa Romeo Ferrari,0.5841954946517944
1983,Alfa Romeo Ferrari,0.5838574767112732
1984,Alfa Romeo Ferrari,0.5836412906646729
1985,Alfa Romeo Ferrari,0.5835230350494385
1986,Alfa Romeo Ferrari,0.5834760069847107
1987,Alfa Romeo Ferrari,0.5834749937057495
1988,Alfa Romeo Ferrari,0.583499014377594
1989,Alfa Romeo Ferrari,0.5835322141647339
1990,Alfa Romeo Ferrari,0.5835641026496887
1991,Alfa Romeo Ferrari,0.5835881233215332
1992,Alfa Romeo Ferrari,0.5836004018783569
1993,Alfa Romeo Ferrari,0.5835977792739868
1994,Alfa Romeo Ferrari,0.5835767388343811
1995,Alfa Romeo Ferrari,0.5835329294204712
1996,Alfa Romeo Ferrari,0.5834618210792542
1997,Alfa Romeo Ferrari,0.5833604335784912
1998,Alfa Romeo Ferrari,0.5832303166389465
1999,Alfa Romeo Ferrari,0.5830803513526917
2000,Alfa Romeo Ferrari,0.5829293727874756
2001,Alfa Romeo Ferrari,0.5828052163124084
2002,Alfa Romeo Ferrari,0.5827395915985107
2003,Alfa Romeo Ferrari,0.5827561020851135
2004,Alfa Romeo Ferrari,0.5828509330749512
2005,Alfa Romeo Ferrari,0.5829682350158691
2006,Alfa Romeo Ferrari,0.5829753279685974
2007,Alfa Romeo Ferrari,0.5826476216316223
2008,Alfa Romeo Ferrari,0.5816777944564819
2009,Alfa Romeo Ferrari,0.5797260403633118
2010,Alfa Romeo Ferrari,0.5765271782875061
2011,Alfa Romeo Ferrari,0.5720601677894592
2012,Alfa Romeo Ferrari,0.5667681694030762
2013,Alfa Romeo Ferrari,0.5617820620536804
2014,Alfa Romeo Ferrari,0.5590620040893555
2015,Alfa Romeo Ferrari,0.5613292455673218
2016,Alfa Romeo Ferrari,0.5716411471366882
2017,Alfa Romeo Ferrari,0.5924671292304993
2018,Alfa Romeo Ferrari,0.6241416931152344
2019,Alfa Romeo Ferrari,0.6625807881355286
2020,Alfa Romeo Ferrari,0.6964184045791626
2021,Alfa Romeo Ferrari,0.7049143314361572
2022,Alfa Romeo Ferrari,0.6395958662033081
2023,Alfa Romeo Ferrari,0.5554702877998352
2024,Alfa Romeo Ferrari,0.5384234189987183
2025,Alfa Romeo Ferrari,0.3602086901664734
2026,Alfa Romeo Ferrari,0.2623216509819031
2027,Alfa Romeo Ferrari,0.23842091858386993
2028,Alfa Romeo Ferrari,0.23267102241516113
2029,Alfa Romeo Ferrari,0.23129287362098694
2030,Alfa Romeo Ferrari,0.2309628576040268
1958,Alfa Romeo Racing Ferrari,0.507928729057312
1959,Alfa Romeo Racing Ferrari,0.6242690086364746
1960,Alfa Romeo Racing Ferrari,0.6870571374893188
1961,Alfa Romeo Racing Ferrari,0.7088683247566223
1962,Alfa Romeo Racing Ferrari,0.7047687768936157
1963,Alfa Romeo Racing Ferrari,0.6873379945755005
1964,Alfa Romeo Racing Ferrari,0.6653580069541931
1965,Alfa Romeo Racing Ferrari,0.6441227793693542
1966,Alfa Romeo Racing Ferrari,0.6262834072113037
1967,Alfa Romeo Racing Ferrari,0.6127203702926636
1968,Alfa Romeo Racing Ferrari,0.6032591462135315
1969,Alfa Romeo Racing Ferrari,0.5971919298171997
1970,Alfa Romeo Racing Ferrari,0.593628466129303
1971,Alfa Romeo Racing Ferrari,0.5917115807533264
1972,Alfa Romeo Racing Ferrari,0.5907316207885742
1973,Alfa Romeo Racing Ferrari,0.5901705026626587
1974,Alfa Romeo Racing Ferrari,0.5896990895271301
1975,Alfa Romeo Racing Ferrari,0.5891479253768921
1976,Alfa Romeo Racing Ferrari,0.5884653329849243
1977,Alfa Romeo Racing Ferrari,0.5876744985580444
1978,Alfa Romeo Racing Ferrari,0.586836040019989
1979,Alfa Romeo Racing Ferrari,0.5860191583633423
1980,Alfa Romeo Racing Ferrari,0.5852833390235901
1981,Alfa Romeo Racing Ferrari,0.5846685171127319
1982,Alfa Romeo Racing Ferrari,0.5841928124427795
1983,Alfa Romeo Racing Ferrari,0.5838549733161926
1984,Alfa Romeo Racing Ferrari,0.5836395621299744
1985,Alfa Romeo Racing Ferrari,0.5835226774215698
1986,Alfa Romeo Racing Ferrari,0.583477258682251
1987,Alfa Romeo Racing Ferrari,0.5834771394729614
1988,Alfa Romeo Racing Ferrari,0.5834999680519104
1989,Alfa Romeo Racing Ferrari,0.5835279226303101
1990,Alfa Romeo Racing Ferrari,0.5835478901863098
1991,Alfa Romeo Racing Ferrari,0.5835513472557068
1992,Alfa Romeo Racing Ferrari,0.5835332274436951
1993,Alfa Romeo Racing Ferrari,0.5834915041923523
1994,Alfa Romeo Racing Ferrari,0.5834271311759949
1995,Alfa Romeo Racing Ferrari,0.5833438634872437
1996,Alfa Romeo Racing Ferrari,0.5832484364509583
1997,Alfa Romeo Racing Ferrari,0.5831497311592102
1998,Alfa Romeo Racing Ferrari,0.5830568075180054
1999,Alfa Romeo Racing Ferrari,0.5829744338989258
2000,Alfa Romeo Racing Ferrari,0.5828965306282043
2001,Alfa Romeo Racing Ferrari,0.5827970504760742
2002,Alfa Romeo Racing Ferrari,0.5826213955879211
2003,Alfa Romeo Racing Ferrari,0.5822808742523193
2004,Alfa Romeo Racing Ferrari,0.5816543698310852
2005,Alfa Romeo Racing Ferrari,0.5806060433387756
2006,Alfa Romeo Racing Ferrari,0.5790220499038696
2007,Alfa Romeo Racing Ferrari,0.5768705010414124
2008,Alfa Romeo Racing Ferrari,0.5742810368537903
2009,Alfa Romeo Racing Ferrari,0.5716304779052734
2010,Alfa Romeo Racing Ferrari,0.5696064233779907
2011,Alfa Romeo Racing Ferrari,0.5692059397697449
2012,Alfa Romeo Racing Ferrari,0.5716130137443542
2013,Alfa Romeo Racing Ferrari,0.5778871774673462
2014,Alfa Romeo Racing Ferrari,0.5883938670158386
2015,Alfa Romeo Racing Ferrari,0.6019082069396973
2016,Alfa Romeo Racing Ferrari,0.6143824458122253
2017,Alfa Romeo Racing Ferrari,0.6176384687423706
2018,Alfa Romeo Racing Ferrari,0.5988335013389587
2019,Alfa Romeo Racing Ferrari,0.5023935437202454
2020,Alfa Romeo Racing Ferrari,0.498202919960022
2021,Alfa Romeo Racing Ferrari,0.5317353010177612
2022,Alfa Romeo Racing Ferrari,0.6693750023841858
2023,Alfa Romeo Racing Ferrari,0.6564185619354248
2024,Alfa Romeo Racing Ferrari,0.5625022053718567
2025,Alfa Romeo Racing Ferrari,0.3602086901664734
2026,Alfa Romeo Racing Ferrari,0.2623216509819031
2027,Alfa Romeo Racing Ferrari,0.23842091858386993
2028,Alfa Romeo Racing Ferrari,0.23267102241516113
2029,Alfa Romeo Racing Ferrari,0.23129287362098694
2030,Alfa Romeo Racing Ferrari,0.2309628576040268
1958,AlphaTauri Honda,0.5079287886619568
1959,AlphaTauri Honda,0.6242690086364746
1960,AlphaTauri Honda,0.6870571374893188
1961,AlphaTauri Honda,0.7088683247566223
1962,AlphaTauri Honda,0.7047687768936157
1963,AlphaTauri Honda,0.6873379945755005
1964,AlphaTauri Honda,0.6653580069541931
1965,AlphaTauri Honda,0.644122838973999
1966,AlphaTauri Honda,0.6262834072113037
1967,AlphaTauri Honda,0.6127203702926636
1968,AlphaTauri Honda,0.6032592058181763
1969,AlphaTauri Honda,0.5971919298171997
1970,AlphaTauri Honda,0.593628466129303
1971,AlphaTauri Honda,0.5917115211486816
1972,AlphaTauri Honda,0.5907315015792847
1973,AlphaTauri Honda,0.5901703238487244
1974,AlphaTauri Honda,0.5896989107131958
1975,AlphaTauri Honda,0.5891478061676025
1976,AlphaTauri Honda,0.5884653925895691
1977,AlphaTauri Honda,0.5876748561859131
1978,AlphaTauri Honda,0.5868368148803711
1979,AlphaTauri Honda,0.5860205292701721
1980,AlphaTauri Honda,0.5852851867675781
1981,AlphaTauri Honda,0.5846706628799438
1982,AlphaTauri Honda,0.5841948390007019
1983,AlphaTauri Honda,0.5838562250137329
1984,AlphaTauri Honda,0.5836392045021057
1985,AlphaTauri Honda,0.5835200548171997
1986,AlphaTauri Honda,0.5834721922874451
1987,AlphaTauri Honda,0.5834706425666809
1988,AlphaTauri Honda,0.5834947228431702
1989,AlphaTauri Honda,0.5835286378860474
1990,AlphaTauri Honda,0.5835618376731873
1991,AlphaTauri Honda,0.583587110042572
1992,AlphaTauri Honda,0.5835991501808167
1993,AlphaTauri Honda,0.5835927128791809
1994,AlphaTauri Honda,0.5835614204406738
1995,AlphaTauri Honda,0.5834977626800537
1996,AlphaTauri Honda,0.5833945274353027
1997,AlphaTauri Honda,0.5832480788230896
1998,AlphaTauri Honda,0.5830622315406799
1999,AlphaTauri Honda,0.5828529596328735
2000,AlphaTauri Honda,0.5826511383056641
2001,AlphaTauri Honda,0.5825003981590271
2002,AlphaTauri Honda,0.5824484825134277
2003,AlphaTauri Honda,0.5825283527374268
2004,AlphaTauri Honda,0.5827295780181885
2005,AlphaTauri Honda,0.5829629898071289
2006,AlphaTauri Honda,0.5830283761024475
2007,AlphaTauri Honda,0.5825992226600647
2008,AlphaTauri Honda,0.5812475085258484
2009,AlphaTauri Honda,0.5785318613052368
2010,AlphaTauri Honda,0.5741701126098633
2011,AlphaTauri Honda,0.568299412727356
2012,AlphaTauri Honda,0.5617944002151489
2013,AlphaTauri Honda,0.5565560460090637
2014,AlphaTauri Honda,0.5556175708770752
2015,AlphaTauri Honda,0.5628495812416077
2016,AlphaTauri Honda,0.5820338726043701
2017,AlphaTauri Honda,0.6151485443115234
2018,AlphaTauri Honda,0.6598684191703796
2019,AlphaTauri Honda,0.7064851522445679
2020,AlphaTauri Honda,0.7110540270805359
2021,AlphaTauri Honda,0.7926061153411865
2022,AlphaTauri Honda,0.8196413516998291
2023,AlphaTauri Honda,0.726110577583313
2024,AlphaTauri Honda,0.5742215514183044
2025,AlphaTauri Honda,0.3602086901664734
2026,AlphaTauri Honda,0.2623216509819031
2027,AlphaTauri Honda,0.23842091858386993
2028,AlphaTauri Honda,0.23267102241516113
2029,AlphaTauri Honda,0.23129287362098694
2030,AlphaTauri Honda,0.2309628576040268
1958,AlphaTauri Honda RBPT,0.507928729057312
1959,AlphaTauri Honda RBPT,0.6242690086364746
1960,AlphaTauri Honda RBPT,0.6870571374893188
1961,AlphaTauri Honda RBPT,0.7088683247566223
1962,AlphaTauri Honda RBPT,0.7047687768936157
1963,AlphaTauri Honda RBPT,0.6873380541801453
1964,AlphaTauri Honda RBPT,0.6653580069541931
1965,AlphaTauri Honda RBPT,0.644122838973999
1966,AlphaTauri Honda RBPT,0.6262834072113037
1967,AlphaTauri Honda RBPT,0.6127203702926636
1968,AlphaTauri Honda RBPT,0.6032592058181763
1969,AlphaTauri Honda RBPT,0.5971919298171997
1970,AlphaTauri Honda RBPT,0.593628466129303
1971,AlphaTauri Honda RBPT,0.5917115807533264
1972,AlphaTauri Honda RBPT,0.5907316207885742
1973,AlphaTauri Honda RBPT,0.5901703834533691
1974,AlphaTauri Honda RBPT,0.5896989703178406
1975,AlphaTauri Honda RBPT,0.5891478657722473
1976,AlphaTauri Honda RBPT,0.5884653329849243
1977,AlphaTauri Honda RBPT,0.5876747369766235
1978,AlphaTauri Honda RBPT,0.5868366956710815
1979,AlphaTauri Honda RBPT,0.5860204100608826
1980,AlphaTauri Honda RBPT,0.5852852463722229
1981,AlphaTauri Honda RBPT,0.5846710801124573
1982,AlphaTauri Honda RBPT,0.5841958522796631
1983,AlphaTauri Honda RBPT,0.5838581323623657
1984,AlphaTauri Honda RBPT,0.5836421847343445
1985,AlphaTauri Honda RBPT,0.583524227142334
1986,AlphaTauri Honda RBPT,0.5834774374961853
1987,AlphaTauri Honda RBPT,0.5834765434265137
1988,AlphaTauri Honda RBPT,0.5835003852844238
1989,AlphaTauri Honda RBPT,0.5835334658622742
1990,AlphaTauri Honda RBPT,0.5835652351379395
1991,AlphaTauri Honda RBPT,0.5835898518562317
1992,AlphaTauri Honda RBPT,0.5836039185523987
1993,AlphaTauri Honda RBPT,0.5836052894592285
1994,AlphaTauri Honda RBPT,0.5835914611816406
1995,AlphaTauri Honda RBPT,0.5835590362548828
1996,AlphaTauri Honda RBPT,0.5835039019584656
1997,AlphaTauri Honda RBPT,0.5834227800369263
1998,AlphaTauri Honda RBPT,0.5833155512809753
1999,AlphaTauri Honda RBPT,0.5831882953643799
2000,AlphaTauri Honda RBPT,0.5830560922622681
2001,AlphaTauri Honda RBPT,0.5829435586929321
2002,AlphaTauri Honda RBPT,0.5828818082809448
2003,AlphaTauri Honda RBPT,0.5828990340232849
2004,AlphaTauri Honda RBPT,0.5830051302909851
2005,AlphaTauri Honda RBPT,0.5831696391105652
2006,AlphaTauri Honda RBPT,0.5832968354225159
2007,AlphaTauri Honda RBPT,0.5832069516181946
2008,AlphaTauri Honda RBPT,0.582634449005127
2009,AlphaTauri Honda RBPT,0.5812587738037109
2010,AlphaTauri Honda RBPT,0.5787844657897949
2011,AlphaTauri Honda RBPT,0.575078010559082
2012,AlphaTauri Honda RBPT,0.5703587532043457
2013,AlphaTauri Honda RBPT,0.5654111504554749
2014,AlphaTauri Honda RBPT,0.561752438545227
2015,AlphaTauri Honda RBPT,0.5616521835327148
2016,AlphaTauri Honda RBPT,0.5678772330284119
2017,AlphaTauri Honda RBPT,0.5830413103103638
2018,AlphaTauri Honda RBPT,0.6084678173065186
2019,AlphaTauri Honda RBPT,0.6424875259399414
2020,AlphaTauri Honda RBPT,0.678133487701416
2021,AlphaTauri Honda RBPT,0.7006697058677673
2022,AlphaTauri Honda RBPT,0.6868810653686523
2023,AlphaTauri Honda RBPT,0.5697597861289978
2024,AlphaTauri Honda RBPT,0.5489600896835327
2025,AlphaTauri Honda RBPT,0.3602086901664734
2026,AlphaTauri Honda RBPT,0.2623216509819031
2027,AlphaTauri Honda RBPT,0.23842091858386993
2028,AlphaTauri Honda RBPT,0.23267102241516113
2029,AlphaTauri Honda RBPT,0.23129287362098694
2030,AlphaTauri Honda RBPT,0.2309628576040268
1958,AlphaTauri RBPT,0.5079287886619568
1959,AlphaTauri RBPT,0.6242690086364746
1960,AlphaTauri RBPT,0.6870571374893188
1961,AlphaTauri RBPT,0.7088683247566223
1962,AlphaTauri RBPT,0.7047687768936157
1963,AlphaTauri RBPT,0.6873379945755005
1964,AlphaTauri RBPT,0.6653579473495483
1965,AlphaTauri RBPT,0.644122838973999
1966,AlphaTauri RBPT,0.6262834072113037
1967,AlphaTauri RBPT,0.6127203702926636
1968,AlphaTauri RBPT,0.6032591462135315
1969,AlphaTauri RBPT,0.5971919298171997
1970,AlphaTauri RBPT,0.593628466129303
1971,AlphaTauri RBPT,0.5917115211486816
1972,AlphaTauri RBPT,0.5907316207885742
1973,AlphaTauri RBPT,0.5901703834533691
1974,AlphaTauri RBPT,0.5896990299224854
1975,AlphaTauri RBPT,0.5891478657722473
1976,AlphaTauri RBPT,0.5884653329849243
1977,AlphaTauri RBPT,0.5876747369766235
1978,AlphaTauri RBPT,0.5868366360664368
1979,AlphaTauri RBPT,0.5860203504562378
1980,AlphaTauri RBPT,0.5852851271629333
1981,AlphaTauri RBPT,0.5846707820892334
1982,AlphaTauri RBPT,0.5841954946517944
1983,AlphaTauri RBPT,0.5838577151298523
1984,AlphaTauri RBPT,0.5836418867111206
1985,AlphaTauri RBPT,0.5835241675376892
1986,AlphaTauri RBPT,0.5834776163101196
1987,AlphaTauri RBPT,0.5834770798683167
1988,AlphaTauri RBPT,0.5835012793540955
1989,AlphaTauri RBPT,0.5835344195365906
1990,AlphaTauri RBPT,0.5835655927658081
1991,AlphaTauri RBPT,0.5835885405540466
1992,AlphaTauri RBPT,0.5835995078086853
1993,AlphaTauri RBPT,0.5835962891578674
1994,AlphaTauri RBPT,0.5835765600204468
1995,AlphaTauri RBPT,0.5835376977920532
1996,AlphaTauri RBPT,0.583477258682251
1997,AlphaTauri RBPT,0.5833941698074341
1998,AlphaTauri RBPT,0.5832904577255249
1999,AlphaTauri RBPT,0.5831740498542786
2000,AlphaTauri RBPT,0.5830596089363098
2001,AlphaTauri RBPT,0.5829679369926453
2002,AlphaTauri RBPT,0.5829209089279175
2003,AlphaTauri RBPT,0.5829322934150696
2004,AlphaTauri RBPT,0.5829920768737793
2005,AlphaTauri RBPT,0.5830487608909607
2006,AlphaTauri RBPT,0.5829917192459106
2007,AlphaTauri RBPT,0.5826424956321716
2008,AlphaTauri RBPT,0.5817660689353943
2009,AlphaTauri RBPT,0.5801140666007996
2010,AlphaTauri RBPT,0.5775101780891418
2011,AlphaTauri RBPT,0.5739801526069641
2012,AlphaTauri RBPT,0.569912314414978
2013,AlphaTauri RBPT,0.5662113428115845
2014,AlphaTauri RBPT,0.5643778443336487
2015,AlphaTauri RBPT,0.5664202570915222
2016,AlphaTauri RBPT,0.5744925141334534
2017,AlphaTauri RBPT,0.5901604294776917
2018,AlphaTauri RBPT,0.6132229566574097
2019,AlphaTauri RBPT,0.6400564312934875
2020,AlphaTauri RBPT,0.6616814136505127
2021,AlphaTauri RBPT,0.662368655204773
2022,AlphaTauri RBPT,0.5709184408187866
2023,AlphaTauri RBPT,0.6458269357681274
2024,AlphaTauri RBPT,0.5553727746009827
2025,AlphaTauri RBPT,0.3602086901664734
2026,AlphaTauri RBPT,0.2623216509819031
2027,AlphaTauri RBPT,0.23842091858386993
2028,AlphaTauri RBPT,0.23267102241516113
2029,AlphaTauri RBPT,0.23129287362098694
2030,AlphaTauri RBPT,0.2309628576040268
1958,Alpine Renault,0.507928729057312
1959,Alpine Renault,0.6242690086364746
1960,Alpine Renault,0.6870570778846741
1961,Alpine Renault,0.7088683247566223
1962,Alpine Renault,0.7047687768936157
1963,Alpine Renault,0.6873380541801453
1964,Alpine Renault,0.6653579473495483
1965,Alpine Renault,0.644122838973999
1966,Alpine Renault,0.6262834072113037
1967,Alpine Renault,0.6127203702926636
1968,Alpine Renault,0.6032592058181763
1969,Alpine Renault,0.5971918702125549
1970,Alpine Renault,0.5936284065246582
1971,Alpine Renault,0.5917114615440369
1972,Alpine Renault,0.5907314419746399
1973,Alpine Renault,0.5901702642440796
1974,Alpine Renault,0.589698851108551
1975,Alpine Renault,0.5891477465629578
1976,Alpine Renault,0.5884652733802795
1977,Alpine Renault,0.5876748561859131
1978,Alpine Renault,0.5868369340896606
1979,Alpine Renault,0.586020827293396
1980,Alpine Renault,0.5852857828140259
1981,Alpine Renault,0.5846714973449707
1982,Alpine Renault,0.5841957926750183
1983,Alpine Renault,0.5838571190834045
1984,Alpine Renault,0.5836396813392639
1985,Alpine Renault,0.5835195779800415
1986,Alpine Renault,0.583470344543457
1987,Alpine Renault,0.5834671854972839
1988,Alpine Renault,0.5834897756576538
1989,Alpine Renault,0.583523154258728
1990,Alpine Renault,0.5835577249526978
1991,Alpine Renault,0.5835874080657959
1992,Alpine Renault,0.58360755443573
1993,Alpine Renault,0.5836127996444702
1994,Alpine Renault,0.5835950970649719
1995,Alpine Renault,0.5835433006286621
1996,Alpine Renault,0.5834439992904663
1997,Alpine Renault,0.5832856893539429
1998,Alpine Renault,0.5830637812614441
1999,Alpine Renault,0.5827890038490295
2000,Alpine Renault,0.582493007183075
2001,Alpine Renault,0.5822322964668274
2002,Alpine Renault,0.5820825099945068
2003,Alpine Renault,0.5821204781532288
2004,Alpine Renault,0.5823900103569031
2005,Alpine Renault,0.5828524827957153
2006,Alpine Renault,0.5833294987678528
2007,Alpine Renault,0.5834531188011169
2008,Alpine Renault,0.5826512575149536
2009,Alpine Renault,0.5802050232887268
2010,Alpine Renault,0.5754169225692749
2011,Alpine Renault,0.5679216384887695
2012,Alpine Renault,0.5581403970718384
2013,Alpine Renault,0.5478135347366333
2014,Alpine Renault,0.540450394153595
2015,Alpine Renault,0.5414153337478638
2016,Alpine Renault,0.5573009252548218
2017,Alpine Renault,0.5943091511726379
2018,Alpine Renault,0.6555182933807373
2019,Alpine Renault,0.7369085550308228
2020,Alpine Renault,0.8223579525947571
2021,Alpine Renault,0.8862461447715759
2022,Alpine Renault,0.9087924361228943
2023,Alpine Renault,0.7471047043800354
2024,Alpine Renault,0.4932163953781128
2025,Alpine Renault,0.2808492183685303
2026,Alpine Renault,0.24290169775485992
2027,Alpine Renault,0.23374633491039276
2028,Alpine Renault,0.2315504550933838
2029,Alpine Renault,0.23102454841136932
2030,Alpine Renault,0.23089861869812012
1958,Arrows,0.5079277753829956
1959,Arrows,0.6242675185203552
1960,Arrows,0.6870551109313965
1961,Arrows,0.7088660001754761
1962,Arrows,0.7047666311264038
1963,Arrows,0.6873363852500916
1964,Arrows,0.6653575301170349
1965,Arrows,0.6441236138343811
1966,Arrows,0.6262848377227783
1967,Arrows,0.6127201914787292
1968,Arrows,0.6032531261444092
1969,Arrows,0.5971733331680298
1970,Arrows,0.593588650226593
1971,Arrows,0.5916405320167542
1972,Arrows,0.5906202793121338
1973,Arrows,0.5900138020515442
1974,Arrows,0.5894998908042908
1975,Arrows,0.5889193415641785
1976,Arrows,0.5882314443588257
1977,Arrows,0.5874658823013306
1978,Arrows,0.5866779088973999
1979,Arrows,0.5859110355377197
1980,Arrows,0.5851700901985168
1981,Arrows,0.5844087600708008
1982,Arrows,0.5835329294204712
1983,Arrows,0.5824245810508728
1984,Arrows,0.5809876322746277
1985,Arrows,0.5792135000228882
1986,Arrows,0.5772591233253479
1987,Arrows,0.5755171775817871
1988,Arrows,0.574648916721344
1989,Arrows,0.575538694858551
1990,Arrows,0.579127311706543
1991,Arrows,0.5860874056816101
1992,Arrows,0.5963249802589417
1993,Arrows,0.6083176136016846
1994,Arrows,0.6183576583862305
1995,Arrows,0.6198879480361938
1996,Arrows,0.6034011840820312
1997,Arrows,0.557624876499176
1998,Arrows,0.4312008023262024
1999,Arrows,0.38866323232650757
2000,Arrows,0.5319610238075256
2001,Arrows,0.5602083206176758
2002,Arrows,0.5762838125228882
2003,Arrows,0.588018000125885
2004,Arrows,0.5973750352859497
2005,Arrows,0.6044697761535645
2006,Arrows,0.6090573072433472
2007,Arrows,0.6110135316848755
2008,Arrows,0.6103990077972412
2009,Arrows,0.6073898077011108
2010,Arrows,0.6022167205810547
2011,Arrows,0.5951782464981079
2012,Arrows,0.5867504477500916
2013,Arrows,0.5777798295021057
2014,Arrows,0.5697012543678284
2015,Arrows,0.5646796822547913
2016,Arrows,0.565535843372345
2017,Arrows,0.5753138661384583
2018,Arrows,0.5963894128799438
2019,Arrows,0.6290661096572876
2020,Arrows,0.6695994138717651
2021,Arrows,0.7076597809791565
2022,Arrows,0.7240126132965088
2023,Arrows,0.6912214756011963
2024,Arrows,0.581928551197052
2025,Arrows,0.3602086901664734
2026,Arrows,0.2623216509819031
2027,Arrows,0.23842091858386993
2028,Arrows,0.23267102241516113
2029,Arrows,0.23129287362098694
2030,Arrows,0.2309628576040268
1958,Arrows Asiatech,0.5079286694526672
1959,Arrows Asiatech,0.624268651008606
1960,Arrows Asiatech,0.6870564222335815
1961,Arrows Asiatech,0.7088673114776611
1962,Arrows Asiatech,0.7047675848007202
1963,Arrows Asiatech,0.6873366832733154
1964,Arrows Asiatech,0.6653568744659424
1965,Arrows Asiatech,0.6441224217414856
1966,Arrows Asiatech,0.626284122467041
1967,Arrows Asiatech,0.6127223968505859
1968,Arrows Asiatech,0.6032619476318359
1969,Arrows Asiatech,0.5971941351890564
1970,Arrows Asiatech,0.593627393245697
1971,Arrows Asiatech,0.5917029976844788
1972,Arrows Asiatech,0.5907100439071655
1973,Arrows Asiatech,0.590130090713501
1974,Arrows Asiatech,0.5896352529525757
1975,Arrows Asiatech,0.5890593528747559
1976,Arrows Asiatech,0.5883566737174988
1977,Arrows Asiatech,0.5875580906867981
1978,Arrows Asiatech,0.5867319703102112
1979,Arrows Asiatech,0.5859517455101013
1980,Arrows Asiatech,0.5852726697921753
1981,Arrows Asiatech,0.5847160220146179
1982,Arrows Asiatech,0.584261953830719
1983,Arrows Asiatech,0.5838502645492554
1984,Arrows Asiatech,0.5833903551101685
1985,Arrows Asiatech,0.5827828049659729
1986,Arrows Asiatech,0.5819529891014099
1987,Arrows Asiatech,0.5808945298194885
1988,Arrows Asiatech,0.5797187089920044
1989,Arrows Asiatech,0.5786942839622498
1990,Arrows Asiatech,0.5782585740089417
1991,Arrows Asiatech,0.5789734125137329
1992,Arrows Asiatech,0.5814005136489868
1993,Arrows Asiatech,0.5858774185180664
1994,Arrows Asiatech,0.592197835445404
1995,Arrows Asiatech,0.5992249846458435
1996,Arrows Asiatech,0.604513943195343
1997,Arrows Asiatech,0.6040783524513245
1998,Arrows Asiatech,0.5925276279449463
1999,Arrows Asiatech,0.5638912916183472
2000,Arrows Asiatech,0.5132627487182617
2001,Arrows Asiatech,0.3722633123397827
2002,Arrows Asiatech,0.5138226747512817
2003,Arrows Asiatech,0.5468222498893738
2004,Arrows Asiatech,0.5675311088562012
2005,Arrows Asiatech,0.5823033452033997
2006,Arrows Asiatech,0.5928955674171448
2007,Arrows Asiatech,0.5997657775878906
2008,Arrows Asiatech,0.6031038761138916
2009,Arrows Asiatech,0.6031285524368286
2010,Arrows Asiatech,0.6001402735710144
2011,Arrows Asiatech,0.5945507884025574
2012,Arrows Asiatech,0.5869778990745544
2013,Arrows Asiatech,0.5784175395965576
2014,Arrows Asiatech,0.5704448223114014
2015,Arrows Asiatech,0.5653448700904846
2016,Arrows Asiatech,0.5660326480865479
2017,Arrows Asiatech,0.5756196975708008
2018,Arrows Asiatech,0.596524715423584
2019,Arrows Asiatech,0.6290733814239502
2020,Arrows Asiatech,0.6695276498794556
2021,Arrows Asiatech,0.7075543403625488
2022,Arrows Asiatech,0.7239100337028503
2023,Arrows Asiatech,0.6911466121673584
2024,Arrows Asiatech,0.5818933844566345
2025,Arrows Asiatech,0.3602086901664734
2026,Arrows Asiatech,0.2623216509819031
2027,Arrows Asiatech,0.23842091858386993
2028,Arrows Asiatech,0.23267102241516113
2029,Arrows Asiatech,0.23129287362098694
2030,Arrows Asiatech,0.2309628576040268
1958,Arrows BMW,0.5078157782554626
1959,Arrows BMW,0.6241060495376587
1960,Arrows BMW,0.6868451833724976
1961,Arrows BMW,0.7086198329925537
1962,Arrows BMW,0.7045085430145264
1963,Arrows BMW,0.6870980262756348
1964,Arrows BMW,0.6651630401611328
1965,Arrows BMW,0.6439643502235413
1966,Arrows BMW,0.6260842084884644
1967,Arrows BMW,0.6122956275939941
1968,Arrows BMW,0.6022862792015076
1969,Arrows BMW,0.5952075123786926
1970,Arrows BMW,0.590076208114624
1971,Arrows BMW,0.5860628485679626
1972,Arrows BMW,0.5826935172080994
1973,Arrows BMW,0.57997065782547
1974,Arrows BMW,0.5784024000167847
1975,Arrows BMW,0.5789090991020203
1976,Arrows BMW,0.5825731158256531
1977,Arrows BMW,0.5901989340782166
1978,Arrows BMW,0.6016697883605957
1979,Arrows BMW,0.6151131391525269
1980,Arrows BMW,0.6259440183639526
1981,Arrows BMW,0.6260248422622681
1982,Arrows BMW,0.6035692095756531
1983,Arrows BMW,0.5448311567306519
1984,Arrows BMW,0.38258904218673706
1985,Arrows BMW,0.3715053200721741
1986,Arrows BMW,0.3730986714363098
1987,Arrows BMW,0.5300830602645874
1988,Arrows BMW,0.5701372027397156
1989,Arrows BMW,0.5932892560958862
1990,Arrows BMW,0.6081019043922424
1991,Arrows BMW,0.6175922155380249
1992,Arrows BMW,0.6228493452072144
1993,Arrows BMW,0.6244956254959106
1994,Arrows BMW,0.6231825351715088
1995,Arrows BMW,0.6196679472923279
1996,Arrows BMW,0.6147475242614746
1997,Arrows BMW,0.6091643571853638
1998,Arrows BMW,0.6035395264625549
1999,Arrows BMW,0.5983364582061768
2000,Arrows BMW,0.5938557982444763
2001,Arrows BMW,0.5902532339096069
2002,Arrows BMW,0.5875685214996338
2003,Arrows BMW,0.5857564806938171
2004,Arrows BMW,0.5847110748291016
2005,Arrows BMW,0.5842756628990173
2006,Arrows BMW,0.5842406153678894
2007,Arrows BMW,0.5843318104743958
2008,Arrows BMW,0.5842028856277466
2009,Arrows BMW,0.5834475159645081
2010,Arrows BMW,0.5816522836685181
2011,Arrows BMW,0.5785086154937744
2012,Arrows BMW,0.5739896297454834
2013,Arrows BMW,0.5685766935348511
2014,Arrows BMW,0.5634836554527283
2015,Arrows BMW,0.5607824921607971
2016,Arrows BMW,0.5633023977279663
2017,Arrows BMW,0.5741651654243469
2018,Arrows BMW,0.5958629846572876
2019,Arrows BMW,0.6288290023803711
2020,Arrows BMW,0.669441819190979
2021,Arrows BMW,0.7074753046035767
2022,Arrows BMW,0.7237733602523804
2023,Arrows BMW,0.6909521818161011
2024,Arrows BMW,0.5816802978515625
2025,Arrows BMW,0.3602086901664734
2026,Arrows BMW,0.2623216509819031
2027,Arrows BMW,0.23842091858386993
2028,Arrows BMW,0.23267102241516113
2029,Arrows BMW,0.23129287362098694
2030,Arrows BMW,0.2309628576040268
1958,Arrows Cosworth,0.5079287886619568
1959,Arrows Cosworth,0.6242688298225403
1960,Arrows Cosworth,0.6870566606521606
1961,Arrows Cosworth,0.7088675498962402
1962,Arrows Cosworth,0.7047677040100098
1963,Arrows Cosworth,0.6873366832733154
1964,Arrows Cosworth,0.6653566360473633
1965,Arrows Cosworth,0.6441217660903931
1966,Arrows Cosworth,0.6262832880020142
1967,Arrows Cosworth,0.6127216815948486
1968,Arrows Cosworth,0.6032619476318359
1969,Arrows Cosworth,0.5971956849098206
1970,Arrows Cosworth,0.593631386756897
1971,Arrows Cosworth,0.5917103886604309
1972,Arrows Cosworth,0.5907213687896729
1973,Arrows Cosworth,0.5901450514793396
1974,Arrows Cosworth,0.5896522402763367
1975,Arrows Cosworth,0.5890751481056213
1976,Arrows Cosworth,0.5883666276931763
1977,Arrows Cosworth,0.5875571966171265
1978,Arrows Cosworth,0.5867164134979248
1979,Arrows Cosworth,0.5859221816062927
1980,Arrows Cosworth,0.5852378606796265
1981,Arrows Cosworth,0.5846965312957764
1982,Arrows Cosworth,0.5842921137809753
1983,Arrows Cosworth,0.583976686000824
1984,Arrows Cosworth,0.5836647152900696
1985,Arrows Cosworth,0.5832461714744568
1986,Arrows Cosworth,0.5826118588447571
1987,Arrows Cosworth,0.5816916227340698
1988,Arrows Cosworth,0.5805038809776306
1989,Arrows Cosworth,0.5792083144187927
1990,Arrows Cosworth,0.5781455636024475
1991,Arrows Cosworth,0.5778394341468811
1992,Arrows Cosworth,0.5789327025413513
1993,Arrows Cosworth,0.5820266604423523
1994,Arrows Cosworth,0.5874105095863342
1995,Arrows Cosworth,0.5946880578994751
1996,Arrows Cosworth,0.6023454070091248
1997,Arrows Cosworth,0.607355535030365
1998,Arrows Cosworth,0.6049939393997192
1999,Arrows Cosworth,0.5891435146331787
2000,Arrows Cosworth,0.5534408092498779
2001,Arrows Cosworth,0.49336689710617065
2002,Arrows Cosworth,0.33488333225250244
2003,Arrows Cosworth,0.4910273551940918
2004,Arrows Cosworth,0.5338152050971985
2005,Arrows Cosworth,0.5624045729637146
2006,Arrows Cosworth,0.582709014415741
2007,Arrows Cosworth,0.5965121388435364
2008,Arrows Cosworth,0.6045393347740173
2009,Arrows Cosworth,0.6073659658432007
2010,Arrows Cosworth,0.6056584715843201
2011,Arrows Cosworth,0.6002236604690552
2012,Arrows Cosworth,0.5920684933662415
2013,Arrows Cosworth,0.5825319886207581
2014,Arrows Cosworth,0.5734606981277466
2015,Arrows Cosworth,0.567328929901123
2016,Arrows Cosworth,0.5671635270118713
2017,Arrows Cosworth,0.5761228799819946
2018,Arrows Cosworth,0.5966241359710693
2019,Arrows Cosworth,0.6289604902267456
2020,Arrows Cosworth,0.6693456172943115
2021,Arrows Cosworth,0.7073953151702881
2022,Arrows Cosworth,0.7238199710845947
2023,Arrows Cosworth,0.6911348104476929
2024,Arrows Cosworth,0.581942081451416
2025,Arrows Cosworth,0.3602086901664734
2026,Arrows Cosworth,0.2623216509819031
2027,Arrows Cosworth,0.23842091858386993
2028,Arrows Cosworth,0.23267102241516113
2029,Arrows Cosworth,0.23129287362098694
2030,Arrows Cosworth,0.2309628576040268
1958,Arrows Ford,0.5076125860214233
1959,Arrows Ford,0.6239034533500671
1960,Arrows Ford,0.6865666508674622
1961,Arrows Ford,0.7080732583999634
1962,Arrows Ford,0.7033483982086182
1963,Arrows Ford,0.6848160028457642
1964,Arrows Ford,0.6611321568489075
1965,Arrows Ford,0.6375628113746643
1966,Arrows Ford,0.6169137358665466
1967,Arrows Ford,0.6004894971847534
1968,Arrows Ford,0.5888630747795105
1969,Arrows Ford,0.582377552986145
1970,Arrows Ford,0.5813477635383606
1971,Arrows Ford,0.5859454274177551
1972,Arrows Ford,0.5957597494125366
1973,Arrows Ford,0.6090287566184998
1974,Arrows Ford,0.6215612292289734
1975,Arrows Ford,0.625501275062561
1976,Arrows Ford,0.6085394620895386
1977,Arrows Ford,0.5549378991127014
1978,Arrows Ford,0.3899412155151367
1979,Arrows Ford,0.38199061155319214
1980,Arrows Ford,0.4029991626739502
1981,Arrows Ford,0.37400591373443604
1982,Arrows Ford,0.3190908133983612
1983,Arrows Ford,0.3321692645549774
1984,Arrows Ford,0.3818674087524414
1985,Arrows Ford,0.5696454048156738
1986,Arrows Ford,0.6319794654846191
1987,Arrows Ford,0.6544772982597351
1988,Arrows Ford,0.6354870796203613
1989,Arrows Ford,0.5329818725585938
1990,Arrows Ford,0.505500316619873
1991,Arrows Ford,0.6237570643424988
1992,Arrows Ford,0.634270429611206
1993,Arrows Ford,0.6327210068702698
1994,Arrows Ford,0.6283641457557678
1995,Arrows Ford,0.6241905689239502
1996,Arrows Ford,0.6207406520843506
1997,Arrows Ford,0.6177501678466797
1998,Arrows Ford,0.6148337125778198
1999,Arrows Ford,0.6117275953292847
2000,Arrows Ford,0.6083426475524902
2001,Arrows Ford,0.6047422289848328
2002,Arrows Ford,0.6010918617248535
2003,Arrows Ford,0.5976020097732544
2004,Arrows Ford,0.5944707989692688
2005,Arrows Ford,0.5918324589729309
2006,Arrows Ford,0.5897135138511658
2007,Arrows Ford,0.58800208568573
2008,Arrows Ford,0.5864373445510864
2009,Arrows Ford,0.5846322178840637
2010,Arrows Ford,0.5821431279182434
2011,Arrows Ford,0.5786004066467285
2012,Arrows Ford,0.5739027857780457
2013,Arrows Ford,0.5684579014778137
2014,Arrows Ford,0.5634150505065918
2015,Arrows Ford,0.5607965588569641
2016,Arrows Ford,0.5633975267410278
2017,Arrows Ford,0.5743201971054077
2018,Arrows Ford,0.5960489511489868
2019,Arrows Ford,0.6290176510810852
2020,Arrows Ford,0.6696106195449829
2021,Arrows Ford,0.7076096534729004
2022,Arrows Ford,0.7238665819168091
2023,Arrows Ford,0.6910046339035034
2024,Arrows Ford,0.5816988348960876
2025,Arrows Ford,0.3602086901664734
2026,Arrows Ford,0.2623216509819031
2027,Arrows Ford,0.23842091858386993
2028,Arrows Ford,0.23267102241516113
2029,Arrows Ford,0.23129287362098694
2030,Arrows Ford,0.2309628576040268
1958,Arrows Megatron,0.507923424243927
1959,Arrows Megatron,0.6242573261260986
1960,Arrows Megatron,0.6870324611663818
1961,Arrows Megatron,0.7088210582733154
1962,Arrows Megatron,0.7046862244606018
1963,Arrows Megatron,0.6872063279151917
1964,Arrows Megatron,0.6651648283004761
1965,Arrows Megatron,0.6438606977462769
1966,Arrows Megatron,0.6259530782699585
1967,Arrows Megatron,0.6123321056365967
1968,Arrows Megatron,0.6028306484222412
1969,Arrows Megatron,0.5967397689819336
1970,Arrows Megatron,0.5931516885757446
1971,Arrows Megatron,0.5911666750907898
1972,Arrows Megatron,0.5900033116340637
1973,Arrows Megatron,0.5890455842018127
1974,Arrows Megatron,0.5878570675849915
1975,Arrows Megatron,0.5861881375312805
1976,Arrows Megatron,0.5839918851852417
1977,Arrows Megatron,0.5814561247825623
1978,Arrows Megatron,0.5790435671806335
1979,Arrows Megatron,0.5775136947631836
1980,Arrows Megatron,0.5778831243515015
1981,Arrows Megatron,0.581260085105896
1982,Arrows Megatron,0.5884861946105957
1983,Arrows Megatron,0.5995139479637146
1984,Arrows Megatron,0.6124933958053589
1985,Arrows Megatron,0.6226779818534851
1986,Arrows Megatron,0.621437668800354
1987,Arrows Megatron,0.5546130537986755
1988,Arrows Megatron,0.6313969492912292
1989,Arrows Megatron,0.6759157180786133
1990,Arrows Megatron,0.6420684456825256
1991,Arrows Megatron,0.6091822981834412
1992,Arrows Megatron,0.5871029496192932
1993,Arrows Megatron,0.5765167474746704
1994,Arrows Megatron,0.5748225450515747
1995,Arrows Megatron,0.578644871711731
1996,Arrows Megatron,0.5849289894104004
1997,Arrows Megatron,0.5913670063018799
1998,Arrows Megatron,0.5964900255203247
1999,Arrows Megatron,0.5995916128158569
2000,Arrows Megatron,0.6005673408508301
2001,Arrows Megatron,0.5997265577316284
2002,Arrows Megatron,0.5976077914237976
2003,Arrows Megatron,0.5948185920715332
2004,Arrows Megatron,0.5919108390808105
2005,Arrows Megatron,0.589292049407959
2006,Arrows Megatron,0.5871710181236267
2007,Arrows Megatron,0.5855347514152527
2008,Arrows Megatron,0.5841556787490845
2009,Arrows Megatron,0.5826358199119568
2010,Arrows Megatron,0.5804969072341919
2011,Arrows Megatron,0.5773269534111023
2012,Arrows Megatron,0.5729860663414001
2013,Arrows Megatron,0.5678529143333435
2014,Arrows Megatron,0.5630602240562439
2015,Arrows Megatron,0.5606252551078796
2016,Arrows Megatron,0.563346803188324
2017,Arrows Megatron,0.5743370056152344
2018,Arrows Megatron,0.5960930585861206
2019,Arrows Megatron,0.6290624141693115
2020,Arrows Megatron,0.6696412563323975
2021,Arrows Megatron,0.7076212167739868
2022,Arrows Megatron,0.723861038684845
2023,Arrows Megatron,0.6909883618354797
2024,Arrows Megatron,0.5816798806190491
2025,Arrows Megatron,0.3602086901664734
2026,Arrows Megatron,0.2623216509819031
2027,Arrows Megatron,0.23842091858386993
2028,Arrows Megatron,0.23267102241516113
2029,Arrows Megatron,0.23129287362098694
2030,Arrows Megatron,0.2309628576040268
1958,Arrows Supertec,0.5079286694526672
1959,Arrows Supertec,0.6242687702178955
1960,Arrows Supertec,0.6870566606521606
1961,Arrows Supertec,0.708867609500885
1962,Arrows Supertec,0.7047677636146545
1963,Arrows Supertec,0.6873366832733154
1964,Arrows Supertec,0.6653565168380737
1965,Arrows Supertec,0.6441214084625244
1966,Arrows Supertec,0.6262823343276978
1967,Arrows Supertec,0.6127197742462158
1968,Arrows Supertec,0.6032587289810181
1969,Arrows Supertec,0.5971907377243042
1970,Arrows Supertec,0.5936246514320374
1971,Arrows Supertec,0.5917021632194519
1972,Arrows Supertec,0.590712308883667
1973,Arrows Supertec,0.5901361703872681
1974,Arrows Supertec,0.5896445512771606
1975,Arrows Supertec,0.5890691876411438
1976,Arrows Supertec,0.588361382484436
1977,Arrows Supertec,0.5875486731529236
1978,Arrows Supertec,0.5866970419883728
1979,Arrows Supertec,0.585879385471344
1980,Arrows Supertec,0.5851545333862305
1981,Arrows Supertec,0.5845533609390259
1982,Arrows Supertec,0.5840722918510437
1983,Arrows Supertec,0.5836730003356934
1984,Arrows Supertec,0.5832892060279846
1985,Arrows Supertec,0.5828403830528259
1986,Arrows Supertec,0.5822535753250122
1987,Arrows Supertec,0.5814946293830872
1988,Arrows Supertec,0.5806055068969727
1989,Arrows Supertec,0.5797406435012817
1990,Arrows Supertec,0.5791901350021362
1991,Arrows Supertec,0.579371988773346
1992,Arrows Supertec,0.5807691216468811
1993,Arrows Supertec,0.5837913155555725
1994,Arrows Supertec,0.5885454416275024
1995,Arrows Supertec,0.5945133566856384
1996,Arrows Supertec,0.6001624464988708
1997,Arrows Supertec,0.6025601029396057
1998,Arrows Supertec,0.5971655249595642
1999,Arrows Supertec,0.5779775977134705
2000,Arrows Supertec,0.4958014488220215
2001,Arrows Supertec,0.5883293747901917
2002,Arrows Supertec,0.5892224907875061
2003,Arrows Supertec,0.5843615531921387
2004,Arrows Supertec,0.5812609195709229
2005,Arrows Supertec,0.5812510848045349
2006,Arrows Supertec,0.5835800170898438
2007,Arrows Supertec,0.5869303941726685
2008,Arrows Supertec,0.5900121927261353
2009,Arrows Supertec,0.5917753577232361
2010,Arrows Supertec,0.5914866328239441
2011,Arrows Supertec,0.5887880921363831
2012,Arrows Supertec,0.5837934017181396
2013,Arrows Supertec,0.5772306323051453
2014,Arrows Supertec,0.5705944895744324
2015,Arrows Supertec,0.5662188529968262
2016,Arrows Supertec,0.5671420693397522
2017,Arrows Supertec,0.5766283273696899
2018,Arrows Supertec,0.5972452759742737
2019,Arrows Supertec,0.6294432878494263
2020,Arrows Supertec,0.6695750951766968
2021,Arrows Supertec,0.7073632478713989
2022,Arrows Supertec,0.723590612411499
2023,Arrows Supertec,0.6908119916915894
2024,Arrows Supertec,0.5816375017166138
2025,Arrows Supertec,0.3602086901664734
2026,Arrows Supertec,0.2623216509819031
2027,Arrows Supertec,0.23842091858386993
2028,Arrows Supertec,0.23267102241516113
2029,Arrows Supertec,0.23129287362098694
2030,Arrows Supertec,0.2309628576040268
1958,Arrows Yamaha,0.5079279541969299
1959,Arrows Yamaha,0.6242679953575134
1960,Arrows Yamaha,0.6870560050010681
1961,Arrows Yamaha,0.7088673114776611
1962,Arrows Yamaha,0.7047682404518127
1963,Arrows Yamaha,0.6873380541801453
1964,Arrows Yamaha,0.6653586030006409
1965,Arrows Yamaha,0.6441233158111572
1966,Arrows Yamaha,0.6262824535369873
1967,Arrows Yamaha,0.6127153635025024
1968,Arrows Yamaha,0.6032462120056152
1969,Arrows Yamaha,0.5971663594245911
1970,Arrows Yamaha,0.593585193157196
1971,Arrows Yamaha,0.5916466116905212
1972,Arrows Yamaha,0.5906434655189514
1973,Arrows Yamaha,0.5900620818138123
1974,Arrows Yamaha,0.5895789861679077
1975,Arrows Yamaha,0.5890294313430786
1976,Arrows Yamaha,0.5883632898330688
1977,Arrows Yamaha,0.5875977277755737
1978,Arrows Yamaha,0.586775541305542
1979,Arrows Yamaha,0.5859327912330627
1980,Arrows Yamaha,0.5850801467895508
1981,Arrows Yamaha,0.5841987729072571
1982,Arrows Yamaha,0.5832521915435791
1983,Arrows Yamaha,0.5822123289108276
1984,Arrows Yamaha,0.5810979604721069
1985,Arrows Yamaha,0.5800164341926575
1986,Arrows Yamaha,0.5791974663734436
1987,Arrows Yamaha,0.57900071144104
1988,Arrows Yamaha,0.5798752903938293
1989,Arrows Yamaha,0.5822499990463257
1990,Arrows Yamaha,0.5863396525382996
1991,Arrows Yamaha,0.5918667316436768
1992,Arrows Yamaha,0.5977213382720947
1993,Arrows Yamaha,0.6016155481338501
1994,Arrows Yamaha,0.5998492240905762
1995,Arrows Yamaha,0.5874043703079224
1996,Arrows Yamaha,0.5585429072380066
1997,Arrows Yamaha,0.4578092694282532
1998,Arrows Yamaha,0.5660912394523621
1999,Arrows Yamaha,0.5767791867256165
2000,Arrows Yamaha,0.5795262455940247
2001,Arrows Yamaha,0.581551730632782
2002,Arrows Yamaha,0.5843955278396606
2003,Arrows Yamaha,0.5878104567527771
2004,Arrows Yamaha,0.59114670753479
2005,Arrows Yamaha,0.5938448309898376
2006,Arrows Yamaha,0.5955507755279541
2007,Arrows Yamaha,0.5960786938667297
2008,Arrows Yamaha,0.5953285098075867
2009,Arrows Yamaha,0.5932171940803528
2010,Arrows Yamaha,0.5896632671356201
2011,Arrows Yamaha,0.5846495032310486
2012,Arrows Yamaha,0.5783715844154358
2013,Arrows Yamaha,0.5714552998542786
2014,Arrows Yamaha,0.5651849508285522
2015,Arrows Yamaha,0.5616429448127747
2016,Arrows Yamaha,0.5636261701583862
2017,Arrows Yamaha,0.5741987824440002
2018,Arrows Yamaha,0.5957854390144348
2019,Arrows Yamaha,0.6287533640861511
2020,Arrows Yamaha,0.6694245338439941
2021,Arrows Yamaha,0.7075295448303223
2022,Arrows Yamaha,0.7238831520080566
2023,Arrows Yamaha,0.691084623336792
2024,Arrows Yamaha,0.5817983150482178
2025,Arrows Yamaha,0.3602086901664734
2026,Arrows Yamaha,0.2623216509819031
2027,Arrows Yamaha,0.23842091858386993
2028,Arrows Yamaha,0.23267102241516113
2029,Arrows Yamaha,0.23129287362098694
2030,Arrows Yamaha,0.2309628576040268
1958,Aston Martin Aramco Mercedes,0.507928729057312
1959,Aston Martin Aramco Mercedes,0.6242690086364746
1960,Aston Martin Aramco Mercedes,0.6870570778846741
1961,Aston Martin Aramco Mercedes,0.7088683247566223
1962,Aston Martin Aramco Mercedes,0.7047687768936157
1963,Aston Martin Aramco Mercedes,0.6873380541801453
1964,Aston Martin Aramco Mercedes,0.6653580069541931
1965,Aston Martin Aramco Mercedes,0.6441227197647095
1966,Aston Martin Aramco Mercedes,0.6262834072113037
1967,Aston Martin Aramco Mercedes,0.6127203702926636
1968,Aston Martin Aramco Mercedes,0.6032592058181763
1969,Aston Martin Aramco Mercedes,0.5971919298171997
1970,Aston Martin Aramco Mercedes,0.593628466129303
1971,Aston Martin Aramco Mercedes,0.5917115211486816
1972,Aston Martin Aramco Mercedes,0.5907315611839294
1973,Aston Martin Aramco Mercedes,0.5901703834533691
1974,Aston Martin Aramco Mercedes,0.5896989107131958
1975,Aston Martin Aramco Mercedes,0.5891477465629578
1976,Aston Martin Aramco Mercedes,0.5884652137756348
1977,Aston Martin Aramco Mercedes,0.5876746773719788
1978,Aston Martin Aramco Mercedes,0.5868366360664368
1979,Aston Martin Aramco Mercedes,0.5860205292701721
1980,Aston Martin Aramco Mercedes,0.585285484790802
1981,Aston Martin Aramco Mercedes,0.5846713781356812
1982,Aston Martin Aramco Mercedes,0.5841960906982422
1983,Aston Martin Aramco Mercedes,0.5838581323623657
1984,Aston Martin Aramco Mercedes,0.5836417078971863
1985,Aston Martin Aramco Mercedes,0.5835229158401489
1986,Aston Martin Aramco Mercedes,0.5834748148918152
1987,Aston Martin Aramco Mercedes,0.5834723114967346
1988,Aston Martin Aramco Mercedes,0.5834946036338806
1989,Aston Martin Aramco Mercedes,0.5835262537002563
1990,Aston Martin Aramco Mercedes,0.5835573673248291
1991,Aston Martin Aramco Mercedes,0.5835824012756348
1992,Aston Martin Aramco Mercedes,0.5835981965065002
1993,Aston Martin Aramco Mercedes,0.5836020112037659
1994,Aston Martin Aramco Mercedes,0.5835899114608765
1995,Aston Martin Aramco Mercedes,0.5835555195808411
1996,Aston Martin Aramco Mercedes,0.5834903717041016
1997,Aston Martin Aramco Mercedes,0.5833855867385864
1998,Aston Martin Aramco Mercedes,0.5832350850105286
1999,Aston Martin Aramco Mercedes,0.5830408930778503
2000,Aston Martin Aramco Mercedes,0.5828173160552979
2001,Aston Martin Aramco Mercedes,0.5825951099395752
2002,Aston Martin Aramco Mercedes,0.5824196934700012
2003,Aston Martin Aramco Mercedes,0.5823425054550171
2004,Aston Martin Aramco Mercedes,0.5824013352394104
2005,Aston Martin Aramco Mercedes,0.5825901031494141
2006,Aston Martin Aramco Mercedes,0.5828199982643127
2007,Aston Martin Aramco Mercedes,0.582881510257721
2008,Aston Martin Aramco Mercedes,0.5824235081672668
2009,Aston Martin Aramco Mercedes,0.5809717774391174
2010,Aston Martin Aramco Mercedes,0.5780150294303894
2011,Aston Martin Aramco Mercedes,0.5731821656227112
2012,Aston Martin Aramco Mercedes,0.5665218830108643
2013,Aston Martin Aramco Mercedes,0.5588588118553162
2014,Aston Martin Aramco Mercedes,0.5521488189697266
2015,Aston Martin Aramco Mercedes,0.5496785044670105
2016,Aston Martin Aramco Mercedes,0.5558894872665405
2017,Aston Martin Aramco Mercedes,0.5755782127380371
2018,Aston Martin Aramco Mercedes,0.6122623085975647
2019,Aston Martin Aramco Mercedes,0.6655211448669434
2020,Aston Martin Aramco Mercedes,0.7271955013275146
2021,Aston Martin Aramco Mercedes,0.7772741317749023
2022,Aston Martin Aramco Mercedes,0.7557990550994873
2023,Aston Martin Aramco Mercedes,0.8240010142326355
2024,Aston Martin Aramco Mercedes,0.6342885494232178
2025,Aston Martin Aramco Mercedes,0.3548845052719116
2026,Aston Martin Aramco Mercedes,0.2610074281692505
2027,Aston Martin Aramco Mercedes,0.23810386657714844
2028,Aston Martin Aramco Mercedes,0.23259498178958893
2029,Aston Martin Aramco Mercedes,0.23127464950084686
2030,Aston Martin Aramco Mercedes,0.2309584766626358
1958,Aston Martin Mercedes,0.5079287886619568
1959,Aston Martin Mercedes,0.6242690086364746
1960,Aston Martin Mercedes,0.6870571374893188
1961,Aston Martin Mercedes,0.7088683247566223
1962,Aston Martin Mercedes,0.7047687768936157
1963,Aston Martin Mercedes,0.6873379945755005
1964,Aston Martin Mercedes,0.6653580069541931
1965,Aston Martin Mercedes,0.644122838973999
1966,Aston Martin Mercedes,0.6262834072113037
1967,Aston Martin Mercedes,0.6127203702926636
1968,Aston Martin Mercedes,0.6032591462135315
1969,Aston Martin Mercedes,0.5971919298171997
1970,Aston Martin Mercedes,0.593628466129303
1971,Aston Martin Mercedes,0.5917115807533264
1972,Aston Martin Mercedes,0.5907315611839294
1973,Aston Martin Mercedes,0.5901703834533691
1974,Aston Martin Mercedes,0.5896989703178406
1975,Aston Martin Mercedes,0.5891478061676025
1976,Aston Martin Mercedes,0.5884652733802795
1977,Aston Martin Mercedes,0.5876747369766235
1978,Aston Martin Mercedes,0.5868366956710815
1979,Aston Martin Mercedes,0.5860204100608826
1980,Aston Martin Mercedes,0.5852851867675781
1981,Aston Martin Mercedes,0.5846709609031677
1982,Aston Martin Mercedes,0.584195613861084
1983,Aston Martin Mercedes,0.5838576555252075
1984,Aston Martin Mercedes,0.5836415886878967
1985,Aston Martin Mercedes,0.5835233330726624
1986,Aston Martin Mercedes,0.5834762454032898
1987,Aston Martin Mercedes,0.5834751129150391
1988,Aston Martin Mercedes,0.5834988355636597
1989,Aston Martin Mercedes,0.58353191614151
1990,Aston Martin Mercedes,0.5835638046264648
1991,Aston Martin Mercedes,0.583588182926178
1992,Aston Martin Mercedes,0.5836012959480286
1993,Aston Martin Mercedes,0.5836004614830017
1994,Aston Martin Mercedes,0.5835822224617004
1995,Aston Martin Mercedes,0.5835423469543457
1996,Aston Martin Mercedes,0.5834761261940002
1997,Aston Martin Mercedes,0.5833800435066223
1998,Aston Martin Mercedes,0.5832548141479492
1999,Aston Martin Mercedes,0.5831084847450256
2000,Aston Martin Mercedes,0.5829590559005737
2001,Aston Martin Mercedes,0.5828347206115723
2002,Aston Martin Mercedes,0.582769513130188
2003,Aston Martin Mercedes,0.5827922224998474
2004,Aston Martin Mercedes,0.582908034324646
2005,Aston Martin Mercedes,0.5830744504928589
2006,Aston Martin Mercedes,0.5831750631332397
2007,Aston Martin Mercedes,0.5830024480819702
2008,Aston Martin Mercedes,0.582262396812439
2009,Aston Martin Mercedes,0.5806173086166382
2010,Aston Martin Mercedes,0.5777852535247803
2011,Aston Martin Mercedes,0.5737020969390869
2012,Aston Martin Mercedes,0.5687365531921387
2013,Aston Martin Mercedes,0.56391441822052
2014,Aston Martin Mercedes,0.5610678195953369
2015,Aston Martin Mercedes,0.5627806186676025
2016,Aston Martin Mercedes,0.571976363658905
2017,Aston Martin Mercedes,0.591011106967926
2018,Aston Martin Mercedes,0.620180606842041
2019,Aston Martin Mercedes,0.6556568145751953
2020,Aston Martin Mercedes,0.6870347261428833
2021,Aston Martin Mercedes,0.6670258045196533
2022,Aston Martin Mercedes,0.7469762563705444
2023,Aston Martin Mercedes,0.6965860724449158
2024,Aston Martin Mercedes,0.5731837153434753
2025,Aston Martin Mercedes,0.3602086901664734
2026,Aston Martin Mercedes,0.2623216509819031
2027,Aston Martin Mercedes,0.23842091858386993
2028,Aston Martin Mercedes,0.23267102241516113
2029,Aston Martin Mercedes,0.23129287362098694
2030,Aston Martin Mercedes,0.2309628576040268
1958,BAR Honda,0.5079288482666016
1959,BAR Honda,0.6242690086364746
1960,BAR Honda,0.6870568990707397
1961,BAR Honda,0.708867609500885
1962,BAR Honda,0.7047672271728516
1963,BAR Honda,0.6873352527618408
1964,BAR Honda,0.6653537750244141
1965,BAR Honda,0.6441168785095215
1966,BAR Honda,0.6262757182121277
1967,BAR Honda,0.6127111911773682
1968,BAR Honda,0.6032485961914062
1969,BAR Honda,0.5971799492835999
1970,BAR Honda,0.5936142802238464
1971,BAR Honda,0.5916925072669983
1972,BAR Honda,0.5907021760940552
1973,BAR Honda,0.5901211500167847
1974,BAR Honda,0.5896154046058655
1975,BAR Honda,0.5890104174613953
1976,BAR Honda,0.5882503390312195
1977,BAR Honda,0.5873571634292603
1978,BAR Honda,0.5863937735557556
1979,BAR Honda,0.585436999797821
1980,BAR Honda,0.5845571756362915
1981,BAR Honda,0.5838053226470947
1982,BAR Honda,0.5832028985023499
1983,BAR Honda,0.5827332139015198
1984,BAR Honda,0.5823334455490112
1985,BAR Honda,0.58188796043396
1986,BAR Honda,0.5812296867370605
1987,BAR Honda,0.5801559090614319
1988,BAR Honda,0.5784690976142883
1989,BAR Honda,0.5760504603385925
1990,BAR Honda,0.5729689598083496
1991,BAR Honda,0.5696155428886414
1992,BAR Honda,0.5668330788612366
1993,BAR Honda,0.5659822225570679
1994,BAR Honda,0.5688544511795044
1995,BAR Honda,0.5773044228553772
1996,BAR Honda,0.5924506187438965
1997,BAR Honda,0.6132919788360596
1998,BAR Honda,0.6347565054893494
1999,BAR Honda,0.6457381844520569
2000,BAR Honda,0.6083121299743652
2001,BAR Honda,0.6055632829666138
2002,BAR Honda,0.6001776456832886
2003,BAR Honda,0.6923436522483826
2004,BAR Honda,0.7896808385848999
2005,BAR Honda,0.7248877286911011
2006,BAR Honda,0.7457762956619263
2007,BAR Honda,0.6896413564682007
2008,BAR Honda,0.6417614221572876
2009,BAR Honda,0.6098840832710266
2010,BAR Honda,0.5927952527999878
2011,BAR Honda,0.5860636234283447
2012,BAR Honda,0.5849558115005493
2013,BAR Honda,0.5859056115150452
2014,BAR Honda,0.5871845483779907
2015,BAR Honda,0.5890663862228394
2016,BAR Honda,0.593569815158844
2017,BAR Honda,0.6037604212760925
2018,BAR Honda,0.6225786209106445
2019,BAR Honda,0.651172399520874
2020,BAR Honda,0.6866954565048218
2021,BAR Honda,0.7196072340011597
2022,BAR Honda,0.7312811613082886
2023,BAR Honda,0.6947190761566162
2024,BAR Honda,0.5828476548194885
2025,BAR Honda,0.3602086901664734
2026,BAR Honda,0.2623216509819031
2027,BAR Honda,0.23842091858386993
2028,BAR Honda,0.23267102241516113
2029,BAR Honda,0.23129287362098694
2030,BAR Honda,0.2309628576040268
1958,BRM,0.5650190114974976
1959,BRM,0.7323582172393799
1960,BRM,0.8231956958770752
1961,BRM,0.9150313138961792
1962,BRM,0.9478819966316223
1963,BRM,0.9515691995620728
1964,BRM,0.9329763650894165
1965,BRM,0.8832550048828125
1966,BRM,0.7839996814727783
1967,BRM,0.6988309621810913
1968,BRM,0.6814596056938171
1969,BRM,0.6623969674110413
1970,BRM,0.6767640113830566
1971,BRM,0.7213166952133179
1972,BRM,0.6328210830688477
1973,BRM,0.5962972044944763
1974,BRM,0.5968266129493713
1975,BRM,0.6769722700119019
1976,BRM,0.6678794622421265
1977,BRM,0.6533752679824829
1978,BRM,0.641595184803009
1979,BRM,0.6341673731803894
1980,BRM,0.630130410194397
1981,BRM,0.6278897523880005
1982,BRM,0.626065731048584
1983,BRM,0.6237624883651733
1984,BRM,0.620572566986084
1985,BRM,0.6164755821228027
1986,BRM,0.611706018447876
1987,BRM,0.6066260933876038
1988,BRM,0.6016201972961426
1989,BRM,0.5970194339752197
1990,BRM,0.5930584669113159
1991,BRM,0.5898609757423401
1992,BRM,0.5874472260475159
1993,BRM,0.5857551097869873
1994,BRM,0.5846681594848633
1995,BRM,0.5840429663658142
1996,BRM,0.5837332606315613
1997,BRM,0.58360755443573
1998,BRM,0.5835619568824768
1999,BRM,0.5835265517234802
2000,BRM,0.5834677815437317
2001,BRM,0.5833867788314819
2002,BRM,0.5833123326301575
2003,BRM,0.583288848400116
2004,BRM,0.5833577513694763
2005,BRM,0.5835313200950623
2006,BRM,0.5837628245353699
2007,BRM,0.5839175581932068
2008,BRM,0.5837559103965759
2009,BRM,0.5829445123672485
2010,BRM,0.5811125040054321
2011,BRM,0.577969491481781
2012,BRM,0.5734899044036865
2013,BRM,0.5681467056274414
2014,BRM,0.5631405711174011
2015,BRM,0.5605307817459106
2016,BRM,0.56313556432724
2017,BRM,0.5740694999694824
2018,BRM,0.5958212018013
2019,BRM,0.628823459148407
2020,BRM,0.6694564819335938
2021,BRM,0.7074976563453674
2022,BRM,0.7237944006919861
2023,BRM,0.6909665465354919
2024,BRM,0.5816860198974609
2025,BRM,0.3602086901664734
2026,BRM,0.2623216509819031
2027,BRM,0.23842091858386993
2028,BRM,0.23267102241516113
2029,BRM,0.23129287362098694
2030,BRM,0.2309628576040268
1958,BRM Climax,0.5220636129379272
1959,BRM Climax,0.645384669303894
1960,BRM Climax,0.7077407836914062
1961,BRM Climax,0.6925879716873169
1962,BRM Climax,0.7444362640380859
1963,BRM Climax,0.714851438999176
1964,BRM Climax,0.6774819493293762
1965,BRM Climax,0.6448736786842346
1966,BRM Climax,0.6211218237876892
1967,BRM Climax,0.6062382459640503
1968,BRM Climax,0.5984869003295898
1969,BRM Climax,0.5956330895423889
1970,BRM Climax,0.5955821871757507
1971,BRM Climax,0.5966714024543762
1972,BRM Climax,0.5977606773376465
1973,BRM Climax,0.5982064008712769
1974,BRM Climax,0.5977709889411926
1975,BRM Climax,0.5965049862861633
1976,BRM Climax,0.594629168510437
1977,BRM Climax,0.5924322605133057
1978,BRM Climax,0.5901945233345032
1979,BRM Climax,0.5881405472755432
1980,BRM Climax,0.586417555809021
1981,BRM Climax,0.5850939154624939
1982,BRM Climax,0.584171712398529
1983,BRM Climax,0.5836056470870972
1984,BRM Climax,0.583323061466217
1985,BRM Climax,0.5832422375679016
1986,BRM Climax,0.5832860469818115
1987,BRM Climax,0.5833905935287476
1988,BRM Climax,0.5835088491439819
1989,BRM Climax,0.5836115479469299
1990,BRM Climax,0.5836842060089111
1991,BRM Climax,0.5837235450744629
1992,BRM Climax,0.5837328433990479
1993,BRM Climax,0.5837182402610779
1994,BRM Climax,0.583685040473938
1995,BRM Climax,0.5836357474327087
1996,BRM Climax,0.5835697054862976
1997,BRM Climax,0.5834843516349792
1998,BRM Climax,0.5833775997161865
1999,BRM Climax,0.5832517147064209
2000,BRM Climax,0.5831176042556763
2001,BRM Climax,0.5829973816871643
2002,BRM Climax,0.5829245448112488
2003,BRM Climax,0.5829372406005859
2004,BRM Climax,0.5830654501914978
2005,BRM Climax,0.5833088755607605
2006,BRM Climax,0.5836100578308105
2007,BRM Climax,0.5838261246681213
2008,BRM Climax,0.5837131142616272
2009,BRM Climax,0.5829361081123352
2010,BRM Climax,0.5811249613761902
2011,BRM Climax,0.5779917240142822
2012,BRM Climax,0.5735137462615967
2013,BRM Climax,0.568166971206665
2014,BRM Climax,0.5631546974182129
2015,BRM Climax,0.5605381727218628
2016,BRM Climax,0.5631370544433594
2017,BRM Climax,0.5740666389465332
2018,BRM Climax,0.5958158373832703
2019,BRM Climax,0.628817081451416
2020,BRM Climax,0.6694505214691162
2021,BRM Climax,0.7074927687644958
2022,BRM Climax,0.7237910032272339
2023,BRM Climax,0.6909647583961487
2024,BRM Climax,0.581685483455658
2025,BRM Climax,0.3602086901664734
2026,BRM Climax,0.2623216509819031
2027,BRM Climax,0.23842091858386993
2028,BRM Climax,0.23267102241516113
2029,BRM Climax,0.23129287362098694
2030,BRM Climax,0.2309628576040268
1958,BRP BRM,0.5173049569129944
1959,BRP BRM,0.6432128548622131
1960,BRP BRM,0.7136979103088379
1961,BRP BRM,0.7347902059555054
1962,BRP BRM,0.7118130326271057
1963,BRP BRM,0.6140506863594055
1964,BRP BRM,0.5906487107276917
1965,BRP BRM,0.6644846796989441
1966,BRP BRM,0.6460761427879333
1967,BRP BRM,0.6248809099197388
1968,BRP BRM,0.6096774935722351
1969,BRP BRM,0.6016652584075928
1970,BRP BRM,0.5992531776428223
1971,BRP BRM,0.6001771688461304
1972,BRP BRM,0.6024097204208374
1973,BRP BRM,0.6044862270355225
1974,BRP BRM,0.6055508852005005
1975,BRP BRM,0.6052736639976501
1976,BRP BRM,0.603712797164917
1977,BRP BRM,0.6011676788330078
1978,BRP BRM,0.5980454683303833
1979,BRP BRM,0.5947563648223877
1980,BRP BRM,0.5916438102722168
1981,BRP BRM,0.5889480710029602
1982,BRP BRM,0.5867986679077148
1983,BRP BRM,0.5852265954017639
1984,BRP BRM,0.5841883420944214
1985,BRP BRM,0.5835936069488525
1986,BRP BRM,0.5833312273025513
1987,BRP BRM,0.5832904577255249
1988,BRP BRM,0.583374559879303
1989,BRP BRM,0.5835087299346924
1990,BRP BRM,0.5836422443389893
1991,BRP BRM,0.5837458372116089
1992,BRP BRM,0.5838072896003723
1993,BRP BRM,0.5838252902030945
1994,BRP BRM,0.5838046073913574
1995,BRP BRM,0.5837509632110596
1996,BRP BRM,0.5836687684059143
1997,BRP BRM,0.5835610628128052
1998,BRP BRM,0.5834303498268127
1999,BRP BRM,0.5832825303077698
2000,BRP BRM,0.5831307172775269
2001,BRP BRM,0.5829979777336121
2002,BRP BRM,0.5829175114631653
2003,BRP BRM,0.5829267501831055
2004,BRP BRM,0.5830545425415039
2005,BRP BRM,0.5832997560501099
2006,BRP BRM,0.5836035013198853
2007,BRP BRM,0.5838224291801453
2008,BRP BRM,0.5837118029594421
2009,BRP BRM,0.5829367637634277
2010,BRP BRM,0.5811267495155334
2011,BRP BRM,0.5779939889907837
2012,BRP BRM,0.5735160708427429
2013,BRP BRM,0.5681689381599426
2014,BRP BRM,0.5631561875343323
2015,BRP BRM,0.5605391263961792
2016,BRP BRM,0.5631375312805176
2017,BRP BRM,0.5740667581558228
2018,BRP BRM,0.5958156585693359
2019,BRP BRM,0.6288167238235474
2020,BRP BRM,0.6694501638412476
2021,BRP BRM,0.7074923515319824
2022,BRP BRM,0.7237908244132996
2023,BRP BRM,0.6909645795822144
2024,BRP BRM,0.5816854238510132
2025,BRP BRM,0.3602086901664734
2026,BRP BRM,0.2623216509819031
2027,BRP BRM,0.23842091858386993
2028,BRP BRM,0.23267102241516113
2029,BRP BRM,0.23129287362098694
2030,BRP BRM,0.2309628576040268
1958,Benetton BMW,0.5079216361045837
1959,Benetton BMW,0.6242520809173584
1960,Benetton BMW,0.6870237588882446
1961,Benetton BMW,0.7088107466697693
1962,Benetton BMW,0.7046796679496765
1963,Benetton BMW,0.6872127056121826
1964,Benetton BMW,0.6651973128318787
1965,Benetton BMW,0.643934965133667
1966,Benetton BMW,0.6260836124420166
1967,Benetton BMW,0.6125271320343018
1968,Benetton BMW,0.6030851602554321
1969,Benetton BMW,0.5970293283462524
1970,Benetton BMW,0.5934292078018188
1971,Benetton BMW,0.5913676023483276
1972,Benetton BMW,0.590061604976654
1973,Benetton BMW,0.5889256000518799
1974,Benetton BMW,0.587600827217102
1975,Benetton BMW,0.5859710574150085
1976,Benetton BMW,0.5841721892356873
1977,Benetton BMW,0.5825908780097961
1978,Benetton BMW,0.5818343162536621
1979,Benetton BMW,0.5826420187950134
1980,Benetton BMW,0.5857020020484924
1981,Benetton BMW,0.5913381576538086
1982,Benetton BMW,0.5990476608276367
1983,Benetton BMW,0.6069077253341675
1984,Benetton BMW,0.6109682321548462
1985,Benetton BMW,0.6048056483268738
1986,Benetton BMW,0.5472028851509094
1987,Benetton BMW,0.6196647882461548
1988,Benetton BMW,0.6072516441345215
1989,Benetton BMW,0.5918043255805969
1990,Benetton BMW,0.5812761783599854
1991,Benetton BMW,0.5767577290534973
1992,Benetton BMW,0.5769771337509155
1993,Benetton BMW,0.5800650715827942
1994,Benetton BMW,0.5842987298965454
1995,Benetton BMW,0.5883837938308716
1996,Benetton BMW,0.5915160775184631
1997,Benetton BMW,0.5933330059051514
1998,Benetton BMW,0.5938161015510559
1999,Benetton BMW,0.5931779146194458
2000,Benetton BMW,0.5917553305625916
2001,Benetton BMW,0.5899221301078796
2002,Benetton BMW,0.5880247950553894
2003,Benetton BMW,0.5863403677940369
2004,Benetton BMW,0.5850502252578735
2005,Benetton BMW,0.5842233896255493
2006,Benetton BMW,0.5838051438331604
2007,Benetton BMW,0.5836102366447449
2008,Benetton BMW,0.583327054977417
2009,Benetton BMW,0.5825455784797668
2010,Benetton BMW,0.5808260440826416
2011,Benetton BMW,0.5778237581253052
2012,Benetton BMW,0.57347571849823
2013,Benetton BMW,0.5682335495948792
2014,Benetton BMW,0.5632898211479187
2015,Benetton BMW,0.5607050657272339
2016,Benetton BMW,0.5633049011230469
2017,Benetton BMW,0.574213445186615
2018,Benetton BMW,0.5959292650222778
2019,Benetton BMW,0.6288934946060181
2020,Benetton BMW,0.6694926023483276
2021,Benetton BMW,0.7075074911117554
2022,Benetton BMW,0.7237874865531921
2023,Benetton BMW,0.6909524202346802
2024,Benetton BMW,0.581672728061676
2025,Benetton BMW,0.3602086901664734
2026,Benetton BMW,0.2623216509819031
2027,Benetton BMW,0.23842091858386993
2028,Benetton BMW,0.23267102241516113
2029,Benetton BMW,0.23129287362098694
2030,Benetton BMW,0.2309628576040268
1958,Benetton Ford,0.5079185962677002
1959,Benetton Ford,0.624259352684021
1960,Benetton Ford,0.6870437264442444
1961,Benetton Ford,0.7088399529457092
1962,Benetton Ford,0.7047038078308105
1963,Benetton Ford,0.6872023940086365
1964,Benetton Ford,0.6651055812835693
1965,Benetton Ford,0.6436994671821594
1966,Benetton Ford,0.62563556432724
1967,Benetton Ford,0.611808180809021
1968,Benetton Ford,0.6020720601081848
1969,Benetton Ford,0.5957615375518799
1970,Benetton Ford,0.5920313596725464
1971,Benetton Ford,0.5900515913963318
1972,Benetton Ford,0.5890920162200928
1973,Benetton Ford,0.5885295867919922
1974,Benetton Ford,0.5878148674964905
1975,Benetton Ford,0.5864309668540955
1976,Benetton Ford,0.5838859677314758
1977,Benetton Ford,0.5797752737998962
1978,Benetton Ford,0.5739413499832153
1979,Benetton Ford,0.5667381882667542
1980,Benetton Ford,0.5593618154525757
1981,Benetton Ford,0.5541399121284485
1982,Benetton Ford,0.554578423500061
1983,Benetton Ford,0.5648697018623352
1984,Benetton Ford,0.588540256023407
1985,Benetton Ford,0.6260800361633301
1986,Benetton Ford,0.6717826128005981
1987,Benetton Ford,0.6921708583831787
1988,Benetton Ford,0.7943565845489502
1989,Benetton Ford,0.8278746008872986
1990,Benetton Ford,0.8681250810623169
1991,Benetton Ford,0.8610933423042297
1992,Benetton Ford,0.8936196565628052
1993,Benetton Ford,0.8935551643371582
1994,Benetton Ford,0.8905008435249329
1995,Benetton Ford,0.8266403079032898
1996,Benetton Ford,0.7259587645530701
1997,Benetton Ford,0.6486507058143616
1998,Benetton Ford,0.6005975008010864
1999,Benetton Ford,0.5779266357421875
2000,Benetton Ford,0.5734336972236633
2001,Benetton Ford,0.5797417759895325
2002,Benetton Ford,0.5907331705093384
2003,Benetton Ford,0.6020241379737854
2004,Benetton Ford,0.6109392046928406
2005,Benetton Ford,0.6162357330322266
2006,Benetton Ford,0.6177201271057129
2007,Benetton Ford,0.6158421039581299
2008,Benetton Ford,0.6113306283950806
2009,Benetton Ford,0.6049197316169739
2010,Benetton Ford,0.5972003936767578
2011,Benetton Ford,0.5886188745498657
2012,Benetton Ford,0.5796166658401489
2013,Benetton Ford,0.570876955986023
2014,Benetton Ford,0.5636035203933716
2015,Benetton Ford,0.5597158074378967
2016,Benetton Ford,0.5618147253990173
2017,Benetton Ford,0.5727730393409729
2018,Benetton Ford,0.5948532819747925
2019,Benetton Ford,0.628301203250885
2020,Benetton Ford,0.6693621277809143
2021,Benetton Ford,0.7077286243438721
2022,Benetton Ford,0.7242065072059631
2023,Benetton Ford,0.6914072632789612
2024,Benetton Ford,0.582026481628418
2025,Benetton Ford,0.3602086901664734
2026,Benetton Ford,0.2623216509819031
2027,Benetton Ford,0.23842091858386993
2028,Benetton Ford,0.23267102241516113
2029,Benetton Ford,0.23129287362098694
2030,Benetton Ford,0.2309628576040268
1958,Benetton Playlife,0.507928729057312
1959,Benetton Playlife,0.6242685317993164
1960,Benetton Playlife,0.6870558261871338
1961,Benetton Playlife,0.7088658809661865
1962,Benetton Playlife,0.7047649025917053
1963,Benetton Playlife,0.6873323917388916
1964,Benetton Playlife,0.6653509140014648
1965,Benetton Playlife,0.6441147923469543
1966,Benetton Playlife,0.6262753009796143
1967,Benetton Playlife,0.6127129793167114
1968,Benetton Playlife,0.6032527089118958
1969,Benetton Playlife,0.5971848368644714
1970,Benetton Playlife,0.5936163067817688
1971,Benetton Playlife,0.5916854739189148
1972,Benetton Playlife,0.5906773209571838
1973,Benetton Playlife,0.5900682210922241
1974,Benetton Playlife,0.5895249247550964
1975,Benetton Playlife,0.5888774991035461
1976,Benetton Playlife,0.5880798101425171
1977,Benetton Playlife,0.5871679186820984
1978,Benetton Playlife,0.5862221717834473
1979,Benetton Playlife,0.5853350758552551
1980,Benetton Playlife,0.5845836400985718
1981,Benetton Playlife,0.5840063691139221
1982,Benetton Playlife,0.5835839509963989
1983,Benetton Playlife,0.5832241773605347
1984,Benetton Playlife,0.5827580094337463
1985,Benetton Playlife,0.5819541811943054
1986,Benetton Playlife,0.5805639624595642
1987,Benetton Playlife,0.5784065127372742
1988,Benetton Playlife,0.5754978060722351
1989,Benetton Playlife,0.5722129940986633
1990,Benetton Playlife,0.569445788860321
1991,Benetton Playlife,0.5686966180801392
1992,Benetton Playlife,0.5719854831695557
1993,Benetton Playlife,0.5814574360847473
1994,Benetton Playlife,0.5985429286956787
1995,Benetton Playlife,0.6225703954696655
1996,Benetton Playlife,0.6488806009292603
1997,Benetton Playlife,0.6668362617492676
1998,Benetton Playlife,0.6385127902030945
1999,Benetton Playlife,0.6392947435379028
2000,Benetton Playlife,0.6762864589691162
2001,Benetton Playlife,0.7002338767051697
2002,Benetton Playlife,0.6518231630325317
2003,Benetton Playlife,0.610512375831604
2004,Benetton Playlife,0.5848487019538879
2005,Benetton Playlife,0.5740680694580078
2006,Benetton Playlife,0.5741404891014099
2007,Benetton Playlife,0.5804296731948853
2008,Benetton Playlife,0.5888432860374451
2009,Benetton Playlife,0.5962628126144409
2010,Benetton Playlife,0.6006389856338501
2011,Benetton Playlife,0.6009597778320312
2012,Benetton Playlife,0.5971999168395996
2013,Benetton Playlife,0.5903000235557556
2014,Benetton Playlife,0.5821635127067566
2015,Benetton Playlife,0.5755982398986816
2016,Benetton Playlife,0.5740863084793091
2017,Benetton Playlife,0.5812463164329529
2018,Benetton Playlife,0.5998849868774414
2019,Benetton Playlife,0.630576491355896
2020,Benetton Playlife,0.6696987748146057
2021,Benetton Playlife,0.7069305181503296
2022,Benetton Playlife,0.7229722142219543
2023,Benetton Playlife,0.6902786493301392
2024,Benetton Playlife,0.5813466906547546
2025,Benetton Playlife,0.3602086901664734
2026,Benetton Playlife,0.2623216509819031
2027,Benetton Playlife,0.23842091858386993
2028,Benetton Playlife,0.23267102241516113
2029,Benetton Playlife,0.23129287362098694
2030,Benetton Playlife,0.2309628576040268
1958,Benetton Renault,0.5079260468482971
1959,Benetton Renault,0.6242630481719971
1960,Benetton Renault,0.6870468258857727
1961,Benetton Renault,0.7088537216186523
1962,Benetton Renault,0.7047512531280518
1963,Benetton Renault,0.68732088804245
1964,Benetton Renault,0.665346622467041
1965,Benetton Renault,0.6441237330436707
1966,Benetton Renault,0.6263021230697632
1967,Benetton Renault,0.6127579808235168
1968,Benetton Renault,0.6033071279525757
1969,Benetton Renault,0.5972273945808411
1970,Benetton Renault,0.5936099886894226
1971,Benetton Renault,0.5915788412094116
1972,Benetton Renault,0.5904115438461304
1973,Benetton Renault,0.5895928144454956
1974,Benetton Renault,0.5888218283653259
1975,Benetton Renault,0.5879908800125122
1976,Benetton Renault,0.5871450901031494
1977,Benetton Renault,0.586426854133606
1978,Benetton Renault,0.5860074162483215
1979,Benetton Renault,0.586005449295044
1980,Benetton Renault,0.5863969922065735
1981,Benetton Renault,0.586930513381958
1982,Benetton Renault,0.587069034576416
1983,Benetton Renault,0.5859997868537903
1984,Benetton Renault,0.5827576518058777
1985,Benetton Renault,0.5765124559402466
1986,Benetton Renault,0.5670471787452698
1987,Benetton Renault,0.5553961396217346
1988,Benetton Renault,0.5445042848587036
1989,Benetton Renault,0.5396104454994202
1990,Benetton Renault,0.5479264259338379
1991,Benetton Renault,0.577253520488739
1992,Benetton Renault,0.6335834860801697
1993,Benetton Renault,0.7180641889572144
1994,Benetton Renault,0.8233867883682251
1995,Benetton Renault,0.9640072584152222
1996,Benetton Renault,0.9548472166061401
1997,Benetton Renault,0.8984531164169312
1998,Benetton Renault,0.8158866167068481
1999,Benetton Renault,0.6855653524398804
2000,Benetton Renault,0.576124370098114
2001,Benetton Renault,0.4488356113433838
2002,Benetton Renault,0.5327947735786438
2003,Benetton Renault,0.5445612668991089
2004,Benetton Renault,0.5588340759277344
2005,Benetton Renault,0.5758492946624756
2006,Benetton Renault,0.5928276777267456
2007,Benetton Renault,0.6069852113723755
2008,Benetton Renault,0.616467297077179
2009,Benetton Renault,0.6204656362533569
2010,Benetton Renault,0.6190319061279297
2011,Benetton Renault,0.6128508448600769
2012,Benetton Renault,0.6031018495559692
2013,Benetton Renault,0.5914380550384521
2014,Benetton Renault,0.5800485610961914
2015,Benetton Renault,0.5717046856880188
2016,Benetton Renault,0.5696448683738708
2017,Benetton Renault,0.5771432518959045
2018,Benetton Renault,0.5966461300849915
2019,Benetton Renault,0.6284092664718628
2020,Benetton Renault,0.6685669422149658
2021,Benetton Renault,0.706637978553772
2022,Benetton Renault,0.7232375144958496
2023,Benetton Renault,0.6907951831817627
2024,Benetton Renault,0.5818385481834412
2025,Benetton Renault,0.3602086901664734
2026,Benetton Renault,0.2623216509819031
2027,Benetton Renault,0.23842091858386993
2028,Benetton Renault,0.23267102241516113
2029,Benetton Renault,0.23129287362098694
2030,Benetton Renault,0.2309628576040268
1958,Brabham Alfa Romeo,0.5074100494384766
1959,Brabham Alfa Romeo,0.6235598921775818
1960,Brabham Alfa Romeo,0.6860689520835876
1961,Brabham Alfa Romeo,0.7074563503265381
1962,Brabham Alfa Romeo,0.7027264833450317
1963,Brabham Alfa Romeo,0.68440842628479
1964,Brabham Alfa Romeo,0.6612719297409058
1965,Brabham Alfa Romeo,0.6386743783950806
1966,Brabham Alfa Romeo,0.6194502115249634
1967,Brabham Alfa Romeo,0.6048241853713989
1968,Brabham Alfa Romeo,0.5951437950134277
1969,Brabham Alfa Romeo,0.5903629660606384
1970,Brabham Alfa Romeo,0.5902557373046875
1971,Brabham Alfa Romeo,0.5943364500999451
1972,Brabham Alfa Romeo,0.6014546155929565
1973,Brabham Alfa Romeo,0.6090483069419861
1974,Brabham Alfa Romeo,0.6121890544891357
1975,Brabham Alfa Romeo,0.6027419567108154
1976,Brabham Alfa Romeo,0.5124996304512024
1977,Brabham Alfa Romeo,0.6288641691207886
1978,Brabham Alfa Romeo,0.7201457023620605
1979,Brabham Alfa Romeo,0.7363836169242859
1980,Brabham Alfa Romeo,0.6829260587692261
1981,Brabham Alfa Romeo,0.6339120864868164
1982,Brabham Alfa Romeo,0.600192666053772
1983,Brabham Alfa Romeo,0.582263171672821
1984,Brabham Alfa Romeo,0.5767200589179993
1985,Brabham Alfa Romeo,0.5791952610015869
1986,Brabham Alfa Romeo,0.5856900215148926
1987,Brabham Alfa Romeo,0.593117356300354
1988,Brabham Alfa Romeo,0.5994350910186768
1989,Brabham Alfa Romeo,0.6035648584365845
1990,Brabham Alfa Romeo,0.6052022576332092
1991,Brabham Alfa Romeo,0.6045863032341003
1992,Brabham Alfa Romeo,0.6022703647613525
1993,Brabham Alfa Romeo,0.5989252328872681
1994,Brabham Alfa Romeo,0.595191240310669
1995,Brabham Alfa Romeo,0.5915837287902832
1996,Brabham Alfa Romeo,0.5884512066841125
1997,Brabham Alfa Romeo,0.5859740972518921
1998,Brabham Alfa Romeo,0.5841917395591736
1999,Brabham Alfa Romeo,0.5830448269844055
2000,Brabham Alfa Romeo,0.5824205279350281
2001,Brabham Alfa Romeo,0.5821926593780518
2002,Brabham Alfa Romeo,0.5822493433952332
2003,Brabham Alfa Romeo,0.5825058817863464
2004,Brabham Alfa Romeo,0.5829001665115356
2005,Brabham Alfa Romeo,0.5833730101585388
2006,Brabham Alfa Romeo,0.5838367938995361
2007,Brabham Alfa Romeo,0.5841415524482727
2008,Brabham Alfa Romeo,0.584051251411438
2009,Brabham Alfa Romeo,0.5832473039627075
2010,Brabham Alfa Romeo,0.5813787579536438
2011,Brabham Alfa Romeo,0.5781750082969666
2012,Brabham Alfa Romeo,0.5736273527145386
2013,Brabham Alfa Romeo,0.5682209134101868
2014,Brabham Alfa Romeo,0.5631638765335083
2015,Brabham Alfa Romeo,0.5605184435844421
2016,Brabham Alfa Romeo,0.5631027817726135
2017,Brabham Alfa Romeo,0.5740290284156799
2018,Brabham Alfa Romeo,0.5957825183868408
2019,Brabham Alfa Romeo,0.6287922859191895
2020,Brabham Alfa Romeo,0.6694353818893433
2021,Brabham Alfa Romeo,0.7074865102767944
2022,Brabham Alfa Romeo,0.7237914204597473
2023,Brabham Alfa Romeo,0.6909687519073486
2024,Brabham Alfa Romeo,0.5816903114318848
2025,Brabham Alfa Romeo,0.3602086901664734
2026,Brabham Alfa Romeo,0.2623216509819031
2027,Brabham Alfa Romeo,0.23842091858386993
2028,Brabham Alfa Romeo,0.23267102241516113
2029,Brabham Alfa Romeo,0.23129287362098694
2030,Brabham Alfa Romeo,0.2309628576040268
1958,Brabham BMW,0.5077710747718811
1959,Brabham BMW,0.6239995360374451
1960,Brabham BMW,0.6866391897201538
1961,Brabham BMW,0.7082729339599609
1962,Brabham BMW,0.7039857506752014
1963,Brabham BMW,0.6863863468170166
1964,Brabham BMW,0.664286732673645
1965,Brabham BMW,0.6429957151412964
1966,Brabham BMW,0.6251406669616699
1967,Brabham BMW,0.6115139722824097
1968,Brabham BMW,0.6017680168151855
1969,Brabham BMW,0.5949330925941467
1970,Brabham BMW,0.5897987484931946
1971,Brabham BMW,0.5852110385894775
1972,Brabham BMW,0.5803336501121521
1973,Brabham BMW,0.5749013423919678
1974,Brabham BMW,0.5694600939750671
1975,Brabham BMW,0.5655397176742554
1976,Brabham BMW,0.5656460523605347
1977,Brabham BMW,0.5729001760482788
1978,Brabham BMW,0.5901167392730713
1979,Brabham BMW,0.6181262731552124
1980,Brabham BMW,0.6533030271530151
1981,Brabham BMW,0.684682309627533
1982,Brabham BMW,0.6552807092666626
1983,Brabham BMW,0.7639773488044739
1984,Brabham BMW,0.7294435501098633
1985,Brabham BMW,0.6319916248321533
1986,Brabham BMW,0.5000738501548767
1987,Brabham BMW,0.49508631229400635
1988,Brabham BMW,0.597747266292572
1989,Brabham BMW,0.605117678642273
1990,Brabham BMW,0.6072896718978882
1991,Brabham BMW,0.6106084585189819
1992,Brabham BMW,0.6156117916107178
1993,Brabham BMW,0.6209180355072021
1994,Brabham BMW,0.6250084638595581
1995,Brabham BMW,0.6268991231918335
1996,Brabham BMW,0.6262577176094055
1997,Brabham BMW,0.623285174369812
1998,Brabham BMW,0.6185263395309448
1999,Brabham BMW,0.6126857995986938
2000,Brabham BMW,0.6064779758453369
2001,Brabham BMW,0.6005228161811829
2002,Brabham BMW,0.595287024974823
2003,Brabham BMW,0.5910605788230896
2004,Brabham BMW,0.5879585146903992
2005,Brabham BMW,0.5859342217445374
2006,Brabham BMW,0.5847957134246826
2007,Brabham BMW,0.5842205882072449
2008,Brabham BMW,0.5837759375572205
2009,Brabham BMW,0.582954466342926
2010,Brabham BMW,0.5812461376190186
2011,Brabham BMW,0.5782612562179565
2012,Brabham BMW,0.5739132761955261
2013,Brabham BMW,0.5686454772949219
2014,Brabham BMW,0.5636528134346008
2015,Brabham BMW,0.5610033869743347
2016,Brabham BMW,0.5635320544242859
2017,Brabham BMW,0.5743716955184937
2018,Brabham BMW,0.5960272550582886
2019,Brabham BMW,0.6289438009262085
2020,Brabham BMW,0.6695090532302856
2021,Brabham BMW,0.7075032591819763
2022,Brabham BMW,0.7237739562988281
2023,Brabham BMW,0.6909383535385132
2024,Brabham BMW,0.5816639065742493
2025,Brabham BMW,0.3602086901664734
2026,Brabham BMW,0.2623216509819031
2027,Brabham BMW,0.23842091858386993
2028,Brabham BMW,0.23267102241516113
2029,Brabham BMW,0.23129287362098694
2030,Brabham BMW,0.2309628576040268
1958,Brabham BRM,0.5127936005592346
1959,Brabham BRM,0.6411688327789307
1960,Brabham BRM,0.7182732820510864
1961,Brabham BRM,0.7511191368103027
1962,Brabham BRM,0.7446650266647339
1963,Brabham BRM,0.6971197128295898
1964,Brabham BRM,0.570602297782898
1965,Brabham BRM,0.5017062425613403
1966,Brabham BRM,0.44976866245269775
1967,Brabham BRM,0.5781671404838562
1968,Brabham BRM,0.5954915881156921
1969,Brabham BRM,0.6031758785247803
1970,Brabham BRM,0.6086968779563904
1971,Brabham BRM,0.6136813759803772
1972,Brabham BRM,0.6177778244018555
1973,Brabham BRM,0.6203010678291321
1974,Brabham BRM,0.6208397150039673
1975,Brabham BRM,0.6193798780441284
1976,Brabham BRM,0.6162319183349609
1977,Brabham BRM,0.6118994951248169
1978,Brabham BRM,0.6069509387016296
1979,Brabham BRM,0.6019173264503479
1980,Brabham BRM,0.5972257256507874
1981,Brabham BRM,0.5931666493415833
1982,Brabham BRM,0.5898913145065308
1983,Brabham BRM,0.5874288082122803
1984,Brabham BRM,0.5857166647911072
1985,Brabham BRM,0.5846346616744995
1986,Brabham BRM,0.5840362906455994
1987,Brabham BRM,0.5837748646736145
1988,Brabham BRM,0.5837209820747375
1989,Brabham BRM,0.5837722420692444
1990,Brabham BRM,0.5838561654090881
1991,Brabham BRM,0.5839282274246216
1992,Brabham BRM,0.5839661955833435
1993,Brabham BRM,0.5839632153511047
1994,Brabham BRM,0.5839216113090515
1995,Brabham BRM,0.5838466882705688
1996,Brabham BRM,0.583743691444397
1997,Brabham BRM,0.5836165547370911
1998,Brabham BRM,0.5834688544273376
1999,Brabham BRM,0.5833072662353516
2000,Brabham BRM,0.5831448435783386
2001,Brabham BRM,0.5830047726631165
2002,Brabham BRM,0.5829195976257324
2003,Brabham BRM,0.582926332950592
2004,Brabham BRM,0.5830532908439636
2005,Brabham BRM,0.5832984447479248
2006,Brabham BRM,0.5836027264595032
2007,Brabham BRM,0.5838223695755005
2008,Brabham BRM,0.5837125182151794
2009,Brabham BRM,0.5829378366470337
2010,Brabham BRM,0.5811280608177185
2011,Brabham BRM,0.5779953598976135
2012,Brabham BRM,0.5735172629356384
2013,Brabham BRM,0.568169891834259
2014,Brabham BRM,0.5631569027900696
2015,Brabham BRM,0.5605396032333374
2016,Brabham BRM,0.5631378293037415
2017,Brabham BRM,0.5740668177604675
2018,Brabham BRM,0.5958156585693359
2019,Brabham BRM,0.6288167238235474
2020,Brabham BRM,0.6694499850273132
2021,Brabham BRM,0.7074923515319824
2022,Brabham BRM,0.7237907648086548
2023,Brabham BRM,0.6909645795822144
2024,Brabham BRM,0.5816854238510132
2025,Brabham BRM,0.3602086901664734
2026,Brabham BRM,0.2623216509819031
2027,Brabham BRM,0.23842091858386993
2028,Brabham BRM,0.23267102241516113
2029,Brabham BRM,0.23129287362098694
2030,Brabham BRM,0.2309628576040268
1958,Brabham Climax,0.512919545173645
1959,Brabham Climax,0.6495730876922607
1960,Brabham Climax,0.7365180850028992
1961,Brabham Climax,0.7752622961997986
1962,Brabham Climax,0.7267095446586609
1963,Brabham Climax,0.7960538268089294
1964,Brabham Climax,0.7510405778884888
1965,Brabham Climax,0.6515251994132996
1966,Brabham Climax,0.42315196990966797
1967,Brabham Climax,0.3966866135597229
1968,Brabham Climax,0.5429807305335999
1969,Brabham Climax,0.5780953168869019
1970,Brabham Climax,0.6014781594276428
1971,Brabham Climax,0.6186918616294861
1972,Brabham Climax,0.6310974359512329
1973,Brabham Climax,0.6387621164321899
1974,Brabham Climax,0.6417543888092041
1975,Brabham Climax,0.6405529379844666
1976,Brabham Climax,0.636021614074707
1977,Brabham Climax,0.6292333602905273
1978,Brabham Climax,0.6212804913520813
1979,Brabham Climax,0.6131280064582825
1980,Brabham Climax,0.6055231690406799
1981,Brabham Climax,0.5989592671394348
1982,Brabham Climax,0.5936843752861023
1983,Brabham Climax,0.5897395610809326
1984,Brabham Climax,0.5870147943496704
1985,Brabham Climax,0.5853069424629211
1986,Brabham Climax,0.584373414516449
1987,Brabham Climax,0.5839738845825195
1988,Brabham Climax,0.5838984847068787
1989,Brabham Climax,0.583982527256012
1990,Brabham Climax,0.5841112732887268
1991,Brabham Climax,0.5842152237892151
1992,Brabham Climax,0.5842612385749817
1993,Brabham Climax,0.5842419266700745
1994,Brabham Climax,0.584164559841156
1995,Brabham Climax,0.5840424299240112
1996,Brabham Climax,0.5838885307312012
1997,Brabham Climax,0.5837133526802063
1998,Brabham Climax,0.5835248827934265
1999,Brabham Climax,0.5833320617675781
2000,Brabham Climax,0.5831484794616699
2001,Brabham Climax,0.5829960107803345
2002,Brabham Climax,0.5829055309295654
2003,Brabham Climax,0.5829121470451355
2004,Brabham Climax,0.5830418467521667
2005,Brabham Climax,0.5832910537719727
2006,Brabham Climax,0.5835995078086853
2007,Brabham Climax,0.5838226675987244
2008,Brabham Climax,0.5837152004241943
2009,Brabham Climax,0.5829417705535889
2010,Brabham Climax,0.5811324715614319
2011,Brabham Climax,0.5779993534088135
2012,Brabham Climax,0.5735205411911011
2013,Brabham Climax,0.5681722164154053
2014,Brabham Climax,0.5631582736968994
2015,Brabham Climax,0.5605400800704956
2016,Brabham Climax,0.5631377100944519
2017,Brabham Climax,0.5740664005279541
2018,Brabham Climax,0.5958150029182434
2019,Brabham Climax,0.6288161277770996
2020,Brabham Climax,0.6694495677947998
2021,Brabham Climax,0.7074919939041138
2022,Brabham Climax,0.7237905263900757
2023,Brabham Climax,0.6909644603729248
2024,Brabham Climax,0.5816854238510132
2025,Brabham Climax,0.3602086901664734
2026,Brabham Climax,0.2623216509819031
2027,Brabham Climax,0.23842091858386993
2028,Brabham Climax,0.23267102241516113
2029,Brabham Climax,0.23129287362098694
2030,Brabham Climax,0.2309628576040268
1958,Brabham Ford,0.501610517501831
1959,Brabham Ford,0.612729549407959
1960,Brabham Ford,0.6691725254058838
1961,Brabham Ford,0.6846848726272583
1962,Brabham Ford,0.676622748374939
1963,Brabham Ford,0.6609482765197754
1964,Brabham Ford,0.6503775119781494
1965,Brabham Ford,0.6534773707389832
1966,Brabham Ford,0.6734678745269775
1967,Brabham Ford,0.7061489820480347
1968,Brabham Ford,0.7372654676437378
1969,Brabham Ford,0.7511826753616333
1970,Brabham Ford,0.6822370290756226
1971,Brabham Ford,0.5364673137664795
1972,Brabham Ford,0.5186839699745178
1973,Brabham Ford,0.6285392045974731
1974,Brabham Ford,0.691155731678009
1975,Brabham Ford,0.780548632144928
1976,Brabham Ford,0.7923274636268616
1977,Brabham Ford,0.7492402791976929
1978,Brabham Ford,0.7064533233642578
1979,Brabham Ford,0.6167915463447571
1980,Brabham Ford,0.7289928197860718
1981,Brabham Ford,0.7527626156806946
1982,Brabham Ford,0.6286166310310364
1983,Brabham Ford,0.6940748691558838
1984,Brabham Ford,0.6629629135131836
1985,Brabham Ford,0.6344805359840393
1986,Brabham Ford,0.6159479022026062
1987,Brabham Ford,0.60724937915802
1988,Brabham Ford,0.6055996417999268
1989,Brabham Ford,0.6077886819839478
1990,Brabham Ford,0.6111466884613037
1991,Brabham Ford,0.6138525009155273
1992,Brabham Ford,0.6149231195449829
1993,Brabham Ford,0.6140624284744263
1994,Brabham Ford,0.6114595532417297
1995,Brabham Ford,0.6075864434242249
1996,Brabham Ford,0.6030228734016418
1997,Brabham Ford,0.5983246564865112
1998,Brabham Ford,0.5939404368400574
1999,Brabham Ford,0.5901747941970825
2000,Brabham Ford,0.5871880650520325
2001,Brabham Ford,0.5850206613540649
2002,Brabham Ford,0.5836281776428223
2003,Brabham Ford,0.5829134583473206
2004,Brabham Ford,0.582748532295227
2005,Brabham Ford,0.5829801559448242
2006,Brabham Ford,0.5834202170372009
2007,Brabham Ford,0.5838269591331482
2008,Brabham Ford,0.5838907957077026
2009,Brabham Ford,0.5832409858703613
2010,Brabham Ford,0.581495463848114
2011,Brabham Ford,0.5783702731132507
2012,Brabham Ford,0.5738561749458313
2013,Brabham Ford,0.5684456825256348
2014,Brabham Ford,0.5633584856987
2015,Brabham Ford,0.5606685280799866
2016,Brabham Ford,0.5632045865058899
2017,Brabham Ford,0.5740864872932434
2018,Brabham Ford,0.5958042740821838
2019,Brabham Ford,0.628788948059082
2020,Brabham Ford,0.6694175601005554
2021,Brabham Ford,0.707463264465332
2022,Brabham Ford,0.7237696647644043
2023,Brabham Ford,0.6909530162811279
2024,Brabham Ford,0.581682562828064
2025,Brabham Ford,0.3602086901664734
2026,Brabham Ford,0.2623216509819031
2027,Brabham Ford,0.23842091858386993
2028,Brabham Ford,0.23267102241516113
2029,Brabham Ford,0.23129287362098694
2030,Brabham Ford,0.2309628576040268
1958,Brabham Judd,0.5079297423362732
1959,Brabham Judd,0.6242629289627075
1960,Brabham Judd,0.6870366930961609
1961,Brabham Judd,0.708824098110199
1962,Brabham Judd,0.7046908140182495
1963,Brabham Judd,0.6872189044952393
1964,Brabham Judd,0.6651965379714966
1965,Brabham Judd,0.6439279317855835
1966,Brabham Judd,0.6260761618614197
1967,Brabham Judd,0.6125321388244629
1968,Brabham Judd,0.603123128414154
1969,Brabham Judd,0.5971260666847229
1970,Brabham Judd,0.5936096906661987
1971,Brabham Judd,0.591643214225769
1972,Brabham Judd,0.5904118418693542
1973,Brabham Judd,0.5892749428749084
1974,Brabham Judd,0.587794840335846
1975,Brabham Judd,0.5857599973678589
1976,Brabham Judd,0.5832126140594482
1977,Brabham Judd,0.580477774143219
1978,Brabham Judd,0.5781776309013367
1979,Brabham Judd,0.5771947503089905
1980,Brabham Judd,0.5785437226295471
1981,Brabham Judd,0.5831111669540405
1982,Brabham Judd,0.5912375450134277
1983,Brabham Judd,0.6021450757980347
1984,Brabham Judd,0.6132562756538391
1985,Brabham Judd,0.6195248961448669
1986,Brabham Judd,0.6130695343017578
1987,Brabham Judd,0.5836824178695679
1988,Brabham Judd,0.5208922028541565
1989,Brabham Judd,0.36143577098846436
1990,Brabham Judd,0.35308903455734253
1991,Brabham Judd,0.5107324719429016
1992,Brabham Judd,0.5520894527435303
1993,Brabham Judd,0.5773658156394958
1994,Brabham Judd,0.5945048928260803
1995,Brabham Judd,0.6061047315597534
1996,Brabham Judd,0.6131056547164917
1997,Brabham Judd,0.6161322593688965
1998,Brabham Judd,0.6159032583236694
1999,Brabham Judd,0.6132642030715942
2000,Brabham Judd,0.6090980172157288
2001,Brabham Judd,0.6042256951332092
2002,Brabham Judd,0.5993319153785706
2003,Brabham Judd,0.5949241518974304
2004,Brabham Judd,0.5913166403770447
2005,Brabham Judd,0.5886306166648865
2006,Brabham Judd,0.5868027806282043
2007,Brabham Judd,0.5855988264083862
2008,Brabham Judd,0.5846359729766846
2009,Brabham Judd,0.5834261775016785
2010,Brabham Judd,0.581455647945404
2011,Brabham Judd,0.5783164501190186
2012,Brabham Judd,0.5738964676856995
2013,Brabham Judd,0.5686125159263611
2014,Brabham Judd,0.5636358261108398
2015,Brabham Judd,0.5610157251358032
2016,Brabham Judd,0.5635738968849182
2017,Brabham Judd,0.5744356513023376
2018,Brabham Judd,0.5961026549339294
2019,Brabham Judd,0.6290198564529419
2020,Brabham Judd,0.6695771813392639
2021,Brabham Judd,0.7075579166412354
2022,Brabham Judd,0.7238123416900635
2023,Brabham Judd,0.6909604072570801
2024,Brabham Judd,0.5816722512245178
2025,Brabham Judd,0.3602086901664734
2026,Brabham Judd,0.2623216509819031
2027,Brabham Judd,0.23842091858386993
2028,Brabham Judd,0.23267102241516113
2029,Brabham Judd,0.23129287362098694
2030,Brabham Judd,0.2309628576040268
1958,Brabham Repco,0.48735135793685913
1959,Brabham Repco,0.596610963344574
1960,Brabham Repco,0.6575376987457275
1961,Brabham Repco,0.6881860494613647
1962,Brabham Repco,0.7094060778617859
1963,Brabham Repco,0.7376322746276855
1964,Brabham Repco,0.7804719805717468
1965,Brabham Repco,0.8332787156105042
1966,Brabham Repco,0.8925071358680725
1967,Brabham Repco,0.8806099891662598
1968,Brabham Repco,0.6894252896308899
1969,Brabham Repco,0.7045235633850098
1970,Brabham Repco,0.6381272077560425
1971,Brabham Repco,0.5898286700248718
1972,Brabham Repco,0.5641248822212219
1973,Brabham Repco,0.557152509689331
1974,Brabham Repco,0.5626419186592102
1975,Brabham Repco,0.5745150446891785
1976,Brabham Repco,0.5879529714584351
1977,Brabham Repco,0.5997008085250854
1978,Brabham Repco,0.6079829931259155
1979,Brabham Repco,0.6122325658798218
1980,Brabham Repco,0.6127470135688782
1981,Brabham Repco,0.610342800617218
1982,Brabham Repco,0.6060534715652466
1983,Brabham Repco,0.6008965969085693
1984,Brabham Repco,0.5957205295562744
1985,Brabham Repco,0.5911276340484619
1986,Brabham Repco,0.5874612331390381
1987,Brabham Repco,0.5848369598388672
1988,Brabham Repco,0.5831989049911499
1989,Brabham Repco,0.5823827981948853
1990,Brabham Repco,0.5821745991706848
1991,Brabham Repco,0.5823559761047363
1992,Brabham Repco,0.5827357172966003
1993,Brabham Repco,0.5831651091575623
1994,Brabham Repco,0.5835428833961487
1995,Brabham Repco,0.5838110446929932
1996,Brabham Repco,0.5839462876319885
1997,Brabham Repco,0.5839506983757019
1998,Brabham Repco,0.5838435888290405
1999,Brabham Repco,0.5836558938026428
2000,Brabham Repco,0.5834271311759949
2001,Brabham Repco,0.5832035541534424
2002,Brabham Repco,0.583035945892334
2003,Brabham Repco,0.5829728841781616
2004,Brabham Repco,0.5830483436584473
2005,Brabham Repco,0.5832615494728088
2006,Brabham Repco,0.5835511088371277
2007,Brabham Repco,0.5837693810462952
2008,Brabham Repco,0.5836668610572815
2009,Brabham Repco,0.5829039812088013
2010,Brabham Repco,0.5811071395874023
2011,Brabham Repco,0.577985942363739
2012,Brabham Repco,0.573516845703125
2013,Brabham Repco,0.5681754350662231
2014,Brabham Repco,0.563165545463562
2015,Brabham Repco,0.5605488419532776
2016,Brabham Repco,0.5631460547447205
2017,Brabham Repco,0.5740731954574585
2018,Brabham Repco,0.5958197712898254
2019,Brabham Repco,0.6288187503814697
2020,Brabham Repco,0.6694504022598267
2021,Brabham Repco,0.7074916362762451
2022,Brabham Repco,0.7237895727157593
2023,Brabham Repco,0.6909633874893188
2024,Brabham Repco,0.5816845893859863
2025,Brabham Repco,0.3602086901664734
2026,Brabham Repco,0.2623216509819031
2027,Brabham Repco,0.23842091858386993
2028,Brabham Repco,0.23267102241516113
2029,Brabham Repco,0.23129287362098694
2030,Brabham Repco,0.2309628576040268
1958,Brabham Yamaha,0.5079317688941956
1959,Brabham Yamaha,0.6242717504501343
1960,Brabham Yamaha,0.6870571374893188
1961,Brabham Yamaha,0.7088615894317627
1962,Brabham Yamaha,0.7047499418258667
1963,Brabham Yamaha,0.6873012185096741
1964,Brabham Yamaha,0.6652982234954834
1965,Brabham Yamaha,0.6440383791923523
1966,Brabham Yamaha,0.6261783838272095
1967,Brabham Yamaha,0.6126067638397217
1968,Brabham Yamaha,0.6031563878059387
1969,Brabham Yamaha,0.5971238613128662
1970,Brabham Yamaha,0.593614935874939
1971,Brabham Yamaha,0.5917542576789856
1972,Brabham Yamaha,0.5907948613166809
1973,Brabham Yamaha,0.5901601314544678
1974,Brabham Yamaha,0.5894469618797302
1975,Brabham Yamaha,0.588410496711731
1976,Brabham Yamaha,0.5869508385658264
1977,Brabham Yamaha,0.585109293460846
1978,Brabham Yamaha,0.5830766558647156
1979,Brabham Yamaha,0.5812033414840698
1980,Brabham Yamaha,0.5799923539161682
1981,Brabham Yamaha,0.5800480246543884
1982,Brabham Yamaha,0.5819514393806458
1983,Brabham Yamaha,0.5860434174537659
1984,Brabham Yamaha,0.5921131372451782
1985,Brabham Yamaha,0.5990208387374878
1986,Brabham Yamaha,0.6043261289596558
1987,Brabham Yamaha,0.6040544509887695
1988,Brabham Yamaha,0.5928270220756531
1989,Brabham Yamaha,0.5646657943725586
1990,Brabham Yamaha,0.5146121978759766
1991,Brabham Yamaha,0.374431312084198
1992,Brabham Yamaha,0.5155983567237854
1993,Brabham Yamaha,0.5481292009353638
1994,Brabham Yamaha,0.5683233141899109
1995,Brabham Yamaha,0.5825639963150024
1996,Brabham Yamaha,0.5926576852798462
1997,Brabham Yamaha,0.5991806387901306
1998,Brabham Yamaha,0.6025381088256836
1999,Brabham Yamaha,0.6032605171203613
2000,Brabham Yamaha,0.602008581161499
2001,Brabham Yamaha,0.5994899272918701
2002,Brabham Yamaha,0.5963699817657471
2003,Brabham Yamaha,0.5932036638259888
2004,Brabham Yamaha,0.5903925895690918
2005,Brabham Yamaha,0.5881617069244385
2006,Brabham Yamaha,0.5865505337715149
2007,Brabham Yamaha,0.5854144096374512
2008,Brabham Yamaha,0.5844414234161377
2009,Brabham Yamaha,0.5831938982009888
2010,Brabham Yamaha,0.5811891555786133
2011,Brabham Yamaha,0.5780349373817444
2012,Brabham Yamaha,0.5736232995986938
2013,Brabham Yamaha,0.5683682560920715
2014,Brabham Yamaha,0.5634340047836304
2015,Brabham Yamaha,0.5608623623847961
2016,Brabham Yamaha,0.563468337059021
2017,Brabham Yamaha,0.5743719339370728
2018,Brabham Yamaha,0.5960719585418701
2019,Brabham Yamaha,0.6290124654769897
2020,Brabham Yamaha,0.6695838570594788
2021,Brabham Yamaha,0.7075707912445068
2022,Brabham Yamaha,0.7238256335258484
2023,Brabham Yamaha,0.6909703612327576
2024,Brabham Yamaha,0.5816769003868103
2025,Brabham Yamaha,0.3602086901664734
2026,Brabham Yamaha,0.2623216509819031
2027,Brabham Yamaha,0.23842091858386993
2028,Brabham Yamaha,0.23267102241516113
2029,Brabham Yamaha,0.23129287362098694
2030,Brabham Yamaha,0.2309628576040268
1958,Brawn Mercedes,0.507928729057312
1959,Brawn Mercedes,0.6242689490318298
1960,Brawn Mercedes,0.6870570182800293
1961,Brawn Mercedes,0.7088682055473328
1962,Brawn Mercedes,0.7047686576843262
1963,Brawn Mercedes,0.6873378753662109
1964,Brawn Mercedes,0.6653579473495483
1965,Brawn Mercedes,0.6441229581832886
1966,Brawn Mercedes,0.6262838840484619
1967,Brawn Mercedes,0.6127212643623352
1968,Brawn Mercedes,0.6032602787017822
1969,Brawn Mercedes,0.5971930027008057
1970,Brawn Mercedes,0.5936291217803955
1971,Brawn Mercedes,0.5917109847068787
1972,Brawn Mercedes,0.5907289385795593
1973,Brawn Mercedes,0.590164840221405
1974,Brawn Mercedes,0.5896902084350586
1975,Brawn Mercedes,0.5891363024711609
1976,Brawn Mercedes,0.5884528160095215
1977,Brawn Mercedes,0.5876647233963013
1978,Brawn Mercedes,0.5868340730667114
1979,Brawn Mercedes,0.5860307812690735
1980,Brawn Mercedes,0.5853130221366882
1981,Brawn Mercedes,0.5847166180610657
1982,Brawn Mercedes,0.5842517614364624
1983,Brawn Mercedes,0.5839055776596069
1984,Brawn Mercedes,0.5836487412452698
1985,Brawn Mercedes,0.5834447145462036
1986,Brawn Mercedes,0.5832608938217163
1987,Brawn Mercedes,0.5830802321434021
1988,Brawn Mercedes,0.5829119086265564
1989,Brawn Mercedes,0.5827978253364563
1990,Brawn Mercedes,0.5828109979629517
1991,Brawn Mercedes,0.5830423831939697
1992,Brawn Mercedes,0.5835715532302856
1993,Brawn Mercedes,0.5844205021858215
1994,Brawn Mercedes,0.5854960680007935
1995,Brawn Mercedes,0.5865326523780823
1996,Brawn Mercedes,0.5870588421821594
1997,Brawn Mercedes,0.5864207744598389
1998,Brawn Mercedes,0.5838996767997742
1999,Brawn Mercedes,0.57895827293396
2000,Brawn Mercedes,0.5716245770454407
2001,Brawn Mercedes,0.5629693865776062
2002,Brawn Mercedes,0.5555501580238342
2003,Brawn Mercedes,0.553589403629303
2004,Brawn Mercedes,0.5625951886177063
2005,Brawn Mercedes,0.588219165802002
2006,Brawn Mercedes,0.6343905925750732
2007,Brawn Mercedes,0.7009019255638123
2008,Brawn Mercedes,0.7803822755813599
2009,Brawn Mercedes,0.8928960561752319
2010,Brawn Mercedes,0.8270080089569092
2011,Brawn Mercedes,0.7190190553665161
2012,Brawn Mercedes,0.6264805793762207
2013,Brawn Mercedes,0.5613170266151428
2014,Brawn Mercedes,0.5237812399864197
2015,Brawn Mercedes,0.510251522064209
2016,Brawn Mercedes,0.5166655778884888
2017,Brawn Mercedes,0.5397105813026428
2018,Brawn Mercedes,0.5766215324401855
2019,Brawn Mercedes,0.6240139007568359
2020,Brawn Mercedes,0.6758889555931091
2021,Brawn Mercedes,0.7208818793296814
2022,Brawn Mercedes,0.7396197319030762
2023,Brawn Mercedes,0.7051877975463867
2024,Brawn Mercedes,0.5913771390914917
2025,Brawn Mercedes,0.3602086901664734
2026,Brawn Mercedes,0.2623216509819031
2027,Brawn Mercedes,0.23842091858386993
2028,Brawn Mercedes,0.23267102241516113
2029,Brawn Mercedes,0.23129287362098694
2030,Brawn Mercedes,0.2309628576040268
1958,Caterham Renault,0.507928729057312
1959,Caterham Renault,0.6242690086364746
1960,Caterham Renault,0.6870570182800293
1961,Caterham Renault,0.7088683247566223
1962,Caterham Renault,0.7047687768936157
1963,Caterham Renault,0.6873380541801453
1964,Caterham Renault,0.6653580665588379
1965,Caterham Renault,0.6441229581832886
1966,Caterham Renault,0.6262836456298828
1967,Caterham Renault,0.6127206087112427
1968,Caterham Renault,0.603259265422821
1969,Caterham Renault,0.5971917510032654
1970,Caterham Renault,0.5936278700828552
1971,Caterham Renault,0.5917103290557861
1972,Caterham Renault,0.5907295942306519
1973,Caterham Renault,0.5901676416397095
1974,Caterham Renault,0.5896956920623779
1975,Caterham Renault,0.5891445279121399
1976,Caterham Renault,0.588462769985199
1977,Caterham Renault,0.5876738429069519
1978,Caterham Renault,0.5868380069732666
1979,Caterham Renault,0.58602374792099
1980,Caterham Renault,0.5852887034416199
1981,Caterham Renault,0.58467036485672
1982,Caterham Renault,0.5841835737228394
1983,Caterham Renault,0.5838238596916199
1984,Caterham Renault,0.5835733413696289
1985,Caterham Renault,0.5834083557128906
1986,Caterham Renault,0.5833059549331665
1987,Caterham Renault,0.5832496881484985
1988,Caterham Renault,0.5832321047782898
1989,Caterham Renault,0.5832534432411194
1990,Caterham Renault,0.5833166241645813
1991,Caterham Renault,0.5834171772003174
1992,Caterham Renault,0.5835307240486145
1993,Caterham Renault,0.5835987329483032
1994,Caterham Renault,0.5835193991661072
1995,Caterham Renault,0.5831480622291565
1996,Caterham Renault,0.5823168754577637
1997,Caterham Renault,0.5808793306350708
1998,Caterham Renault,0.5787830352783203
1999,Caterham Renault,0.5761657953262329
2000,Caterham Renault,0.5734546780586243
2001,Caterham Renault,0.5714325308799744
2002,Caterham Renault,0.5712209343910217
2003,Caterham Renault,0.5741204619407654
2004,Caterham Renault,0.5812568664550781
2005,Caterham Renault,0.5930054783821106
2006,Caterham Renault,0.6081985235214233
2007,Caterham Renault,0.6231681108474731
2008,Caterham Renault,0.6307955980300903
2009,Caterham Renault,0.6200176477432251
2010,Caterham Renault,0.5766867399215698
2011,Caterham Renault,0.48686182498931885
2012,Caterham Renault,0.2806699872016907
2013,Caterham Renault,0.2249341905117035
2014,Caterham Renault,0.26160377264022827
2015,Caterham Renault,0.45089054107666016
2016,Caterham Renault,0.5247732996940613
2017,Caterham Renault,0.5817332863807678
2018,Caterham Renault,0.6322817802429199
2019,Caterham Renault,0.68089759349823
2020,Caterham Renault,0.7266965508460999
2021,Caterham Renault,0.7618128657341003
2022,Caterham Renault,0.7693281769752502
2023,Caterham Renault,0.7241616249084473
2024,Caterham Renault,0.6015599966049194
2025,Caterham Renault,0.3602086901664734
2026,Caterham Renault,0.2623216509819031
2027,Caterham Renault,0.23842091858386993
2028,Caterham Renault,0.23267102241516113
2029,Caterham Renault,0.23129287362098694
2030,Caterham Renault,0.2309628576040268
1958,Cooper BRM,0.5042409300804138
1959,Cooper BRM,0.6203797459602356
1960,Cooper BRM,0.6840726733207703
1961,Cooper BRM,0.708361804485321
1962,Cooper BRM,0.7085280418395996
1963,Cooper BRM,0.6967648267745972
1964,Cooper BRM,0.6804537177085876
1965,Cooper BRM,0.6620756983757019
1966,Cooper BRM,0.6398320198059082
1967,Cooper BRM,0.6086194515228271
1968,Cooper BRM,0.5204328298568726
1969,Cooper BRM,0.6056995391845703
1970,Cooper BRM,0.6026338338851929
1971,Cooper BRM,0.595154345035553
1972,Cooper BRM,0.5901391506195068
1973,Cooper BRM,0.5885641574859619
1974,Cooper BRM,0.5895167589187622
1975,Cooper BRM,0.5917022228240967
1976,Cooper BRM,0.5940216183662415
1977,Cooper BRM,0.5957486033439636
1978,Cooper BRM,0.5965291261672974
1979,Cooper BRM,0.5963093042373657
1980,Cooper BRM,0.5952392816543579
1981,Cooper BRM,0.5935785174369812
1982,Cooper BRM,0.5916169881820679
1983,Cooper BRM,0.5896182060241699
1984,Cooper BRM,0.5877853035926819
1985,Cooper BRM,0.5862478017807007
1986,Cooper BRM,0.5850642919540405
1987,Cooper BRM,0.5842349529266357
1988,Cooper BRM,0.5837193727493286
1989,Cooper BRM,0.5834540724754333
1990,Cooper BRM,0.583368182182312
1991,Cooper BRM,0.5833946466445923
1992,Cooper BRM,0.5834769010543823
1993,Cooper BRM,0.5835717916488647
1994,Cooper BRM,0.583649218082428
1995,Cooper BRM,0.5836901664733887
1996,Cooper BRM,0.5836842060089111
1997,Cooper BRM,0.5836277008056641
1998,Cooper BRM,0.5835233330726624
1999,Cooper BRM,0.583380937576294
2000,Cooper BRM,0.5832194685935974
2001,Cooper BRM,0.583068311214447
2002,Cooper BRM,0.5829662084579468
2003,Cooper BRM,0.5829548239707947
2004,Cooper BRM,0.5830655097961426
2005,Cooper BRM,0.5832982063293457
2006,Cooper BRM,0.5835945010185242
2007,Cooper BRM,0.5838100910186768
2008,Cooper BRM,0.5836994051933289
2009,Cooper BRM,0.5829260945320129
2010,Cooper BRM,0.5811190009117126
2011,Cooper BRM,0.5779893398284912
2012,Cooper BRM,0.5735141634941101
2013,Cooper BRM,0.568169116973877
2014,Cooper BRM,0.5631577372550964
2015,Cooper BRM,0.5605413317680359
2016,Cooper BRM,0.5631398558616638
2017,Cooper BRM,0.5740688443183899
2018,Cooper BRM,0.5958172082901001
2019,Cooper BRM,0.6288176774978638
2020,Cooper BRM,0.6694505214691162
2021,Cooper BRM,0.707492470741272
2022,Cooper BRM,0.7237905859947205
2023,Cooper BRM,0.6909643411636353
2024,Cooper BRM,0.5816851854324341
2025,Cooper BRM,0.3602086901664734
2026,Cooper BRM,0.2623216509819031
2027,Cooper BRM,0.23842091858386993
2028,Cooper BRM,0.23267102241516113
2029,Cooper BRM,0.23129287362098694
2030,Cooper BRM,0.2309628576040268
1958,Cooper Castellotti,0.5170624256134033
1959,Cooper Castellotti,0.6242631673812866
1960,Cooper Castellotti,0.6359164714813232
1961,Cooper Castellotti,0.7242912650108337
1962,Cooper Castellotti,0.7178492546081543
1963,Cooper Castellotti,0.6931498050689697
1964,Cooper Castellotti,0.6654000282287598
1965,Cooper Castellotti,0.6415164470672607
1966,Cooper Castellotti,0.6237624883651733
1967,Cooper Castellotti,0.6120064854621887
1968,Cooper Castellotti,0.605060338973999
1969,Cooper Castellotti,0.6014381647109985
1970,Cooper Castellotti,0.5997612476348877
1971,Cooper Castellotti,0.598947286605835
1972,Cooper Castellotti,0.5982670783996582
1973,Cooper Castellotti,0.5973206758499146
1974,Cooper Castellotti,0.5959715247154236
1975,Cooper Castellotti,0.59426349401474
1976,Cooper Castellotti,0.5923404693603516
1977,Cooper Castellotti,0.5903791189193726
1978,Cooper Castellotti,0.5885416865348816
1979,Cooper Castellotti,0.5869482755661011
1980,Cooper Castellotti,0.5856664776802063
1981,Cooper Castellotti,0.5847136974334717
1982,Cooper Castellotti,0.5840678811073303
1983,Cooper Castellotti,0.5836803913116455
1984,Cooper Castellotti,0.5834900736808777
1985,Cooper Castellotti,0.5834348201751709
1986,Cooper Castellotti,0.5834593176841736
1987,Cooper Castellotti,0.5835200548171997
1988,Cooper Castellotti,0.5835866332054138
1989,Cooper Castellotti,0.5836412906646729
1990,Cooper Castellotti,0.5836761593818665
1991,Cooper Castellotti,0.5836906433105469
1992,Cooper Castellotti,0.5836877226829529
1993,Cooper Castellotti,0.5836711525917053
1994,Cooper Castellotti,0.5836430788040161
1995,Cooper Castellotti,0.583603024482727
1996,Cooper Castellotti,0.5835475921630859
1997,Cooper Castellotti,0.5834722518920898
1998,Cooper Castellotti,0.5833735466003418
1999,Cooper Castellotti,0.5832533836364746
2000,Cooper Castellotti,0.5831226110458374
2001,Cooper Castellotti,0.5830038189888
2002,Cooper Castellotti,0.5829308032989502
2003,Cooper Castellotti,0.5829424858093262
2004,Cooper Castellotti,0.5830690860748291
2005,Cooper Castellotti,0.5833110809326172
2006,Cooper Castellotti,0.5836108326911926
2007,Cooper Castellotti,0.5838258862495422
2008,Cooper Castellotti,0.5837123394012451
2009,Cooper Castellotti,0.5829349756240845
2010,Cooper Castellotti,0.5811238288879395
2011,Cooper Castellotti,0.577990710735321
2012,Cooper Castellotti,0.5735130310058594
2013,Cooper Castellotti,0.5681664347648621
2014,Cooper Castellotti,0.5631544589996338
2015,Cooper Castellotti,0.560538113117218
2016,Cooper Castellotti,0.5631371140480042
2017,Cooper Castellotti,0.5740668177604675
2018,Cooper Castellotti,0.5958160161972046
2019,Cooper Castellotti,0.6288173198699951
2020,Cooper Castellotti,0.6694506406784058
2021,Cooper Castellotti,0.7074928283691406
2022,Cooper Castellotti,0.7237911224365234
2023,Cooper Castellotti,0.6909648180007935
2024,Cooper Castellotti,0.581685483455658
2025,Cooper Castellotti,0.3602086901664734
2026,Cooper Castellotti,0.2623216509819031
2027,Cooper Castellotti,0.23842091858386993
2028,Cooper Castellotti,0.23267102241516113
2029,Cooper Castellotti,0.23129287362098694
2030,Cooper Castellotti,0.2309628576040268
1958,Cooper Climax,0.679283618927002
1959,Cooper Climax,0.8938381671905518
1960,Cooper Climax,0.9815459251403809
1961,Cooper Climax,0.9291874170303345
1962,Cooper Climax,0.8813483715057373
1963,Cooper Climax,0.7852833271026611
1964,Cooper Climax,0.7181334495544434
1965,Cooper Climax,0.6722533702850342
1966,Cooper Climax,0.6647475361824036
1967,Cooper Climax,0.533239483833313
1968,Cooper Climax,0.6154054403305054
1969,Cooper Climax,0.6158035397529602
1970,Cooper Climax,0.6156409978866577
1971,Cooper Climax,0.6180968284606934
1972,Cooper Climax,0.622309684753418
1973,Cooper Climax,0.6264692544937134
1974,Cooper Climax,0.6290854215621948
1975,Cooper Climax,0.6293715238571167
1976,Cooper Climax,0.627214252948761
1977,Cooper Climax,0.6229885816574097
1978,Cooper Climax,0.6173439621925354
1979,Cooper Climax,0.6110152006149292
1980,Cooper Climax,0.6046813130378723
1981,Cooper Climax,0.5988761186599731
1982,Cooper Climax,0.5939487218856812
1983,Cooper Climax,0.5900638699531555
1984,Cooper Climax,0.5872297286987305
1985,Cooper Climax,0.5853409767150879
1986,Cooper Climax,0.5842249393463135
1987,Cooper Climax,0.5836828947067261
1988,Cooper Climax,0.5835232734680176
1989,Cooper Climax,0.5835821628570557
1990,Cooper Climax,0.5837341547012329
1991,Cooper Climax,0.5838944315910339
1992,Cooper Climax,0.5840135216712952
1993,Cooper Climax,0.5840701460838318
1994,Cooper Climax,0.5840612649917603
1995,Cooper Climax,0.5839942097663879
1996,Cooper Climax,0.5838796496391296
1997,Cooper Climax,0.583728551864624
1998,Cooper Climax,0.5835515856742859
1999,Cooper Climax,0.5833606123924255
2000,Cooper Climax,0.5831727981567383
2001,Cooper Climax,0.583013117313385
2002,Cooper Climax,0.5829148292541504
2003,Cooper Climax,0.582914412021637
2004,Cooper Climax,0.5830389261245728
2005,Cooper Climax,0.5832850337028503
2006,Cooper Climax,0.5835922360420227
2007,Cooper Climax,0.5838154554367065
2008,Cooper Climax,0.583709180355072
2009,Cooper Climax,0.5829373598098755
2010,Cooper Climax,0.5811296105384827
2011,Cooper Climax,0.5779979825019836
2012,Cooper Climax,0.5735201835632324
2013,Cooper Climax,0.5681726932525635
2014,Cooper Climax,0.563159167766571
2015,Cooper Climax,0.5605411529541016
2016,Cooper Climax,0.5631386637687683
2017,Cooper Climax,0.5740671753883362
2018,Cooper Climax,0.5958155393600464
2019,Cooper Climax,0.6288164258003235
2020,Cooper Climax,0.6694496273994446
2021,Cooper Climax,0.7074918746948242
2022,Cooper Climax,0.7237904071807861
2023,Cooper Climax,0.6909643411636353
2024,Cooper Climax,0.5816853046417236
2025,Cooper Climax,0.3602086901664734
2026,Cooper Climax,0.2623216509819031
2027,Cooper Climax,0.23842091858386993
2028,Cooper Climax,0.23267102241516113
2029,Cooper Climax,0.23129287362098694
2030,Cooper Climax,0.2309628576040268
1958,Cooper Maserati,0.5121761560440063
1959,Cooper Maserati,0.6239606738090515
1960,Cooper Maserati,0.6520781517028809
1961,Cooper Maserati,0.7313672304153442
1962,Cooper Maserati,0.7323756217956543
1963,Cooper Maserati,0.7298460006713867
1964,Cooper Maserati,0.7381322383880615
1965,Cooper Maserati,0.7561944127082825
1966,Cooper Maserati,0.7644929885864258
1967,Cooper Maserati,0.7792482972145081
1968,Cooper Maserati,0.7652996182441711
1969,Cooper Maserati,0.6921789646148682
1970,Cooper Maserati,0.6318162679672241
1971,Cooper Maserati,0.5924835801124573
1972,Cooper Maserati,0.5726798176765442
1973,Cooper Maserati,0.5675109624862671
1974,Cooper Maserati,0.5715307593345642
1975,Cooper Maserati,0.5799962282180786
1976,Cooper Maserati,0.5893421173095703
1977,Cooper Maserati,0.5972571969032288
1978,Cooper Maserati,0.6025515794754028
1979,Cooper Maserati,0.60491943359375
1980,Cooper Maserati,0.6046656370162964
1981,Cooper Maserati,0.6024421453475952
1982,Cooper Maserati,0.59902423620224
1983,Cooper Maserati,0.5951451063156128
1984,Cooper Maserati,0.5913926362991333
1985,Cooper Maserati,0.5881642699241638
1986,Cooper Maserati,0.585667073726654
1987,Cooper Maserati,0.5839475393295288
1988,Cooper Maserati,0.5829362273216248
1989,Cooper Maserati,0.5824953317642212
1990,Cooper Maserati,0.582460343837738
1991,Cooper Maserati,0.5826712846755981
1992,Cooper Maserati,0.5829929709434509
1993,Cooper Maserati,0.5833238363265991
1994,Cooper Maserati,0.5835973024368286
1995,Cooper Maserati,0.5837773680686951
1996,Cooper Maserati,0.5838515162467957
1997,Cooper Maserati,0.5838238596916199
1998,Cooper Maserati,0.5837101340293884
1999,Cooper Maserati,0.5835346579551697
2000,Cooper Maserati,0.5833293795585632
2001,Cooper Maserati,0.5831338763237
2002,Cooper Maserati,0.5829934477806091
2003,Cooper Maserati,0.5829534530639648
2004,Cooper Maserati,0.583046019077301
2005,Cooper Maserati,0.5832701325416565
2006,Cooper Maserati,0.5835650563240051
2007,Cooper Maserati,0.5837843418121338
2008,Cooper Maserati,0.5836800336837769
2009,Cooper Maserati,0.5829138159751892
2010,Cooper Maserati,0.5811132788658142
2011,Cooper Maserati,0.5779886841773987
2012,Cooper Maserati,0.5735169053077698
2013,Cooper Maserati,0.5681736469268799
2014,Cooper Maserati,0.5631627440452576
2015,Cooper Maserati,0.5605458617210388
2016,Cooper Maserati,0.5631434917449951
2017,Cooper Maserati,0.5740712285041809
2018,Cooper Maserati,0.5958184599876404
2019,Cooper Maserati,0.6288180947303772
2020,Cooper Maserati,0.6694502830505371
2021,Cooper Maserati,0.7074918150901794
2022,Cooper Maserati,0.7237899303436279
2023,Cooper Maserati,0.6909636855125427
2024,Cooper Maserati,0.5816847681999207
2025,Cooper Maserati,0.3602086901664734
2026,Cooper Maserati,0.2623216509819031
2027,Cooper Maserati,0.23842091858386993
2028,Cooper Maserati,0.23267102241516113
2029,Cooper Maserati,0.23129287362098694
2030,Cooper Maserati,0.2309628576040268
1958,Dallara Ferrari,0.5079309940338135
1959,Dallara Ferrari,0.6242721080780029
1960,Dallara Ferrari,0.6870598793029785
1961,Dallara Ferrari,0.7088682055473328
1962,Dallara Ferrari,0.7047616839408875
1963,Dallara Ferrari,0.6873185634613037
1964,Dallara Ferrari,0.6653201580047607
1965,Dallara Ferrari,0.644061803817749
1966,Dallara Ferrari,0.6261977553367615
1967,Dallara Ferrari,0.6126142740249634
1968,Dallara Ferrari,0.6031445860862732
1969,Dallara Ferrari,0.597088634967804
1970,Dallara Ferrari,0.5935604572296143
1971,Dallara Ferrari,0.5916987061500549
1972,Dallara Ferrari,0.5907754898071289
1973,Dallara Ferrari,0.5902349948883057
1974,Dallara Ferrari,0.5896896719932556
1975,Dallara Ferrari,0.5888954401016235
1976,Dallara Ferrari,0.5877254009246826
1977,Dallara Ferrari,0.5861546397209167
1978,Dallara Ferrari,0.5842623710632324
1979,Dallara Ferrari,0.582249104976654
1980,Dallara Ferrari,0.5804567933082581
1981,Dallara Ferrari,0.5793711543083191
1982,Dallara Ferrari,0.5795762538909912
1983,Dallara Ferrari,0.5816341638565063
1984,Dallara Ferrari,0.5858697891235352
1985,Dallara Ferrari,0.5920588374137878
1986,Dallara Ferrari,0.5990493893623352
1987,Dallara Ferrari,0.6043883562088013
1988,Dallara Ferrari,0.6040886640548706
1989,Dallara Ferrari,0.5927619934082031
1990,Dallara Ferrari,0.5644302368164062
1991,Dallara Ferrari,0.5141547918319702
1992,Dallara Ferrari,0.37361395359039307
1993,Dallara Ferrari,0.5150278806686401
1994,Dallara Ferrari,0.547783613204956
1995,Dallara Ferrari,0.5681592226028442
1996,Dallara Ferrari,0.58251953125
1997,Dallara Ferrari,0.592671811580658
1998,Dallara Ferrari,0.5992035269737244
1999,Dallara Ferrari,0.6025383472442627
2000,Dallara Ferrari,0.6032285094261169
2001,Dallara Ferrari,0.6019576191902161
2002,Dallara Ferrari,0.5994528532028198
2003,Dallara Ferrari,0.5963901877403259
2004,Dallara Ferrari,0.5933188199996948
2005,Dallara Ferrari,0.5906111001968384
2006,Dallara Ferrari,0.5884333848953247
2007,Dallara Ferrari,0.5867383480072021
2008,Dallara Ferrari,0.5852778553962708
2009,Dallara Ferrari,0.5836473107337952
2010,Dallara Ferrari,0.5813723802566528
2011,Dallara Ferrari,0.5780513882637024
2012,Dallara Ferrari,0.5735570192337036
2013,Dallara Ferrari,0.5682796835899353
2014,Dallara Ferrari,0.5633608102798462
2015,Dallara Ferrari,0.5608226656913757
2016,Dallara Ferrari,0.5634658336639404
2017,Dallara Ferrari,0.5744010806083679
2018,Dallara Ferrari,0.5961223840713501
2019,Dallara Ferrari,0.6290726661682129
2020,Dallara Ferrari,0.6696435809135437
2021,Dallara Ferrari,0.7076222896575928
2022,Dallara Ferrari,0.7238641381263733
2023,Dallara Ferrari,0.6909940242767334
2024,Dallara Ferrari,0.5816868543624878
2025,Dallara Ferrari,0.3602086901664734
2026,Dallara Ferrari,0.2623216509819031
2027,Dallara Ferrari,0.23842091858386993
2028,Dallara Ferrari,0.23267102241516113
2029,Dallara Ferrari,0.23129287362098694
2030,Dallara Ferrari,0.2309628576040268
1958,Dallara Ford,0.5079286694526672
1959,Dallara Ford,0.6242655515670776
1960,Dallara Ford,0.6870467066764832
1961,Dallara Ford,0.7088462710380554
1962,Dallara Ford,0.7047299146652222
1963,Dallara Ford,0.6872777938842773
1964,Dallara Ford,0.6652747988700867
1965,Dallara Ford,0.644019365310669
1966,Dallara Ford,0.6261679530143738
1967,Dallara Ford,0.6126062870025635
1968,Dallara Ford,0.6031611561775208
1969,Dallara Ford,0.597118616104126
1970,Dallara Ford,0.5935705900192261
1971,Dallara Ford,0.5916262269020081
1972,Dallara Ford,0.5905270576477051
1973,Dallara Ford,0.5896959900856018
1974,Dallara Ford,0.5887497663497925
1975,Dallara Ford,0.5874925255775452
1976,Dallara Ford,0.5859081745147705
1977,Dallara Ford,0.5841529965400696
1978,Dallara Ford,0.5825459361076355
1979,Dallara Ford,0.5815432667732239
1980,Dallara Ford,0.5816754698753357
1981,Dallara Ford,0.5834254622459412
1982,Dallara Ford,0.5870313048362732
1983,Dallara Ford,0.5922101140022278
1984,Dallara Ford,0.5978244543075562
1985,Dallara Ford,0.6015459895133972
1986,Dallara Ford,0.5996330380439758
1987,Dallara Ford,0.5870375633239746
1988,Dallara Ford,0.5580180287361145
1989,Dallara Ford,0.4570072293281555
1990,Dallara Ford,0.5656798481941223
1991,Dallara Ford,0.5767489075660706
1992,Dallara Ford,0.5798402428627014
1993,Dallara Ford,0.5821321606636047
1994,Dallara Ford,0.5851296782493591
1995,Dallara Ford,0.5885524153709412
1996,Dallara Ford,0.5917277932167053
1997,Dallara Ford,0.594103217124939
1998,Dallara Ford,0.5953901410102844
1999,Dallara Ford,0.5955560803413391
2000,Dallara Ford,0.5947622060775757
2001,Dallara Ford,0.5932871103286743
2002,Dallara Ford,0.5914551019668579
2003,Dallara Ford,0.5895763039588928
2004,Dallara Ford,0.5878989100456238
2005,Dallara Ford,0.5865718722343445
2006,Dallara Ford,0.5856170654296875
2007,Dallara Ford,0.5849114060401917
2008,Dallara Ford,0.5841859579086304
2009,Dallara Ford,0.5830532908439636
2010,Dallara Ford,0.5810791254043579
2011,Dallara Ford,0.5779111385345459
2012,Dallara Ford,0.5734710097312927
2013,Dallara Ford,0.5681911706924438
2014,Dallara Ford,0.5632455945014954
2015,Dallara Ford,0.5606784820556641
2016,Dallara Ford,0.5633029341697693
2017,Dallara Ford,0.5742344856262207
2018,Dallara Ford,0.5959669947624207
2019,Dallara Ford,0.6289397478103638
2020,Dallara Ford,0.6695394515991211
2021,Dallara Ford,0.7075488567352295
2022,Dallara Ford,0.7238192558288574
2023,Dallara Ford,0.6909726858139038
2024,Dallara Ford,0.5816819071769714
2025,Dallara Ford,0.3602086901664734
2026,Dallara Ford,0.2623216509819031
2027,Dallara Ford,0.23842091858386993
2028,Dallara Ford,0.23267102241516113
2029,Dallara Ford,0.23129287362098694
2030,Dallara Ford,0.2309628576040268
1958,Dallara Judd,0.507929801940918
1959,Dallara Judd,0.6242702007293701
1960,Dallara Judd,0.6870569586753845
1961,Dallara Judd,0.7088644504547119
1962,Dallara Judd,0.7047573924064636
1963,Dallara Judd,0.6873141527175903
1964,Dallara Judd,0.6653165221214294
1965,Dallara Judd,0.6440597772598267
1966,Dallara Judd,0.6261973977088928
1967,Dallara Judd,0.6126145720481873
1968,Dallara Judd,0.6031423807144165
1969,Dallara Judd,0.5970779657363892
1970,Dallara Judd,0.593532383441925
1971,Dallara Judd,0.5916417241096497
1972,Dallara Judd,0.5906775593757629
1973,Dallara Judd,0.5900877714157104
1974,Dallara Judd,0.5894932746887207
1975,Dallara Judd,0.5886655449867249
1976,Dallara Judd,0.5874987244606018
1977,Dallara Judd,0.5859916806221008
1978,Dallara Judd,0.5842437744140625
1979,Dallara Judd,0.5824621319770813
1980,Dallara Judd,0.5809706449508667
1981,Dallara Judd,0.5802014470100403
1982,Dallara Judd,0.5806459188461304
1983,Dallara Judd,0.5827410221099854
1984,Dallara Judd,0.5866755247116089
1985,Dallara Judd,0.5921149253845215
1986,Dallara Judd,0.5978673100471497
1987,Dallara Judd,0.6015506386756897
1988,Dallara Judd,0.5993800759315491
1989,Dallara Judd,0.5862970352172852
1990,Dallara Judd,0.5566124320030212
1991,Dallara Judd,0.45446789264678955
1992,Dallara Judd,0.5639615058898926
1993,Dallara Judd,0.5757437348365784
1994,Dallara Judd,0.579414427280426
1995,Dallara Judd,0.5821021199226379
1996,Dallara Judd,0.5853143334388733
1997,Dallara Judd,0.5887995362281799
1998,Dallara Judd,0.5919263362884521
1999,Dallara Judd,0.5941893458366394
2000,Dallara Judd,0.5953482985496521
2001,Dallara Judd,0.5954173803329468
2002,Dallara Judd,0.5945972800254822
2003,Dallara Judd,0.5931910872459412
2004,Dallara Judd,0.5915218591690063
2005,Dallara Judd,0.58985835313797
2006,Dallara Judd,0.5883561968803406
2007,Dallara Judd,0.5870155096054077
2008,Dallara Judd,0.5856658816337585
2009,Dallara Judd,0.583987295627594
2010,Dallara Judd,0.5815815925598145
2011,Dallara Judd,0.578106701374054
2012,Dallara Judd,0.5734750628471375
2013,Dallara Judd,0.5680987238883972
2014,Dallara Judd,0.5631259679794312
2015,Dallara Judd,0.5605757236480713
2016,Dallara Judd,0.5632390379905701
2017,Dallara Judd,0.5742148756980896
2018,Dallara Judd,0.5959859490394592
2019,Dallara Judd,0.6289856433868408
2020,Dallara Judd,0.6695990562438965
2021,Dallara Judd,0.7076097130775452
2022,Dallara Judd,0.7238714694976807
2023,Dallara Judd,0.6910096406936646
2024,Dallara Judd,0.5817012190818787
2025,Dallara Judd,0.3602086901664734
2026,Dallara Judd,0.2623216509819031
2027,Dallara Judd,0.23842091858386993
2028,Dallara Judd,0.23267102241516113
2029,Dallara Judd,0.23129287362098694
2030,Dallara Judd,0.2309628576040268
1958,Eagle Climax,0.5058560967445374
1959,Eagle Climax,0.6246523857116699
1960,Eagle Climax,0.6915228366851807
1961,Eagle Climax,0.718517005443573
1962,Eagle Climax,0.7191345691680908
1963,Eagle Climax,0.7029801607131958
1964,Eagle Climax,0.6743373870849609
1965,Eagle Climax,0.6327510476112366
1966,Eagle Climax,0.5325053930282593
1967,Eagle Climax,0.6140602827072144
1968,Eagle Climax,0.6087468266487122
1969,Eagle Climax,0.5999075770378113
1970,Eagle Climax,0.5940486788749695
1971,Eagle Climax,0.5919368863105774
1972,Eagle Climax,0.5925157070159912
1973,Eagle Climax,0.5943937301635742
1974,Eagle Climax,0.596416175365448
1975,Eagle Climax,0.5978325009346008
1976,Eagle Climax,0.5982871055603027
1977,Eagle Climax,0.5977378487586975
1978,Eagle Climax,0.5963515043258667
1979,Eagle Climax,0.5944038033485413
1980,Eagle Climax,0.5921970009803772
1981,Eagle Climax,0.5900009870529175
1982,Eagle Climax,0.5880196690559387
1983,Eagle Climax,0.5863786339759827
1984,Eagle Climax,0.5851292014122009
1985,Eagle Climax,0.5842627286911011
1986,Eagle Climax,0.5837297439575195
1987,Eagle Climax,0.5834587812423706
1988,Eagle Climax,0.5833727717399597
1989,Eagle Climax,0.5834006667137146
1990,Eagle Climax,0.583484411239624
1991,Eagle Climax,0.5835818648338318
1992,Eagle Climax,0.5836657881736755
1993,Eagle Climax,0.5837211608886719
1994,Eagle Climax,0.5837414860725403
1995,Eagle Climax,0.5837247371673584
1996,Eagle Climax,0.5836710929870605
1997,Eagle Climax,0.5835819244384766
1998,Eagle Climax,0.5834605693817139
1999,Eagle Climax,0.5833145380020142
2000,Eagle Climax,0.5831592082977295
2001,Eagle Climax,0.583020031452179
2002,Eagle Climax,0.58293217420578
2003,Eagle Climax,0.582934558391571
2004,Eagle Climax,0.5830568075180054
2005,Eagle Climax,0.5832980275154114
2006,Eagle Climax,0.5835995078086853
2007,Eagle Climax,0.5838176012039185
2008,Eagle Climax,0.583707332611084
2009,Eagle Climax,0.5829330086708069
2010,Eagle Climax,0.5811241865158081
2011,Eagle Climax,0.5779925584793091
2012,Eagle Climax,0.5735155940055847
2013,Eagle Climax,0.5681691765785217
2014,Eagle Climax,0.5631568431854248
2015,Eagle Climax,0.560539960861206
2016,Eagle Climax,0.5631383657455444
2017,Eagle Climax,0.5740674138069153
2018,Eagle Climax,0.5958160758018494
2019,Eagle Climax,0.6288170218467712
2020,Eagle Climax,0.6694502234458923
2021,Eagle Climax,0.7074924111366272
2022,Eagle Climax,0.7237907648086548
2023,Eagle Climax,0.6909645199775696
2024,Eagle Climax,0.5816853642463684
2025,Eagle Climax,0.3602086901664734
2026,Eagle Climax,0.2623216509819031
2027,Eagle Climax,0.23842091858386993
2028,Eagle Climax,0.23267102241516113
2029,Eagle Climax,0.23129287362098694
2030,Eagle Climax,0.2309628576040268
1958,Eagle Weslake,0.5043662190437317
1959,Eagle Weslake,0.6215498447418213
1960,Eagle Weslake,0.6867256164550781
1961,Eagle Weslake,0.7126649022102356
1962,Eagle Weslake,0.7140373587608337
1963,Eagle Weslake,0.7020100355148315
1964,Eagle Weslake,0.6825381517410278
1965,Eagle Weslake,0.6564745306968689
1966,Eagle Weslake,0.620553731918335
1967,Eagle Weslake,0.5279300808906555
1968,Eagle Weslake,0.6105912923812866
1969,Eagle Weslake,0.6058439016342163
1970,Eagle Weslake,0.5972912311553955
1971,Eagle Weslake,0.5916347503662109
1972,Eagle Weslake,0.5897137522697449
1973,Eagle Weslake,0.5905016660690308
1974,Eagle Weslake,0.5926153659820557
1975,Eagle Weslake,0.5948948860168457
1976,Eagle Weslake,0.5965772271156311
1977,Eagle Weslake,0.5972917079925537
1978,Eagle Weslake,0.5969820618629456
1979,Eagle Weslake,0.5958043336868286
1980,Eagle Weslake,0.5940282344818115
1981,Eagle Weslake,0.5919542908668518
1982,Eagle Weslake,0.5898544788360596
1983,Eagle Weslake,0.587937593460083
1984,Eagle Weslake,0.5863355994224548
1985,Eagle Weslake,0.585106611251831
1986,Eagle Weslake,0.584248423576355
1987,Eagle Weslake,0.583716869354248
1988,Eagle Weslake,0.5834447145462036
1989,Eagle Weslake,0.5833573937416077
1990,Eagle Weslake,0.5833854675292969
1991,Eagle Weslake,0.5834710001945496
1992,Eagle Weslake,0.5835709571838379
1993,Eagle Weslake,0.5836562514305115
1994,Eagle Weslake,0.5837095975875854
1995,Eagle Weslake,0.5837219953536987
1996,Eagle Weslake,0.5836899280548096
1997,Eagle Weslake,0.5836134552955627
1998,Eagle Weslake,0.5834966897964478
1999,Eagle Weslake,0.5833490490913391
2000,Eagle Weslake,0.5831881761550903
2001,Eagle Weslake,0.5830415487289429
2002,Eagle Weslake,0.5829458832740784
2003,Eagle Weslake,0.582941472530365
2004,Eagle Weslake,0.5830583572387695
2005,Eagle Weslake,0.5832960605621338
2006,Eagle Weslake,0.5835956335067749
2007,Eagle Weslake,0.5838131904602051
2008,Eagle Weslake,0.5837032198905945
2009,Eagle Weslake,0.582929790019989
2010,Eagle Weslake,0.5811220407485962
2011,Eagle Weslake,0.5779914855957031
2012,Eagle Weslake,0.5735152959823608
2013,Eagle Weslake,0.5681695342063904
2014,Eagle Weslake,0.5631574988365173
2015,Eagle Weslake,0.5605407357215881
2016,Eagle Weslake,0.5631391406059265
2017,Eagle Weslake,0.5740680694580078
2018,Eagle Weslake,0.5958165526390076
2019,Eagle Weslake,0.6288172602653503
2020,Eagle Weslake,0.6694502830505371
2021,Eagle Weslake,0.7074923515319824
2022,Eagle Weslake,0.7237906455993652
2023,Eagle Weslake,0.6909644603729248
2024,Eagle Weslake,0.5816852450370789
2025,Eagle Weslake,0.3602086901664734
2026,Eagle Weslake,0.2623216509819031
2027,Eagle Weslake,0.23842091858386993
2028,Eagle Weslake,0.23267102241516113
2029,Eagle Weslake,0.23129287362098694
2030,Eagle Weslake,0.2309628576040268
1958,Ensign Ford,0.5074211359024048
1959,Ensign Ford,0.6228060126304626
1960,Ensign Ford,0.6839684247970581
1961,Ensign Ford,0.703410804271698
1962,Ensign Ford,0.6963562965393066
1963,Ensign Ford,0.6758915781974792
1964,Ensign Ford,0.6517194509506226
1965,Ensign Ford,0.630418598651886
1966,Ensign Ford,0.6160728931427002
1967,Ensign Ford,0.6107145547866821
1968,Ensign Ford,0.6143742203712463
1969,Ensign Ford,0.6247087717056274
1970,Ensign Ford,0.6362922191619873
1971,Ensign Ford,0.6398131847381592
1972,Ensign Ford,0.6217772960662842
1973,Ensign Ford,0.565803587436676
1974,Ensign Ford,0.45671528577804565
1975,Ensign Ford,0.20698854327201843
1976,Ensign Ford,0.17079994082450867
1977,Ensign Ford,0.20191854238510132
1978,Ensign Ford,0.21889455616474152
1979,Ensign Ford,0.41774749755859375
1980,Ensign Ford,0.4630667567253113
1981,Ensign Ford,0.3898286819458008
1982,Ensign Ford,0.5612288117408752
1983,Ensign Ford,0.6160851716995239
1984,Ensign Ford,0.6452895402908325
1985,Ensign Ford,0.6578144431114197
1986,Ensign Ford,0.6592105627059937
1987,Ensign Ford,0.6534789800643921
1988,Ensign Ford,0.6437151432037354
1989,Ensign Ford,0.6323026418685913
1990,Ensign Ford,0.6209667921066284
1991,Ensign Ford,0.6108231544494629
1992,Ensign Ford,0.6024609804153442
1993,Ensign Ford,0.5960564017295837
1994,Ensign Ford,0.5914949774742126
1995,Ensign Ford,0.5884880423545837
1996,Ensign Ford,0.5866703391075134
1997,Ensign Ford,0.5856735706329346
1998,Ensign Ford,0.5851758718490601
1999,Ensign Ford,0.5849294662475586
2000,Ensign Ford,0.5847709774971008
2001,Ensign Ford,0.5846174955368042
2002,Ensign Ford,0.5844532251358032
2003,Ensign Ford,0.584307074546814
2004,Ensign Ford,0.5842235088348389
2005,Ensign Ford,0.5842280983924866
2006,Ensign Ford,0.5842900276184082
2007,Ensign Ford,0.5842887163162231
2008,Ensign Ford,0.5839948654174805
2009,Ensign Ford,0.5830801129341125
2010,Ensign Ford,0.5811742544174194
2011,Ensign Ford,0.5779841542243958
2012,Ensign Ford,0.5734793543815613
2013,Ensign Ford,0.5681267976760864
2014,Ensign Ford,0.5631217956542969
2015,Ensign Ford,0.5605185031890869
2016,Ensign Ford,0.56313157081604
2017,Ensign Ford,0.5740731358528137
2018,Ensign Ford,0.5958303809165955
2019,Ensign Ford,0.6288355588912964
2020,Ensign Ford,0.6694692373275757
2021,Ensign Ford,0.7075090408325195
2022,Ensign Ford,0.7238032221794128
2023,Ensign Ford,0.690972089767456
2024,Ensign Ford,0.581688404083252
2025,Ensign Ford,0.3602086901664734
2026,Ensign Ford,0.2623216509819031
2027,Ensign Ford,0.23842091858386993
2028,Ensign Ford,0.23267102241516113
2029,Ensign Ford,0.23129287362098694
2030,Ensign Ford,0.2309628576040268
1958,Ferrari,0.6640688180923462
1959,Ferrari,0.8341441750526428
1960,Ferrari,0.9006980657577515
1961,Ferrari,0.9271755218505859
1962,Ferrari,0.831107497215271
1963,Ferrari,0.8339869976043701
1964,Ferrari,0.8684582710266113
1965,Ferrari,0.8163748979568481
1966,Ferrari,0.8095932006835938
1967,Ferrari,0.7463111877441406
1968,Ferrari,0.7435505986213684
1969,Ferrari,0.7379263639450073
1970,Ferrari,0.7986875772476196
1971,Ferrari,0.7944093346595764
1972,Ferrari,0.780988872051239
1973,Ferrari,0.7808887958526611
1974,Ferrari,0.9027066230773926
1975,Ferrari,0.9897542595863342
1976,Ferrari,1.0285025835037231
1977,Ferrari,1.0191396474838257
1978,Ferrari,0.9440653324127197
1979,Ferrari,0.8722403049468994
1980,Ferrari,0.6728110313415527
1981,Ferrari,0.7453054189682007
1982,Ferrari,0.8781187534332275
1983,Ferrari,0.9451838135719299
1984,Ferrari,0.943443775177002
1985,Ferrari,0.9278290867805481
1986,Ferrari,0.8659518957138062
1987,Ferrari,0.8565696477890015
1988,Ferrari,0.8915854692459106
1989,Ferrari,0.8889585137367249
1990,Ferrari,0.9018702507019043
1991,Ferrari,0.8498106002807617
1992,Ferrari,0.7948285341262817
1993,Ferrari,0.7869448661804199
1994,Ferrari,0.8291832208633423
1995,Ferrari,0.8695908784866333
1996,Ferrari,0.9252464771270752
1997,Ferrari,0.9788573980331421
1998,Ferrari,1.0318272113800049
1999,Ferrari,1.0855549573898315
2000,Ferrari,1.1280862092971802
2001,Ferrari,1.15035879611969
2002,Ferrari,1.1617965698242188
2003,Ferrari,1.1342977285385132
2004,Ferrari,1.122399926185608
2005,Ferrari,1.0294761657714844
2006,Ferrari,1.0428228378295898
2007,Ferrari,1.0589338541030884
2008,Ferrari,1.0454446077346802
2009,Ferrari,0.9967999458312988
2010,Ferrari,1.1228266954421997
2011,Ferrari,1.1868213415145874
2012,Ferrari,1.231670618057251
2013,Ferrari,1.2049325704574585
2014,Ferrari,1.1617541313171387
2015,Ferrari,1.26500403881073
2016,Ferrari,1.3147510290145874
2017,Ferrari,1.4089215993881226
2018,Ferrari,1.4482454061508179
2019,Ferrari,1.3994731903076172
2020,Ferrari,1.214663028717041
2021,Ferrari,1.2766528129577637
2022,Ferrari,1.3413589000701904
2023,Ferrari,1.1873282194137573
2024,Ferrari,0.880500853061676
2025,Ferrari,0.46929365396499634
2026,Ferrari,0.28959232568740845
2027,Ferrari,0.2450232356786728
2028,Ferrari,0.23425592482089996
2029,Ferrari,0.23167254030704498
2030,Ferrari,0.23105375468730927
1958,Fittipaldi Ford,0.5076265335083008
1959,Fittipaldi Ford,0.6236486434936523
1960,Fittipaldi Ford,0.6857730150222778
1961,Fittipaldi Ford,0.7064059972763062
1962,Fittipaldi Ford,0.70048987865448
1963,Fittipaldi Ford,0.6806100010871887
1964,Fittipaldi Ford,0.655779242515564
1965,Fittipaldi Ford,0.6318303346633911
1966,Fittipaldi Ford,0.6122941970825195
1967,Fittipaldi Ford,0.5992103815078735
1968,Fittipaldi Ford,0.5936301350593567
1969,Fittipaldi Ford,0.5957295894622803
1970,Fittipaldi Ford,0.6045247316360474
1971,Fittipaldi Ford,0.6172101497650146
1972,Fittipaldi Ford,0.6281952857971191
1973,Fittipaldi Ford,0.6280899047851562
1974,Fittipaldi Ford,0.6033735275268555
1975,Fittipaldi Ford,0.5381453633308411
1976,Fittipaldi Ford,0.3506673574447632
1977,Fittipaldi Ford,0.3540392518043518
1978,Fittipaldi Ford,0.3738821744918823
1979,Fittipaldi Ford,0.3173888623714447
1980,Fittipaldi Ford,0.372675359249115
1981,Fittipaldi Ford,0.43959254026412964
1982,Fittipaldi Ford,0.3041481375694275
1983,Fittipaldi Ford,0.4979451894760132
1984,Fittipaldi Ford,0.5675116181373596
1985,Fittipaldi Ford,0.6135915517807007
1986,Fittipaldi Ford,0.6420010924339294
1987,Fittipaldi Ford,0.6564928889274597
1988,Fittipaldi Ford,0.6602405309677124
1989,Fittipaldi Ford,0.6562532186508179
1990,Fittipaldi Ford,0.6473456025123596
1991,Fittipaldi Ford,0.6359697580337524
1992,Fittipaldi Ford,0.624071478843689
1993,Fittipaldi Ford,0.6130270957946777
1994,Fittipaldi Ford,0.6036616563796997
1995,Fittipaldi Ford,0.5963284969329834
1996,Fittipaldi Ford,0.5910216569900513
1997,Fittipaldi Ford,0.5874981880187988
1998,Fittipaldi Ford,0.5853914022445679
1999,Fittipaldi Ford,0.5843035578727722
2000,Fittipaldi Ford,0.5838733315467834
2001,Fittipaldi Ford,0.5838159918785095
2002,Fittipaldi Ford,0.5839391350746155
2003,Fittipaldi Ford,0.5841359496116638
2004,Fittipaldi Ford,0.5843601822853088
2005,Fittipaldi Ford,0.5845886468887329
2006,Fittipaldi Ford,0.5847750902175903
2007,Fittipaldi Ford,0.5848065614700317
2008,Fittipaldi Ford,0.5844745635986328
2009,Fittipaldi Ford,0.5834767818450928
2010,Fittipaldi Ford,0.5814676284790039
2011,Fittipaldi Ford,0.5781739354133606
2012,Fittipaldi Ford,0.573578953742981
2013,Fittipaldi Ford,0.5681571960449219
2014,Fittipaldi Ford,0.5631057024002075
2015,Fittipaldi Ford,0.560477077960968
2016,Fittipaldi Ford,0.5630819201469421
2017,Fittipaldi Ford,0.5740271210670471
2018,Fittipaldi Ford,0.5957948565483093
2019,Fittipaldi Ford,0.6288131475448608
2020,Fittipaldi Ford,0.6694592237472534
2021,Fittipaldi Ford,0.7075088620185852
2022,Fittipaldi Ford,0.7238091826438904
2023,Fittipaldi Ford,0.6909803152084351
2024,Fittipaldi Ford,0.5816954374313354
2025,Fittipaldi Ford,0.3602086901664734
2026,Fittipaldi Ford,0.2623216509819031
2027,Fittipaldi Ford,0.23842091858386993
2028,Fittipaldi Ford,0.23267102241516113
2029,Fittipaldi Ford,0.23129287362098694
2030,Fittipaldi Ford,0.2309628576040268
1958,Footwork Ford,0.5079282522201538
1959,Footwork Ford,0.6242692470550537
1960,Footwork Ford,0.6870582103729248
1961,Footwork Ford,0.7088701725006104
1962,Footwork Ford,0.7047705054283142
1963,Footwork Ford,0.6873375177383423
1964,Footwork Ford,0.6653519868850708
1965,Footwork Ford,0.6441067457199097
1966,Footwork Ford,0.6262519359588623
1967,Footwork Ford,0.612668514251709
1968,Footwork Ford,0.6031841039657593
1969,Footwork Ford,0.5970948934555054
1970,Footwork Ford,0.5935165882110596
1971,Footwork Ford,0.591598629951477
1972,Footwork Ford,0.5906358957290649
1973,Footwork Ford,0.5901092886924744
1974,Footwork Ford,0.5896779298782349
1975,Footwork Ford,0.5891452431678772
1976,Footwork Ford,0.5884145498275757
1977,Footwork Ford,0.5874481201171875
1978,Footwork Ford,0.5862398147583008
1979,Footwork Ford,0.5848070979118347
1980,Footwork Ford,0.5832033753395081
1981,Footwork Ford,0.5815478563308716
1982,Footwork Ford,0.580060601234436
1983,Footwork Ford,0.5790857076644897
1984,Footwork Ford,0.5790784955024719
1985,Footwork Ford,0.5805314183235168
1986,Footwork Ford,0.5838165283203125
1987,Footwork Ford,0.5889381170272827
1988,Footwork Ford,0.595207154750824
1989,Footwork Ford,0.6008853316307068
1990,Footwork Ford,0.6028894782066345
1991,Footwork Ford,0.5967227816581726
1992,Footwork Ford,0.5768969655036926
1993,Footwork Ford,0.5380089282989502
1994,Footwork Ford,0.4183737635612488
1995,Footwork Ford,0.5425981879234314
1996,Footwork Ford,0.5635805726051331
1997,Footwork Ford,0.5744954347610474
1998,Footwork Ford,0.5821946263313293
1999,Footwork Ford,0.5883470177650452
2000,Footwork Ford,0.5930918455123901
2001,Footwork Ford,0.5962839722633362
2002,Footwork Ford,0.5979059934616089
2003,Footwork Ford,0.5981404781341553
2004,Footwork Ford,0.5973126292228699
2005,Footwork Ford,0.5957926511764526
2006,Footwork Ford,0.5938973426818848
2007,Footwork Ford,0.5918108820915222
2008,Footwork Ford,0.5895388126373291
2009,Footwork Ford,0.5869080424308777
2010,Footwork Ford,0.5836275815963745
2011,Footwork Ford,0.5794209241867065
2012,Footwork Ford,0.5742287039756775
2013,Footwork Ford,0.5684618353843689
2014,Footwork Ford,0.5632476806640625
2015,Footwork Ford,0.5605736374855042
2016,Footwork Ford,0.5631961822509766
2017,Footwork Ford,0.5741820335388184
2018,Footwork Ford,0.5959871411323547
2019,Footwork Ford,0.6290253400802612
2020,Footwork Ford,0.6696693301200867
2021,Footwork Ford,0.7076961398124695
2022,Footwork Ford,0.7239577770233154
2023,Footwork Ford,0.6910809278488159
2024,Footwork Ford,0.5817471742630005
2025,Footwork Ford,0.3602086901664734
2026,Footwork Ford,0.2623216509819031
2027,Footwork Ford,0.23842091858386993
2028,Footwork Ford,0.23267102241516113
2029,Footwork Ford,0.23129287362098694
2030,Footwork Ford,0.2309628576040268
1958,Footwork Hart,0.5079269409179688
1959,Footwork Hart,0.6242673397064209
1960,Footwork Hart,0.6870561242103577
1961,Footwork Hart,0.7088685035705566
1962,Footwork Hart,0.7047701478004456
1963,Footwork Hart,0.6873396635055542
1964,Footwork Hart,0.6653575897216797
1965,Footwork Hart,0.6441159248352051
1966,Footwork Hart,0.626263439655304
1967,Footwork Hart,0.6126787066459656
1968,Footwork Hart,0.6031863689422607
1969,Footwork Hart,0.5970799326896667
1970,Footwork Hart,0.5934737920761108
1971,Footwork Hart,0.591518223285675
1972,Footwork Hart,0.5905138850212097
1973,Footwork Hart,0.589952290058136
1974,Footwork Hart,0.5895084738731384
1975,Footwork Hart,0.5890046954154968
1976,Footwork Hart,0.5883600115776062
1977,Footwork Hart,0.5875405669212341
1978,Footwork Hart,0.5865203738212585
1979,Footwork Hart,0.5852602124214172
1980,Footwork Hart,0.5837129354476929
1981,Footwork Hart,0.5818549394607544
1982,Footwork Hart,0.5797429084777832
1983,Footwork Hart,0.5775842666625977
1984,Footwork Hart,0.5757995843887329
1985,Footwork Hart,0.5750455856323242
1986,Footwork Hart,0.5761585235595703
1987,Footwork Hart,0.5799765586853027
1988,Footwork Hart,0.5870123505592346
1989,Footwork Hart,0.5969629883766174
1990,Footwork Hart,0.6080807447433472
1991,Footwork Hart,0.6164801120758057
1992,Footwork Hart,0.6155866980552673
1993,Footwork Hart,0.5961940884590149
1994,Footwork Hart,0.5477848052978516
1995,Footwork Hart,0.41211211681365967
1996,Footwork Hart,0.4051339030265808
1997,Footwork Hart,0.5420790314674377
1998,Footwork Hart,0.5682528018951416
1999,Footwork Hart,0.5819112658500671
2000,Footwork Hart,0.5913149118423462
2001,Footwork Hart,0.5986526012420654
2002,Footwork Hart,0.604157030582428
2003,Footwork Hart,0.6076664924621582
2004,Footwork Hart,0.6091578602790833
2005,Footwork Hart,0.6088340878486633
2006,Footwork Hart,0.6070413589477539
2007,Footwork Hart,0.6041410565376282
2008,Footwork Hart,0.6003992557525635
2009,Footwork Hart,0.5959268808364868
2010,Footwork Hart,0.5906940698623657
2011,Footwork Hart,0.5846325755119324
2012,Footwork Hart,0.5778248906135559
2013,Footwork Hart,0.5707574486732483
2014,Footwork Hart,0.5645765662193298
2015,Footwork Hart,0.5612459778785706
2016,Footwork Hart,0.5634720921516418
2017,Footwork Hart,0.5742594003677368
2018,Footwork Hart,0.5960002541542053
2019,Footwork Hart,0.629051923751831
2020,Footwork Hart,0.6697418689727783
2021,Footwork Hart,0.7078151702880859
2022,Footwork Hart,0.7241034507751465
2023,Footwork Hart,0.6912238597869873
2024,Footwork Hart,0.5818583965301514
2025,Footwork Hart,0.3602086901664734
2026,Footwork Hart,0.2623216509819031
2027,Footwork Hart,0.23842091858386993
2028,Footwork Hart,0.23267102241516113
2029,Footwork Hart,0.23129287362098694
2030,Footwork Hart,0.2309628576040268
1958,Footwork Mugen Honda,0.5079284310340881
1959,Footwork Mugen Honda,0.6242697834968567
1960,Footwork Mugen Honda,0.6870585680007935
1961,Footwork Mugen Honda,0.7088687419891357
1962,Footwork Mugen Honda,0.7047646045684814
1963,Footwork Mugen Honda,0.6873232126235962
1964,Footwork Mugen Honda,0.6653244495391846
1965,Footwork Mugen Honda,0.6440609097480774
1966,Footwork Mugen Honda,0.6261837482452393
1967,Footwork Mugen Honda,0.6125766038894653
1968,Footwork Mugen Honda,0.6030713319778442
1969,Footwork Mugen Honda,0.5969691872596741
1970,Footwork Mugen Honda,0.593390166759491
1971,Footwork Mugen Honda,0.5914837121963501
1972,Footwork Mugen Honda,0.5905373096466064
1973,Footwork Mugen Honda,0.5900121927261353
1974,Footwork Mugen Honda,0.5895332098007202
1975,Footwork Mugen Honda,0.5888550877571106
1976,Footwork Mugen Honda,0.5878249406814575
1977,Footwork Mugen Honda,0.5863558650016785
1978,Footwork Mugen Honda,0.584424614906311
1979,Footwork Mugen Honda,0.58209627866745
1980,Footwork Mugen Honda,0.579572319984436
1981,Footwork Mugen Honda,0.5772462487220764
1982,Footwork Mugen Honda,0.575739324092865
1983,Footwork Mugen Honda,0.575874924659729
1984,Footwork Mugen Honda,0.578551709651947
1985,Footwork Mugen Honda,0.5844709873199463
1986,Footwork Mugen Honda,0.5936976671218872
1987,Footwork Mugen Honda,0.605052649974823
1988,Footwork Mugen Honda,0.6153828501701355
1989,Footwork Mugen Honda,0.6188591718673706
1990,Footwork Mugen Honda,0.6067063808441162
1991,Footwork Mugen Honda,0.5680253505706787
1992,Footwork Mugen Honda,0.4507935643196106
1993,Footwork Mugen Honda,0.42731255292892456
1994,Footwork Mugen Honda,0.5556174516677856
1995,Footwork Mugen Honda,0.5741321444511414
1996,Footwork Mugen Honda,0.5823736786842346
1997,Footwork Mugen Honda,0.5885294079780579
1998,Footwork Mugen Honda,0.5943840146064758
1999,Footwork Mugen Honda,0.5996543765068054
2000,Footwork Mugen Honda,0.6036708354949951
2001,Footwork Mugen Honda,0.6059867739677429
2002,Footwork Mugen Honda,0.6065182685852051
2003,Footwork Mugen Honda,0.6054912209510803
2004,Footwork Mugen Honda,0.603319525718689
2005,Footwork Mugen Honda,0.6004725098609924
2006,Footwork Mugen Honda,0.5973542332649231
2007,Footwork Mugen Honda,0.5942125916481018
2008,Footwork Mugen Honda,0.5910881161689758
2009,Footwork Mugen Honda,0.5878152847290039
2010,Footwork Mugen Honda,0.5840886831283569
2011,Footwork Mugen Honda,0.5796023011207581
2012,Footwork Mugen Honda,0.5742596983909607
2013,Footwork Mugen Honda,0.5684337019920349
2014,Footwork Mugen Honda,0.5632173418998718
2015,Footwork Mugen Honda,0.5605699419975281
2016,Footwork Mugen Honda,0.5632275938987732
2017,Footwork Mugen Honda,0.5742442011833191
2018,Footwork Mugen Honda,0.5960688591003418
2019,Footwork Mugen Honda,0.6291136741638184
2020,Footwork Mugen Honda,0.6697527170181274
2021,Footwork Mugen Honda,0.7077659368515015
2022,Footwork Mugen Honda,0.7240087985992432
2023,Footwork Mugen Honda,0.6911119222640991
2024,Footwork Mugen Honda,0.5817599296569824
2025,Footwork Mugen Honda,0.3602086901664734
2026,Footwork Mugen Honda,0.2623216509819031
2027,Footwork Mugen Honda,0.23842091858386993
2028,Footwork Mugen Honda,0.23267102241516113
2029,Footwork Mugen Honda,0.23129287362098694
2030,Footwork Mugen Honda,0.2309628576040268
1958,Force India Ferrari,0.5079287886619568
1959,Force India Ferrari,0.6242690682411194
1960,Force India Ferrari,0.6870571970939636
1961,Force India Ferrari,0.7088685035705566
1962,Force India Ferrari,0.7047688961029053
1963,Force India Ferrari,0.68733811378479
1964,Force India Ferrari,0.6653580069541931
1965,Force India Ferrari,0.6441226005554199
1966,Force India Ferrari,0.6262829899787903
1967,Force India Ferrari,0.612719714641571
1968,Force India Ferrari,0.6032581329345703
1969,Force India Ferrari,0.5971905589103699
1970,Force India Ferrari,0.5936270356178284
1971,Force India Ferrari,0.5917103886604309
1972,Force India Ferrari,0.5907310843467712
1973,Force India Ferrari,0.5901710987091064
1974,Force India Ferrari,0.5897008776664734
1975,Force India Ferrari,0.589150607585907
1976,Force India Ferrari,0.5884674787521362
1977,Force India Ferrari,0.587673544883728
1978,Force India Ferrari,0.5868279337882996
1979,Force India Ferrari,0.5859987139701843
1980,Force India Ferrari,0.5852448344230652
1981,Force India Ferrari,0.5846073627471924
1982,Force India Ferrari,0.5841075778007507
1983,Force India Ferrari,0.5837500691413879
1984,Force India Ferrari,0.583526611328125
1985,Force India Ferrari,0.5834211111068726
1986,Force India Ferrari,0.5834108591079712
1987,Force India Ferrari,0.5834661722183228
1988,Force India Ferrari,0.5835474729537964
1989,Force India Ferrari,0.583601176738739
1990,Force India Ferrari,0.5835579633712769
1991,Force India Ferrari,0.5833375453948975
1992,Force India Ferrari,0.5828618407249451
1993,Force India Ferrari,0.5820820331573486
1994,Force India Ferrari,0.5810165405273438
1995,Force India Ferrari,0.5797960162162781
1996,Force India Ferrari,0.5787025094032288
1997,Force India Ferrari,0.5781809687614441
1998,Force India Ferrari,0.5787978768348694
1999,Force India Ferrari,0.5811201333999634
2000,Force India Ferrari,0.5854953527450562
2001,Force India Ferrari,0.5917341709136963
2002,Force India Ferrari,0.598724365234375
2003,Force India Ferrari,0.6040481328964233
2004,Force India Ferrari,0.6037372350692749
2005,Force India Ferrari,0.592391848564148
2006,Force India Ferrari,0.5639796853065491
2007,Force India Ferrari,0.5134610533714294
2008,Force India Ferrari,0.3721175193786621
2009,Force India Ferrari,0.513265073299408
2010,Force India Ferrari,0.5447136759757996
2011,Force India Ferrari,0.5624016523361206
2012,Force India Ferrari,0.5726363658905029
2013,Force India Ferrari,0.5777006149291992
2014,Force India Ferrari,0.5793982744216919
2015,Force India Ferrari,0.5802264213562012
2016,Force India Ferrari,0.5835608243942261
2017,Force India Ferrari,0.5931931138038635
2018,Force India Ferrari,0.6123238801956177
2019,Force India Ferrari,0.6420436501502991
2020,Force India Ferrari,0.6792692542076111
2021,Force India Ferrari,0.7141625881195068
2022,Force India Ferrari,0.7278149127960205
2023,Force India Ferrari,0.6929879188537598
2024,Force India Ferrari,0.5824168920516968
2025,Force India Ferrari,0.3602086901664734
2026,Force India Ferrari,0.2623216509819031
2027,Force India Ferrari,0.23842091858386993
2028,Force India Ferrari,0.23267102241516113
2029,Force India Ferrari,0.23129287362098694
2030,Force India Ferrari,0.2309628576040268
1958,Force India Mercedes,0.507928729057312
1959,Force India Mercedes,0.6242690086364746
1960,Force India Mercedes,0.6870571374893188
1961,Force India Mercedes,0.7088683247566223
1962,Force India Mercedes,0.7047687768936157
1963,Force India Mercedes,0.6873379945755005
1964,Force India Mercedes,0.6653579473495483
1965,Force India Mercedes,0.6441227197647095
1966,Force India Mercedes,0.6262832880020142
1967,Force India Mercedes,0.6127201318740845
1968,Force India Mercedes,0.6032586693763733
1969,Force India Mercedes,0.5971910953521729
1970,Force India Mercedes,0.5936272144317627
1971,Force India Mercedes,0.5917097926139832
1972,Force India Mercedes,0.5907291173934937
1973,Force India Mercedes,0.5901671648025513
1974,Force India Mercedes,0.5896947383880615
1975,Force India Mercedes,0.5891422033309937
1976,Force India Mercedes,0.5884576439857483
1977,Force India Mercedes,0.5876637697219849
1978,Force India Mercedes,0.5868206024169922
1979,Force India Mercedes,0.585996150970459
1980,Force India Mercedes,0.5852484703063965
1981,Force India Mercedes,0.5846158266067505
1982,Force India Mercedes,0.5841144919395447
1983,Force India Mercedes,0.5837414264678955
1984,Force India Mercedes,0.5834793448448181
1985,Force India Mercedes,0.5833030343055725
1986,Force India Mercedes,0.5831838846206665
1987,Force India Mercedes,0.5830937027931213
1988,Force India Mercedes,0.5830054879188538
1989,Force India Mercedes,0.5828924179077148
1990,Force India Mercedes,0.5827252268791199
1991,Force India Mercedes,0.5824681520462036
1992,Force India Mercedes,0.5820763111114502
1993,Force India Mercedes,0.581494927406311
1994,Force India Mercedes,0.5806638598442078
1995,Force India Mercedes,0.5795287489891052
1996,Force India Mercedes,0.5780600905418396
1997,Force India Mercedes,0.5762802958488464
1998,Force India Mercedes,0.5742952823638916
1999,Force India Mercedes,0.572324812412262
2000,Force India Mercedes,0.5707191228866577
2001,Force India Mercedes,0.5699466466903687
2002,Force India Mercedes,0.5705273747444153
2003,Force India Mercedes,0.572878360748291
2004,Force India Mercedes,0.5770149827003479
2005,Force India Mercedes,0.5820307731628418
2006,Force India Mercedes,0.5852790474891663
2007,Force India Mercedes,0.5813651084899902
2008,Force India Mercedes,0.5615082383155823
2009,Force India Mercedes,0.4618840217590332
2010,Force India Mercedes,0.5454612970352173
2011,Force India Mercedes,0.6239755153656006
2012,Force India Mercedes,0.6784103512763977
2013,Force India Mercedes,0.740962028503418
2014,Force India Mercedes,0.8154516220092773
2015,Force India Mercedes,0.8737785816192627
2016,Force India Mercedes,0.9126705527305603
2017,Force India Mercedes,0.8887403607368469
2018,Force India Mercedes,0.777019739151001
2019,Force India Mercedes,0.8044583797454834
2020,Force India Mercedes,0.7680976390838623
2021,Force India Mercedes,0.7464186549186707
2022,Force India Mercedes,0.7270609140396118
2023,Force India Mercedes,0.6813869476318359
2024,Force India Mercedes,0.5770983099937439
2025,Force India Mercedes,0.3602086901664734
2026,Force India Mercedes,0.2623216509819031
2027,Force India Mercedes,0.23842091858386993
2028,Force India Mercedes,0.23267102241516113
2029,Force India Mercedes,0.23129287362098694
2030,Force India Mercedes,0.2309628576040268
1958,Force India Sahara,0.507928729057312
1959,Force India Sahara,0.6242690086364746
1960,Force India Sahara,0.6870570182800293
1961,Force India Sahara,0.7088683247566223
1962,Force India Sahara,0.7047687768936157
1963,Force India Sahara,0.6873380541801453
1964,Force India Sahara,0.6653579473495483
1965,Force India Sahara,0.644122838973999
1966,Force India Sahara,0.6262834072113037
1967,Force India Sahara,0.6127203702926636
1968,Force India Sahara,0.6032592058181763
1969,Force India Sahara,0.5971919298171997
1970,Force India Sahara,0.593628466129303
1971,Force India Sahara,0.5917115807533264
1972,Force India Sahara,0.5907315611839294
1973,Force India Sahara,0.5901703834533691
1974,Force India Sahara,0.5896989703178406
1975,Force India Sahara,0.5891478061676025
1976,Force India Sahara,0.5884652733802795
1977,Force India Sahara,0.5876746773719788
1978,Force India Sahara,0.5868366360664368
1979,Force India Sahara,0.5860204696655273
1980,Force India Sahara,0.5852854251861572
1981,Force India Sahara,0.5846713185310364
1982,Force India Sahara,0.5841963291168213
1983,Force India Sahara,0.5838587284088135
1984,Force India Sahara,0.5836430191993713
1985,Force India Sahara,0.5835251212120056
1986,Force India Sahara,0.5834782123565674
1987,Force India Sahara,0.5834770202636719
1988,Force India Sahara,0.5835005044937134
1989,Force India Sahara,0.5835331678390503
1990,Force India Sahara,0.5835649371147156
1991,Force India Sahara,0.5835903882980347
1992,Force India Sahara,0.5836068391799927
1993,Force India Sahara,0.5836129784584045
1994,Force India Sahara,0.5836068987846375
1995,Force India Sahara,0.5835855007171631
1996,Force India Sahara,0.5835440158843994
1997,Force India Sahara,0.5834776163101196
1998,Force India Sahara,0.5833835005760193
1999,Force India Sahara,0.5832645297050476
2000,Force India Sahara,0.5831326246261597
2001,Force India Sahara,0.5830114483833313
2002,Force India Sahara,0.5829355716705322
2003,Force India Sahara,0.5829445123672485
2004,Force India Sahara,0.5830690860748291
2005,Force India Sahara,0.5833095908164978
2006,Force India Sahara,0.5836086273193359
2007,Force India Sahara,0.583823561668396
2008,Force India Sahara,0.5837101340293884
2009,Force India Sahara,0.5829333066940308
2010,Force India Sahara,0.5811227560043335
2011,Force India Sahara,0.5779901146888733
2012,Force India Sahara,0.5735127925872803
2013,Force India Sahara,0.5681665539741516
2014,Force India Sahara,0.5631546974182129
2015,Force India Sahara,0.5605384707450867
2016,Force India Sahara,0.5631375312805176
2017,Force India Sahara,0.5740670561790466
2018,Force India Sahara,0.5958161950111389
2019,Force India Sahara,0.6288173198699951
2020,Force India Sahara,0.6694506406784058
2021,Force India Sahara,0.7074928283691406
2022,Force India Sahara,0.7237910628318787
2023,Force India Sahara,0.6909646987915039
2024,Force India Sahara,0.5816854238510132
2025,Force India Sahara,0.3602086901664734
2026,Force India Sahara,0.2623216509819031
2027,Force India Sahara,0.23842091858386993
2028,Force India Sahara,0.23267102241516113
2029,Force India Sahara,0.23129287362098694
2030,Force India Sahara,0.2309628576040268
1958,Frank Williams Racing Cars/Williams,0.5077630877494812
1959,Frank Williams Racing Cars/Williams,0.6237566471099854
1960,Frank Williams Racing Cars/Williams,0.6859564781188965
1961,Frank Williams Racing Cars/Williams,0.7069190740585327
1962,Frank Williams Racing Cars/Williams,0.7017802000045776
1963,Frank Williams Racing Cars/Williams,0.6833209991455078
1964,Frank Williams Racing Cars/Williams,0.660677969455719
1965,Frank Williams Racing Cars/Williams,0.6396303176879883
1966,Frank Williams Racing Cars/Williams,0.6233578324317932
1967,Frank Williams Racing Cars/Williams,0.613145112991333
1968,Frank Williams Racing Cars/Williams,0.6088388562202454
1969,Frank Williams Racing Cars/Williams,0.6090394258499146
1970,Frank Williams Racing Cars/Williams,0.6110939383506775
1971,Frank Williams Racing Cars/Williams,0.6110211610794067
1972,Frank Williams Racing Cars/Williams,0.6035690307617188
1973,Frank Williams Racing Cars/Williams,0.5827034115791321
1974,Frank Williams Racing Cars/Williams,0.5427138805389404
1975,Frank Williams Racing Cars/Williams,0.42147397994995117
1976,Frank Williams Racing Cars/Williams,0.5456593632698059
1977,Frank Williams Racing Cars/Williams,0.566563069820404
1978,Frank Williams Racing Cars/Williams,0.5772674679756165
1979,Frank Williams Racing Cars/Williams,0.5846496820449829
1980,Frank Williams Racing Cars/Williams,0.5904409289360046
1981,Frank Williams Racing Cars/Williams,0.5948333144187927
1982,Frank Williams Racing Cars/Williams,0.5977084040641785
1983,Frank Williams Racing Cars/Williams,0.599044680595398
1984,Frank Williams Racing Cars/Williams,0.5989983081817627
1985,Frank Williams Racing Cars/Williams,0.5978617668151855
1986,Frank Williams Racing Cars/Williams,0.5959929823875427
1987,Frank Williams Racing Cars/Williams,0.5937495231628418
1988,Frank Williams Racing Cars/Williams,0.5914404392242432
1989,Frank Williams Racing Cars/Williams,0.5892991423606873
1990,Frank Williams Racing Cars/Williams,0.5874746441841125
1991,Frank Williams Racing Cars/Williams,0.5860368609428406
1992,Frank Williams Racing Cars/Williams,0.5849909782409668
1993,Frank Williams Racing Cars/Williams,0.5842955112457275
1994,Frank Williams Racing Cars/Williams,0.5838810801506042
1995,Frank Williams Racing Cars/Williams,0.5836669206619263
1996,Frank Williams Racing Cars/Williams,0.5835739970207214
1997,Frank Williams Racing Cars/Williams,0.5835341215133667
1998,Frank Williams Racing Cars/Williams,0.583497166633606
1999,Frank Williams Racing Cars/Williams,0.5834342241287231
2000,Frank Williams Racing Cars/Williams,0.583340048789978
2001,Frank Williams Racing Cars/Williams,0.5832321047782898
2002,Frank Williams Racing Cars/Williams,0.5831465125083923
2003,Frank Williams Racing Cars/Williams,0.5831283926963806
2004,Frank Williams Racing Cars/Williams,0.5832158327102661
2005,Frank Williams Racing Cars/Williams,0.5834161043167114
2006,Frank Williams Racing Cars/Williams,0.5836774706840515
2007,Frank Williams Racing Cars/Williams,0.5838608741760254
2008,Frank Williams Racing Cars/Williams,0.5837238430976868
2009,Frank Williams Racing Cars/Williams,0.5829312801361084
2010,Frank Williams Racing Cars/Williams,0.5811121463775635
2011,Frank Williams Racing Cars/Williams,0.5779764652252197
2012,Frank Williams Racing Cars/Williams,0.5734999775886536
2013,Frank Williams Racing Cars/Williams,0.5681566596031189
2014,Frank Williams Racing Cars/Williams,0.5631486177444458
2015,Frank Williams Racing Cars/Williams,0.5605359673500061
2016,Frank Williams Racing Cars/Williams,0.5631380081176758
2017,Frank Williams Racing Cars/Williams,0.5740695595741272
2018,Frank Williams Racing Cars/Williams,0.5958197116851807
2019,Frank Williams Racing Cars/Williams,0.6288210153579712
2020,Frank Williams Racing Cars/Williams,0.6694538593292236
2021,Frank Williams Racing Cars/Williams,0.7074952721595764
2022,Frank Williams Racing Cars/Williams,0.7237926125526428
2023,Frank Williams Racing Cars/Williams,0.6909654140472412
2024,Frank Williams Racing Cars/Williams,0.5816855430603027
2025,Frank Williams Racing Cars/Williams,0.3602086901664734
2026,Frank Williams Racing Cars/Williams,0.2623216509819031
2027,Frank Williams Racing Cars/Williams,0.23842091858386993
2028,Frank Williams Racing Cars/Williams,0.23267102241516113
2029,Frank Williams Racing Cars/Williams,0.23129287362098694
2030,Frank Williams Racing Cars/Williams,0.2309628576040268
1958,HRT Cosworth,0.507928729057312
1959,HRT Cosworth,0.6242690086364746
1960,HRT Cosworth,0.6870571374893188
1961,HRT Cosworth,0.7088683843612671
1962,HRT Cosworth,0.7047688961029053
1963,HRT Cosworth,0.6873381733894348
1964,HRT Cosworth,0.6653581857681274
1965,HRT Cosworth,0.6441229581832886
1966,HRT Cosworth,0.6262835264205933
1967,HRT Cosworth,0.6127201914787292
1968,HRT Cosworth,0.6032584309577942
1969,HRT Cosworth,0.5971904993057251
1970,HRT Cosworth,0.5936262607574463
1971,HRT Cosworth,0.5917086005210876
1972,HRT Cosworth,0.5907281637191772
1973,HRT Cosworth,0.5901671648025513
1974,HRT Cosworth,0.5896968245506287
1975,HRT Cosworth,0.5891476273536682
1976,HRT Cosworth,0.5884675979614258
1977,HRT Cosworth,0.5876790881156921
1978,HRT Cosworth,0.5868408679962158
1979,HRT Cosworth,0.5860196352005005
1980,HRT Cosworth,0.5852711796760559
1981,HRT Cosworth,0.5846324563026428
1982,HRT Cosworth,0.5841194987297058
1983,HRT Cosworth,0.5837315917015076
1984,HRT Cosworth,0.5834582448005676
1985,HRT Cosworth,0.5832858085632324
1986,HRT Cosworth,0.5832027196884155
1987,HRT Cosworth,0.5832006335258484
1988,HRT Cosworth,0.5832716226577759
1989,HRT Cosworth,0.5833988189697266
1990,HRT Cosworth,0.5835445523262024
1991,HRT Cosworth,0.5836368799209595
1992,HRT Cosworth,0.5835603475570679
1993,HRT Cosworth,0.5831584334373474
1994,HRT Cosworth,0.5822559595108032
1995,HRT Cosworth,0.5807086229324341
1996,HRT Cosworth,0.5784813165664673
1997,HRT Cosworth,0.5757495760917664
1998,HRT Cosworth,0.5729994177818298
1999,HRT Cosworth,0.5710893869400024
2000,HRT Cosworth,0.5712161660194397
2001,HRT Cosworth,0.5747259855270386
2002,HRT Cosworth,0.5827197432518005
2003,HRT Cosworth,0.595429003238678
2004,HRT Cosworth,0.611375093460083
2005,HRT Cosworth,0.6263782382011414
2006,HRT Cosworth,0.6326228380203247
2007,HRT Cosworth,0.6182979345321655
2008,HRT Cosworth,0.5687666535377502
2009,HRT Cosworth,0.4702800512313843
2010,HRT Cosworth,0.24731594324111938
2011,HRT Cosworth,0.20226404070854187
2012,HRT Cosworth,0.23187154531478882
2013,HRT Cosworth,0.43390369415283203
2014,HRT Cosworth,0.5115428566932678
2015,HRT Cosworth,0.5639241337776184
2016,HRT Cosworth,0.6015828847885132
2017,HRT Cosworth,0.6320281028747559
2018,HRT Cosworth,0.6611312031745911
2019,HRT Cosworth,0.6924657225608826
2020,HRT Cosworth,0.725368320941925
2021,HRT Cosworth,0.7522040605545044
2022,HRT Cosworth,0.7559390664100647
2023,HRT Cosworth,0.710955023765564
2024,HRT Cosworth,0.5914692282676697
2025,HRT Cosworth,0.3602086901664734
2026,HRT Cosworth,0.2623216509819031
2027,HRT Cosworth,0.23842091858386993
2028,HRT Cosworth,0.23267102241516113
2029,HRT Cosworth,0.23129287362098694
2030,HRT Cosworth,0.2309628576040268
1958,Haas Ferrari,0.507928729057312
1959,Haas Ferrari,0.6242690086364746
1960,Haas Ferrari,0.6870571374893188
1961,Haas Ferrari,0.7088683247566223
1962,Haas Ferrari,0.7047687768936157
1963,Haas Ferrari,0.6873379945755005
1964,Haas Ferrari,0.6653579473495483
1965,Haas Ferrari,0.6441227197647095
1966,Haas Ferrari,0.6262833476066589
1967,Haas Ferrari,0.6127203106880188
1968,Haas Ferrari,0.6032590866088867
1969,Haas Ferrari,0.5971918702125549
1970,Haas Ferrari,0.593628466129303
1971,Haas Ferrari,0.5917116403579712
1972,Haas Ferrari,0.5907317399978638
1973,Haas Ferrari,0.5901705026626587
1974,Haas Ferrari,0.5896989703178406
1975,Haas Ferrari,0.5891475677490234
1976,Haas Ferrari,0.5884645581245422
1977,Haas Ferrari,0.5876731276512146
1978,Haas Ferrari,0.5868340730667114
1979,Haas Ferrari,0.5860165357589722
1980,Haas Ferrari,0.5852801203727722
1981,Haas Ferrari,0.5846648216247559
1982,Haas Ferrari,0.5841888785362244
1983,Haas Ferrari,0.5838508009910583
1984,Haas Ferrari,0.5836347341537476
1985,Haas Ferrari,0.5835158824920654
1986,Haas Ferrari,0.5834658741950989
1987,Haas Ferrari,0.5834565162658691
1988,Haas Ferrari,0.5834633111953735
1989,Haas Ferrari,0.5834661722183228
1990,Haas Ferrari,0.5834506750106812
1991,Haas Ferrari,0.5834078788757324
1992,Haas Ferrari,0.5833349227905273
1993,Haas Ferrari,0.5832337737083435
1994,Haas Ferrari,0.5831109881401062
1995,Haas Ferrari,0.5829750895500183
1996,Haas Ferrari,0.5828326344490051
1997,Haas Ferrari,0.5826820135116577
1998,Haas Ferrari,0.5825039148330688
1999,Haas Ferrari,0.5822523236274719
2000,Haas Ferrari,0.5818451046943665
2001,Haas Ferrari,0.5811623334884644
2002,Haas Ferrari,0.5800559520721436
2003,Haas Ferrari,0.5783789753913879
2004,Haas Ferrari,0.57603919506073
2005,Haas Ferrari,0.5730779767036438
2006,Haas Ferrari,0.5697668790817261
2007,Haas Ferrari,0.5666990280151367
2008,Haas Ferrari,0.5648390054702759
2009,Haas Ferrari,0.5654691457748413
2010,Haas Ferrari,0.5699560642242432
2011,Haas Ferrari,0.5792334079742432
2012,Haas Ferrari,0.5928816795349121
2013,Haas Ferrari,0.6077056527137756
2014,Haas Ferrari,0.6159731149673462
2015,Haas Ferrari,0.6042457222938538
2016,Haas Ferrari,0.5120623111724854
2017,Haas Ferrari,0.5312516689300537
2018,Haas Ferrari,0.580794632434845
2019,Haas Ferrari,0.4982447624206543
2020,Haas Ferrari,0.4628303050994873
2021,Haas Ferrari,0.451277494430542
2022,Haas Ferrari,0.4867047071456909
2023,Haas Ferrari,0.4608768820762634
2024,Haas Ferrari,0.4417295455932617
2025,Haas Ferrari,0.3127668797969818
2026,Haas Ferrari,0.25066834688186646
2027,Haas Ferrari,0.2356131374835968
2028,Haas Ferrari,0.2319978028535843
2029,Haas Ferrari,0.2311316579580307
2030,Haas Ferrari,0.23092426359653473
1958,Hesketh Ford,0.5076555013656616
1959,Hesketh Ford,0.6239277124404907
1960,Hesketh Ford,0.6864791512489319
1961,Hesketh Ford,0.7077271938323975
1962,Hesketh Ford,0.7025719881057739
1963,Hesketh Ford,0.6834861040115356
1964,Hesketh Ford,0.6593043804168701
1965,Hesketh Ford,0.6356543302536011
1966,Hesketh Ford,0.6159144639968872
1967,Hesketh Ford,0.6021367311477661
1968,Hesketh Ford,0.5956705808639526
1969,Hesketh Ford,0.5973491668701172
1970,Hesketh Ford,0.6071618795394897
1971,Hesketh Ford,0.623383641242981
1972,Hesketh Ford,0.6412645578384399
1973,Hesketh Ford,0.6515610218048096
1974,Hesketh Ford,0.6071848273277283
1975,Hesketh Ford,0.6686747074127197
1976,Hesketh Ford,0.6991903781890869
1977,Hesketh Ford,0.6540197134017944
1978,Hesketh Ford,0.6128498315811157
1979,Hesketh Ford,0.5854942798614502
1980,Hesketh Ford,0.5721574425697327
1981,Hesketh Ford,0.5696038007736206
1982,Hesketh Ford,0.5738250613212585
1983,Hesketh Ford,0.5812162160873413
1984,Hesketh Ford,0.5890382528305054
1985,Hesketh Ford,0.5955196022987366
1986,Hesketh Ford,0.5997676253318787
1987,Hesketh Ford,0.601586103439331
1988,Hesketh Ford,0.6012582778930664
1989,Hesketh Ford,0.5993360280990601
1990,Hesketh Ford,0.5964611172676086
1991,Hesketh Ford,0.5932331681251526
1992,Hesketh Ford,0.5901287198066711
1993,Hesketh Ford,0.5874655842781067
1994,Hesketh Ford,0.585404098033905
1995,Hesketh Ford,0.5839723944664001
1996,Hesketh Ford,0.5831036567687988
1997,Hesketh Ford,0.582676112651825
1998,Hesketh Ford,0.5825499892234802
1999,Hesketh Ford,0.582596480846405
2000,Hesketh Ford,0.5827175378799438
2001,Hesketh Ford,0.5828564763069153
2002,Hesketh Ford,0.5829973816871643
2003,Hesketh Ford,0.5831559300422668
2004,Hesketh Ford,0.5833591222763062
2005,Hesketh Ford,0.5836168527603149
2006,Hesketh Ford,0.5838879942893982
2007,Hesketh Ford,0.5840480923652649
2008,Hesketh Ford,0.583869218826294
2009,Hesketh Ford,0.5830287933349609
2010,Hesketh Ford,0.5811647176742554
2011,Hesketh Ford,0.5779925584793091
2012,Hesketh Ford,0.5734904408454895
2013,Hesketh Ford,0.5681323409080505
2014,Hesketh Ford,0.5631186366081238
2015,Hesketh Ford,0.56050705909729
2016,Hesketh Ford,0.5631144046783447
2017,Hesketh Ford,0.5740531086921692
2018,Hesketh Ford,0.5958104729652405
2019,Hesketh Ford,0.6288180351257324
2020,Hesketh Ford,0.6694554090499878
2021,Hesketh Ford,0.7074993848800659
2022,Hesketh Ford,0.7237975597381592
2023,Hesketh Ford,0.690969705581665
2024,Hesketh Ford,0.5816882252693176
2025,Hesketh Ford,0.3602086901664734
2026,Hesketh Ford,0.2623216509819031
2027,Hesketh Ford,0.23842091858386993
2028,Hesketh Ford,0.23267102241516113
2029,Hesketh Ford,0.23129287362098694
2030,Hesketh Ford,0.2309628576040268
1958,Hill Ford,0.5077121257781982
1959,Hill Ford,0.6235243082046509
1960,Hill Ford,0.6854598522186279
1961,Hill Ford,0.7061108350753784
1962,Hill Ford,0.7006993293762207
1963,Hill Ford,0.6821480989456177
1964,Hill Ford,0.6597738265991211
1965,Hill Ford,0.6395291686058044
1966,Hill Ford,0.6246838569641113
1967,Hill Ford,0.6164255142211914
1968,Hill Ford,0.6142007112503052
1969,Hill Ford,0.6158063411712646
1970,Hill Ford,0.6173442602157593
1971,Hill Ford,0.6132481098175049
1972,Hill Ford,0.5966914892196655
1973,Hill Ford,0.5607642531394958
1974,Hill Ford,0.5005499124526978
1975,Hill Ford,0.3418702483177185
1976,Hill Ford,0.49698370695114136
1977,Hill Ford,0.5385754108428955
1978,Hill Ford,0.5658631920814514
1979,Hill Ford,0.5849065780639648
1980,Hill Ford,0.597690999507904
1981,Hill Ford,0.6052111387252808
1982,Hill Ford,0.6083753108978271
1983,Hill Ford,0.6081987023353577
1984,Hill Ford,0.6057448387145996
1985,Hill Ford,0.6020086407661438
1986,Hill Ford,0.5978209972381592
1987,Hill Ford,0.5937972068786621
1988,Hill Ford,0.5903285145759583
1989,Hill Ford,0.5876061916351318
1990,Hill Ford,0.5856636166572571
1991,Hill Ford,0.5844255089759827
1992,Hill Ford,0.5837546586990356
1993,Hill Ford,0.5834912061691284
1994,Hill Ford,0.5834801197052002
1995,Hill Ford,0.5835897326469421
1996,Hill Ford,0.583719789981842
1997,Hill Ford,0.5838037729263306
1998,Hill Ford,0.5838074684143066
1999,Hill Ford,0.5837247967720032
2000,Hill Ford,0.583574652671814
2001,Hill Ford,0.5833954215049744
2002,Hill Ford,0.5832393169403076
2003,Hill Ford,0.5831617712974548
2004,Hill Ford,0.5832057595252991
2005,Hill Ford,0.5833796262741089
2006,Hill Ford,0.5836294293403625
2007,Hill Ford,0.5838127136230469
2008,Hill Ford,0.5836828351020813
2009,Hill Ford,0.5829011797904968
2010,Hill Ford,0.5810936689376831
2011,Hill Ford,0.577968418598175
2012,Hill Ford,0.5734999179840088
2013,Hill Ford,0.5681617259979248
2014,Hill Ford,0.5631563067436218
2015,Hill Ford,0.5605441927909851
2016,Hill Ford,0.5631452202796936
2017,Hill Ford,0.5740751028060913
2018,Hill Ford,0.5958232283592224
2019,Hill Ford,0.6288226842880249
2020,Hill Ford,0.6694540977478027
2021,Hill Ford,0.7074946165084839
2022,Hill Ford,0.7237914800643921
2023,Hill Ford,0.6909643411636353
2024,Hill Ford,0.5816847681999207
2025,Hill Ford,0.3602086901664734
2026,Hill Ford,0.2623216509819031
2027,Hill Ford,0.23842091858386993
2028,Hill Ford,0.23267102241516113
2029,Hill Ford,0.23129287362098694
2030,Hill Ford,0.2309628576040268
1958,Honda,0.4995270371437073
1959,Honda,0.6197378635406494
1960,Honda,0.6909743547439575
1961,Honda,0.7254329323768616
1962,Honda,0.735265851020813
1963,Honda,0.7261537909507751
1964,Honda,0.6951321363449097
1965,Honda,0.601473331451416
1966,Honda,0.5689874887466431
1967,Honda,0.6331942081451416
1968,Honda,0.625880777835846
1969,Honda,0.6848492622375488
1970,Honda,0.658090353012085
1971,Honda,0.6311030387878418
1972,Honda,0.6126788258552551
1973,Honda,0.6035257577896118
1974,Honda,0.6013457179069519
1975,Honda,0.6031936407089233
1976,Honda,0.6065057516098022
1977,Honda,0.6094598770141602
1978,Honda,0.6110092997550964
1979,Honda,0.6107659935951233
1980,Honda,0.60882568359375
1981,Honda,0.6055827736854553
1982,Honda,0.6015665531158447
1983,Honda,0.5973118543624878
1984,Honda,0.5932739973068237
1985,Honda,0.5897825956344604
1986,Honda,0.5870291590690613
1987,Honda,0.5850734710693359
1988,Honda,0.5838603377342224
1989,Honda,0.5832369327545166
1990,Honda,0.582967221736908
1991,Honda,0.5827478170394897
1992,Honda,0.5822328925132751
1993,Honda,0.581081748008728
1994,Honda,0.5790413022041321
1995,Honda,0.5760700702667236
1996,Honda,0.572494626045227
1997,Honda,0.5691676735877991
1998,Honda,0.5675628185272217
1999,Honda,0.5697134733200073
2000,Honda,0.5778814554214478
2001,Honda,0.593844473361969
2002,Honda,0.6177085638046265
2003,Honda,0.6461923718452454
2004,Honda,0.67054283618927
2005,Honda,0.6749180555343628
2006,Honda,0.6341308355331421
2007,Honda,0.5139929056167603
2008,Honda,0.4738190174102783
2009,Honda,0.5805357694625854
2010,Honda,0.5816826820373535
2011,Honda,0.5776116847991943
2012,Honda,0.5753222703933716
2013,Honda,0.5756098031997681
2014,Honda,0.5778905153274536
2015,Honda,0.5822514891624451
2016,Honda,0.5900716781616211
2017,Honda,0.6037225723266602
2018,Honda,0.6255716681480408
2019,Honda,0.6563853025436401
2020,Honda,0.6931356191635132
2021,Honda,0.7262680530548096
2022,Honda,0.7372618913650513
2023,Honda,0.6993243098258972
2024,Honda,0.5857001543045044
2025,Honda,0.3602086901664734
2026,Honda,0.2623216509819031
2027,Honda,0.23842091858386993
2028,Honda,0.23267102241516113
2029,Honda,0.23129287362098694
2030,Honda,0.2309628576040268
1958,Iso Marlboro Ford,0.5061215162277222
1959,Iso Marlboro Ford,0.6209449768066406
1960,Iso Marlboro Ford,0.6818327307701111
1961,Iso Marlboro Ford,0.701684832572937
1962,Iso Marlboro Ford,0.6961914300918579
1963,Iso Marlboro Ford,0.6788323521614075
1964,Iso Marlboro Ford,0.659409761428833
1965,Iso Marlboro Ford,0.6440420746803284
1966,Iso Marlboro Ford,0.6355316638946533
1967,Iso Marlboro Ford,0.6336171627044678
1968,Iso Marlboro Ford,0.6349908709526062
1969,Iso Marlboro Ford,0.6332021355628967
1970,Iso Marlboro Ford,0.6188120245933533
1971,Iso Marlboro Ford,0.5804522633552551
1972,Iso Marlboro Ford,0.5074639916419983
1973,Iso Marlboro Ford,0.3297988176345825
1974,Iso Marlboro Ford,0.3394840955734253
1975,Iso Marlboro Ford,0.5039146542549133
1976,Iso Marlboro Ford,0.5516651272773743
1977,Iso Marlboro Ford,0.5811644792556763
1978,Iso Marlboro Ford,0.6004832983016968
1979,Iso Marlboro Ford,0.6126532554626465
1980,Iso Marlboro Ford,0.6191294193267822
1981,Iso Marlboro Ford,0.6210223436355591
1982,Iso Marlboro Ford,0.6194510459899902
1983,Iso Marlboro Ford,0.6155469417572021
1984,Iso Marlboro Ford,0.6103596091270447
1985,Iso Marlboro Ford,0.6047682762145996
1986,Iso Marlboro Ford,0.5994309782981873
1987,Iso Marlboro Ford,0.5947743058204651
1988,Iso Marlboro Ford,0.591014564037323
1989,Iso Marlboro Ford,0.5881987810134888
1990,Iso Marlboro Ford,0.5862537026405334
1991,Iso Marlboro Ford,0.5850341320037842
1992,Iso Marlboro Ford,0.5843643546104431
1993,Iso Marlboro Ford,0.5840691924095154
1994,Iso Marlboro Ford,0.5839945077896118
1995,Iso Marlboro Ford,0.5840176939964294
1996,Iso Marlboro Ford,0.5840510129928589
1997,Iso Marlboro Ford,0.5840399265289307
1998,Iso Marlboro Ford,0.5839591026306152
1999,Iso Marlboro Ford,0.5838083624839783
2000,Iso Marlboro Ford,0.5836083292961121
2001,Iso Marlboro Ford,0.5833967924118042
2002,Iso Marlboro Ford,0.5832231044769287
2003,Iso Marlboro Ford,0.5831393599510193
2004,Iso Marlboro Ford,0.5831846594810486
2005,Iso Marlboro Ford,0.583363950252533
2006,Iso Marlboro Ford,0.5836207270622253
2007,Iso Marlboro Ford,0.5838104486465454
2008,Iso Marlboro Ford,0.5836856961250305
2009,Iso Marlboro Ford,0.5829074382781982
2010,Iso Marlboro Ford,0.5811013579368591
2011,Iso Marlboro Ford,0.5779761075973511
2012,Iso Marlboro Ford,0.5735065340995789
2013,Iso Marlboro Ford,0.5681669116020203
2014,Iso Marlboro Ford,0.5631597638130188
2015,Iso Marlboro Ford,0.5605461001396179
2016,Iso Marlboro Ford,0.5631459355354309
2017,Iso Marlboro Ford,0.574074923992157
2018,Iso Marlboro Ford,0.5958225131034851
2019,Iso Marlboro Ford,0.628821849822998
2020,Iso Marlboro Ford,0.6694532632827759
2021,Iso Marlboro Ford,0.707493782043457
2022,Iso Marlboro Ford,0.7237910032272339
2023,Iso Marlboro Ford,0.6909641027450562
2024,Iso Marlboro Ford,0.5816847085952759
2025,Iso Marlboro Ford,0.3602086901664734
2026,Iso Marlboro Ford,0.2623216509819031
2027,Iso Marlboro Ford,0.23842091858386993
2028,Iso Marlboro Ford,0.23267102241516113
2029,Iso Marlboro Ford,0.23129287362098694
2030,Iso Marlboro Ford,0.2309628576040268
1958,Jaguar Cosworth,0.5079285502433777
1959,Jaguar Cosworth,0.6242685317993164
1960,Jaguar Cosworth,0.6870560646057129
1961,Jaguar Cosworth,0.7088665962219238
1962,Jaguar Cosworth,0.7047663927078247
1963,Jaguar Cosworth,0.6873348951339722
1964,Jaguar Cosworth,0.6653543710708618
1965,Jaguar Cosworth,0.644119143486023
1966,Jaguar Cosworth,0.6262799501419067
1967,Jaguar Cosworth,0.6127171516418457
1968,Jaguar Cosworth,0.6032552123069763
1969,Jaguar Cosworth,0.5971850156784058
1970,Jaguar Cosworth,0.5936141610145569
1971,Jaguar Cosworth,0.5916827917098999
1972,Jaguar Cosworth,0.5906785130500793
1973,Jaguar Cosworth,0.5900810956954956
1974,Jaguar Cosworth,0.5895609259605408
1975,Jaguar Cosworth,0.5889502763748169
1976,Jaguar Cosworth,0.5882025957107544
1977,Jaguar Cosworth,0.5873489379882812
1978,Jaguar Cosworth,0.5864583253860474
1979,Jaguar Cosworth,0.5856049656867981
1980,Jaguar Cosworth,0.5848428606987
1981,Jaguar Cosworth,0.5841878056526184
1982,Jaguar Cosworth,0.5836060643196106
1983,Jaguar Cosworth,0.5830119252204895
1984,Jaguar Cosworth,0.5822750926017761
1985,Jaguar Cosworth,0.5812433362007141
1986,Jaguar Cosworth,0.5797829627990723
1987,Jaguar Cosworth,0.5778392553329468
1988,Jaguar Cosworth,0.5755119919776917
1989,Jaguar Cosworth,0.5731329321861267
1990,Jaguar Cosworth,0.5713189840316772
1991,Jaguar Cosworth,0.5709648132324219
1992,Jaguar Cosworth,0.573128342628479
1993,Jaguar Cosworth,0.578762412071228
1994,Jaguar Cosworth,0.5882512331008911
1995,Jaguar Cosworth,0.6007201075553894
1996,Jaguar Cosworth,0.6131086945533752
1997,Jaguar Cosworth,0.6191033124923706
1998,Jaguar Cosworth,0.6083738803863525
1999,Jaguar Cosworth,0.5671695470809937
2000,Jaguar Cosworth,0.4269762635231018
2001,Jaguar Cosworth,0.4367407560348511
2002,Jaguar Cosworth,0.46963900327682495
2003,Jaguar Cosworth,0.4989880919456482
2004,Jaguar Cosworth,0.536676287651062
2005,Jaguar Cosworth,0.6390541791915894
2006,Jaguar Cosworth,0.6432235240936279
2007,Jaguar Cosworth,0.636704683303833
2008,Jaguar Cosworth,0.6293114423751831
2009,Jaguar Cosworth,0.6235639452934265
2010,Jaguar Cosworth,0.6190146207809448
2011,Jaguar Cosworth,0.6143981218338013
2012,Jaguar Cosworth,0.6086997985839844
2013,Jaguar Cosworth,0.6017031669616699
2014,Jaguar Cosworth,0.5942738652229309
2015,Jaguar Cosworth,0.5884362459182739
2016,Jaguar Cosworth,0.587182879447937
2017,Jaguar Cosworth,0.5939165949821472
2018,Jaguar Cosworth,0.6114466190338135
2019,Jaguar Cosworth,0.6404944062232971
2020,Jaguar Cosworth,0.6776548624038696
2021,Jaguar Cosworth,0.7128291726112366
2022,Jaguar Cosworth,0.7269107103347778
2023,Jaguar Cosworth,0.6925163865089417
2024,Jaguar Cosworth,0.582280158996582
2025,Jaguar Cosworth,0.3602086901664734
2026,Jaguar Cosworth,0.2623216509819031
2027,Jaguar Cosworth,0.23842091858386993
2028,Jaguar Cosworth,0.23267102241516113
2029,Jaguar Cosworth,0.23129287362098694
2030,Jaguar Cosworth,0.2309628576040268
1958,Jordan Ford,0.5079267621040344
1959,Jordan Ford,0.624267578125
1960,Jordan Ford,0.6870565414428711
1961,Jordan Ford,0.7088683843612671
1962,Jordan Ford,0.704768180847168
1963,Jordan Ford,0.6873335838317871
1964,Jordan Ford,0.6653443574905396
1965,Jordan Ford,0.6440920829772949
1966,Jordan Ford,0.6262258887290955
1967,Jordan Ford,0.6126259565353394
1968,Jordan Ford,0.6031194925308228
1969,Jordan Ford,0.5970044136047363
1970,Jordan Ford,0.593399167060852
1971,Jordan Ford,0.5914574861526489
1972,Jordan Ford,0.59047931432724
1973,Jordan Ford,0.5899496078491211
1974,Jordan Ford,0.5895276665687561
1975,Jordan Ford,0.5890101790428162
1976,Jordan Ford,0.5882837176322937
1977,Jordan Ford,0.587283194065094
1978,Jordan Ford,0.5859670639038086
1979,Jordan Ford,0.584320068359375
1980,Jordan Ford,0.5823835134506226
1981,Jordan Ford,0.580312967300415
1982,Jordan Ford,0.5784448385238647
1983,Jordan Ford,0.5773470401763916
1984,Jordan Ford,0.5778096318244934
1985,Jordan Ford,0.5807255506515503
1986,Jordan Ford,0.5868070721626282
1987,Jordan Ford,0.5960943698883057
1988,Jordan Ford,0.6072540283203125
1989,Jordan Ford,0.6167551279067993
1990,Jordan Ford,0.6180976033210754
1991,Jordan Ford,0.5766171813011169
1992,Jordan Ford,0.6322523355484009
1993,Jordan Ford,0.6103549599647522
1994,Jordan Ford,0.5894003510475159
1995,Jordan Ford,0.5783979892730713
1996,Jordan Ford,0.5786570310592651
1997,Jordan Ford,0.5879639983177185
1998,Jordan Ford,0.6018465161323547
1999,Jordan Ford,0.6137467622756958
2000,Jordan Ford,0.6149098873138428
2001,Jordan Ford,0.5947408080101013
2002,Jordan Ford,0.5424113273620605
2003,Jordan Ford,0.3942544460296631
2004,Jordan Ford,0.40243464708328247
2005,Jordan Ford,0.5433923006057739
2006,Jordan Ford,0.5727869868278503
2007,Jordan Ford,0.5880255699157715
2008,Jordan Ford,0.597507894039154
2009,Jordan Ford,0.6034977436065674
2010,Jordan Ford,0.6061979532241821
2011,Jordan Ford,0.6054055690765381
2012,Jordan Ford,0.6012358069419861
2013,Jordan Ford,0.5944725871086121
2014,Jordan Ford,0.5867584943771362
2015,Jordan Ford,0.5806452035903931
2016,Jordan Ford,0.5794206857681274
2017,Jordan Ford,0.586593747138977
2018,Jordan Ford,0.6049434542655945
2019,Jordan Ford,0.6350806951522827
2020,Jordan Ford,0.6734590530395508
2021,Jordan Ford,0.7098450660705566
2022,Jordan Ford,0.7250242829322815
2023,Jordan Ford,0.6915304660797119
2024,Jordan Ford,0.5819374918937683
2025,Jordan Ford,0.3602086901664734
2026,Jordan Ford,0.2623216509819031
2027,Jordan Ford,0.23842091858386993
2028,Jordan Ford,0.23267102241516113
2029,Jordan Ford,0.23129287362098694
2030,Jordan Ford,0.2309628576040268
1958,Jordan Hart,0.5079284310340881
1959,Jordan Hart,0.6242693662643433
1960,Jordan Hart,0.6870578527450562
1961,Jordan Hart,0.7088683843612671
1962,Jordan Hart,0.7047657370567322
1963,Jordan Hart,0.6873275637626648
1964,Jordan Hart,0.6653343439102173
1965,Jordan Hart,0.6440790295600891
1966,Jordan Hart,0.6262123584747314
1967,Jordan Hart,0.6126168966293335
1968,Jordan Hart,0.6031221151351929
1969,Jordan Hart,0.5970261693000793
1970,Jordan Hart,0.593445897102356
1971,Jordan Hart,0.5915287733078003
1972,Jordan Hart,0.590563178062439
1973,Jordan Hart,0.5900169610977173
1974,Jordan Hart,0.5895288586616516
1975,Jordan Hart,0.5888758301734924
1976,Jordan Hart,0.5879331231117249
1977,Jordan Hart,0.5866420269012451
1978,Jordan Hart,0.5849958062171936
1979,Jordan Hart,0.5830469727516174
1980,Jordan Hart,0.5809353590011597
1981,Jordan Hart,0.5789255499839783
1982,Jordan Hart,0.5774350762367249
1983,Jordan Hart,0.5770249962806702
1984,Jordan Hart,0.5783242583274841
1985,Jordan Hart,0.5818583965301514
1986,Jordan Hart,0.587766706943512
1987,Jordan Hart,0.5954118967056274
1988,Jordan Hart,0.6029132604598999
1989,Jordan Hart,0.606686532497406
1990,Jordan Hart,0.6011689901351929
1991,Jordan Hart,0.5790949463844299
1992,Jordan Hart,0.5326969027519226
1993,Jordan Hart,0.38263118267059326
1994,Jordan Hart,0.5094391107559204
1995,Jordan Hart,0.6060314774513245
1996,Jordan Hart,0.6116555333137512
1997,Jordan Hart,0.6066216230392456
1998,Jordan Hart,0.6013079881668091
1999,Jordan Hart,0.5984225273132324
2000,Jordan Hart,0.5978444218635559
2001,Jordan Hart,0.59862220287323
2002,Jordan Hart,0.599791944026947
2003,Jordan Hart,0.6006634831428528
2004,Jordan Hart,0.6008672714233398
2005,Jordan Hart,0.6002942323684692
2006,Jordan Hart,0.598989725112915
2007,Jordan Hart,0.5970402956008911
2008,Jordan Hart,0.5944787859916687
2009,Jordan Hart,0.591234564781189
2010,Jordan Hart,0.5871502757072449
2011,Jordan Hart,0.5820795893669128
2012,Jordan Hart,0.5760695338249207
2013,Jordan Hart,0.5696031451225281
2014,Jordan Hart,0.5638449788093567
2015,Jordan Hart,0.5607897043228149
2016,Jordan Hart,0.5631791949272156
2017,Jordan Hart,0.5740522742271423
2018,Jordan Hart,0.5958312749862671
2019,Jordan Hart,0.6288968920707703
2020,Jordan Hart,0.6695932149887085
2021,Jordan Hart,0.707675576210022
2022,Jordan Hart,0.7239812612533569
2023,Jordan Hart,0.691128671169281
2024,Jordan Hart,0.5817970037460327
2025,Jordan Hart,0.3602086901664734
2026,Jordan Hart,0.2623216509819031
2027,Jordan Hart,0.23842091858386993
2028,Jordan Hart,0.23267102241516113
2029,Jordan Hart,0.23129287362098694
2030,Jordan Hart,0.2309628576040268
1958,Jordan Honda,0.5079289078712463
1959,Jordan Honda,0.6242692470550537
1960,Jordan Honda,0.6870571374893188
1961,Jordan Honda,0.708868145942688
1962,Jordan Honda,0.7047680616378784
1963,Jordan Honda,0.6873365640640259
1964,Jordan Honda,0.6653555631637573
1965,Jordan Honda,0.6441192626953125
1966,Jordan Honda,0.6262788772583008
1967,Jordan Honda,0.6127152442932129
1968,Jordan Honda,0.603253960609436
1969,Jordan Honda,0.597187340259552
1970,Jordan Honda,0.5936248898506165
1971,Jordan Honda,0.5917084813117981
1972,Jordan Honda,0.5907266736030579
1973,Jordan Honda,0.5901586413383484
1974,Jordan Honda,0.5896719098091125
1975,Jordan Honda,0.5890932083129883
1976,Jordan Honda,0.5883678197860718
1977,Jordan Honda,0.5875180959701538
1978,Jordan Honda,0.5866075158119202
1979,Jordan Honda,0.5857130885124207
1980,Jordan Honda,0.5849066972732544
1981,Jordan Honda,0.584244430065155
1982,Jordan Honda,0.5837583541870117
1983,Jordan Honda,0.5834504961967468
1984,Jordan Honda,0.5832874774932861
1985,Jordan Honda,0.5831931829452515
1986,Jordan Honda,0.5830459594726562
1987,Jordan Honda,0.5826849341392517
1988,Jordan Honda,0.5819324254989624
1989,Jordan Honda,0.5806419253349304
1990,Jordan Honda,0.5787752866744995
1991,Jordan Honda,0.5765048861503601
1992,Jordan Honda,0.5743234157562256
1993,Jordan Honda,0.5731211304664612
1994,Jordan Honda,0.5741726160049438
1995,Jordan Honda,0.5789532661437988
1996,Jordan Honda,0.5886994004249573
1997,Jordan Honda,0.6036403775215149
1998,Jordan Honda,0.621867299079895
1999,Jordan Honda,0.637963056564331
2000,Jordan Honda,0.6417769193649292
2001,Jordan Honda,0.5946859121322632
2002,Jordan Honda,0.5896883010864258
2003,Jordan Honda,0.6504672765731812
2004,Jordan Honda,0.6228970289230347
2005,Jordan Honda,0.5966852903366089
2006,Jordan Honda,0.580507218837738
2007,Jordan Honda,0.5744409561157227
2008,Jordan Honda,0.5755593776702881
2009,Jordan Honda,0.5802900195121765
2010,Jordan Honda,0.5854616165161133
2011,Jordan Honda,0.5887731313705444
2012,Jordan Honda,0.5890152454376221
2013,Jordan Honda,0.5861897468566895
2014,Jordan Honda,0.5815585851669312
2015,Jordan Honda,0.577580988407135
2016,Jordan Honda,0.5776382088661194
2017,Jordan Honda,0.5854312777519226
2018,Jordan Honda,0.6039628982543945
2019,Jordan Honda,0.6340514421463013
2020,Jordan Honda,0.6723158359527588
2021,Jordan Honda,0.7086367607116699
2022,Jordan Honda,0.7238648533821106
2023,Jordan Honda,0.6905550360679626
2024,Jordan Honda,0.5812572240829468
2025,Jordan Honda,0.3602086901664734
2026,Jordan Honda,0.2623216509819031
2027,Jordan Honda,0.23842091858386993
2028,Jordan Honda,0.23267102241516113
2029,Jordan Honda,0.23129287362098694
2030,Jordan Honda,0.2309628576040268
1958,Jordan Mugen Honda,0.5079290866851807
1959,Jordan Mugen Honda,0.6242688894271851
1960,Jordan Mugen Honda,0.6870560646057129
1961,Jordan Mugen Honda,0.708865761756897
1962,Jordan Mugen Honda,0.7047640681266785
1963,Jordan Mugen Honda,0.6873307228088379
1964,Jordan Mugen Honda,0.6653484106063843
1965,Jordan Mugen Honda,0.6441117525100708
1966,Jordan Mugen Honda,0.6262725591659546
1967,Jordan Mugen Honda,0.6127119660377502
1968,Jordan Mugen Honda,0.6032553315162659
1969,Jordan Mugen Honda,0.5971932411193848
1970,Jordan Mugen Honda,0.5936322212219238
1971,Jordan Mugen Honda,0.5917088985443115
1972,Jordan Mugen Honda,0.5907055139541626
1973,Jordan Mugen Honda,0.5900946259498596
1974,Jordan Mugen Honda,0.5895387530326843
1975,Jordan Mugen Honda,0.5888643860816956
1976,Jordan Mugen Honda,0.5880248546600342
1977,Jordan Mugen Honda,0.5870615243911743
1978,Jordan Mugen Honda,0.5860680341720581
1979,Jordan Mugen Honda,0.5851595401763916
1980,Jordan Mugen Honda,0.5844440460205078
1981,Jordan Mugen Honda,0.5839939713478088
1982,Jordan Mugen Honda,0.5838152170181274
1983,Jordan Mugen Honda,0.5838165283203125
1984,Jordan Mugen Honda,0.5837849378585815
1985,Jordan Mugen Honda,0.5833820700645447
1986,Jordan Mugen Honda,0.5821799039840698
1987,Jordan Mugen Honda,0.5797595381736755
1988,Jordan Mugen Honda,0.5758882164955139
1989,Jordan Mugen Honda,0.5707765817642212
1990,Jordan Mugen Honda,0.5653780698776245
1991,Jordan Mugen Honda,0.5616432428359985
1992,Jordan Mugen Honda,0.5625737309455872
1993,Jordan Mugen Honda,0.5718706250190735
1994,Jordan Mugen Honda,0.5929717421531677
1995,Jordan Mugen Honda,0.6273489594459534
1996,Jordan Mugen Honda,0.6720752120018005
1997,Jordan Mugen Honda,0.7168881893157959
1998,Jordan Mugen Honda,0.7304027080535889
1999,Jordan Mugen Honda,0.7668571472167969
2000,Jordan Mugen Honda,0.6887527108192444
2001,Jordan Mugen Honda,0.705263078212738
2002,Jordan Mugen Honda,0.6444602012634277
2003,Jordan Mugen Honda,0.5970855355262756
2004,Jordan Mugen Honda,0.5699230432510376
2005,Jordan Mugen Honda,0.5605666041374207
2006,Jordan Mugen Honda,0.5636264085769653
2007,Jordan Mugen Honda,0.5734304189682007
2008,Jordan Mugen Honda,0.5851719975471497
2009,Jordan Mugen Honda,0.5953084826469421
2010,Jordan Mugen Honda,0.6016066670417786
2011,Jordan Mugen Honda,0.6030488014221191
2012,Jordan Mugen Honda,0.599721372127533
2013,Jordan Mugen Honda,0.5927379131317139
2014,Jordan Mugen Honda,0.5841906070709229
2015,Jordan Mugen Honda,0.5770600438117981
2016,Jordan Mugen Honda,0.5749651789665222
2017,Jordan Mugen Honda,0.5816176533699036
2018,Jordan Mugen Honda,0.5998748540878296
2019,Jordan Mugen Honda,0.6303253173828125
2020,Jordan Mugen Honda,0.669336199760437
2021,Jordan Mugen Honda,0.7065600752830505
2022,Jordan Mugen Honda,0.7226665019989014
2023,Jordan Mugen Honda,0.69007807970047
2024,Jordan Mugen Honda,0.5812600255012512
2025,Jordan Mugen Honda,0.3602086901664734
2026,Jordan Mugen Honda,0.2623216509819031
2027,Jordan Mugen Honda,0.23842091858386993
2028,Jordan Mugen Honda,0.23267102241516113
2029,Jordan Mugen Honda,0.23129287362098694
2030,Jordan Mugen Honda,0.2309628576040268
1958,Jordan Peugeot,0.5079266428947449
1959,Jordan Peugeot,0.6242656707763672
1960,Jordan Peugeot,0.6870524883270264
1961,Jordan Peugeot,0.7088625431060791
1962,Jordan Peugeot,0.7047621011734009
1963,Jordan Peugeot,0.6873310208320618
1964,Jordan Peugeot,0.6653510928153992
1965,Jordan Peugeot,0.644115686416626
1966,Jordan Peugeot,0.6262741088867188
1967,Jordan Peugeot,0.6127042174339294
1968,Jordan Peugeot,0.6032275557518005
1969,Jordan Peugeot,0.597131609916687
1970,Jordan Peugeot,0.5935215353965759
1971,Jordan Peugeot,0.5915369391441345
1972,Jordan Peugeot,0.5904682278633118
1973,Jordan Peugeot,0.5898022055625916
1974,Jordan Peugeot,0.5892205238342285
1975,Jordan Peugeot,0.5885694026947021
1976,Jordan Peugeot,0.5878140330314636
1977,Jordan Peugeot,0.5869877934455872
1978,Jordan Peugeot,0.5861429572105408
1979,Jordan Peugeot,0.5853079557418823
1980,Jordan Peugeot,0.5844557285308838
1981,Jordan Peugeot,0.5834895372390747
1982,Jordan Peugeot,0.5822522044181824
1983,Jordan Peugeot,0.5805681347846985
1984,Jordan Peugeot,0.578322172164917
1985,Jordan Peugeot,0.5755762457847595
1986,Jordan Peugeot,0.5727095007896423
1987,Jordan Peugeot,0.5705467462539673
1988,Jordan Peugeot,0.5704143643379211
1989,Jordan Peugeot,0.5740311741828918
1990,Jordan Peugeot,0.583120584487915
1991,Jordan Peugeot,0.5986224412918091
1992,Jordan Peugeot,0.6194138526916504
1993,Jordan Peugeot,0.6406076550483704
1994,Jordan Peugeot,0.6518317461013794
1995,Jordan Peugeot,0.6059814691543579
1996,Jordan Peugeot,0.6429945230484009
1997,Jordan Peugeot,0.6600323915481567
1998,Jordan Peugeot,0.6944748163223267
1999,Jordan Peugeot,0.6502045392990112
2000,Jordan Peugeot,0.6114073991775513
2001,Jordan Peugeot,0.5869078636169434
2002,Jordan Peugeot,0.5763046145439148
2003,Jordan Peugeot,0.5759739875793457
2004,Jordan Peugeot,0.5817156434059143
2005,Jordan Peugeot,0.5898852944374084
2006,Jordan Peugeot,0.5977849364280701
2007,Jordan Peugeot,0.6036809682846069
2008,Jordan Peugeot,0.6066488027572632
2009,Jordan Peugeot,0.6063605546951294
2010,Jordan Peugeot,0.6028985977172852
2011,Jordan Peugeot,0.5966481566429138
2012,Jordan Peugeot,0.5883004665374756
2013,Jordan Peugeot,0.5789593458175659
2014,Jordan Peugeot,0.5702996850013733
2015,Jordan Peugeot,0.5646749138832092
2016,Jordan Peugeot,0.5650303363800049
2017,Jordan Peugeot,0.5744734406471252
2018,Jordan Peugeot,0.5953933596611023
2019,Jordan Peugeot,0.6280723810195923
2020,Jordan Peugeot,0.6687252521514893
2021,Jordan Peugeot,0.7069761753082275
2022,Jordan Peugeot,0.7235474586486816
2023,Jordan Peugeot,0.6909653544425964
2024,Jordan Peugeot,0.5818415284156799
2025,Jordan Peugeot,0.3602086901664734
2026,Jordan Peugeot,0.2623216509819031
2027,Jordan Peugeot,0.23842091858386993
2028,Jordan Peugeot,0.23267102241516113
2029,Jordan Peugeot,0.23129287362098694
2030,Jordan Peugeot,0.2309628576040268
1958,Jordan Toyota,0.5079287886619568
1959,Jordan Toyota,0.6242691278457642
1960,Jordan Toyota,0.6870571970939636
1961,Jordan Toyota,0.7088683843612671
1962,Jordan Toyota,0.7047687768936157
1963,Jordan Toyota,0.6873377561569214
1964,Jordan Toyota,0.6653574705123901
1965,Jordan Toyota,0.6441220045089722
1966,Jordan Toyota,0.6262823343276978
1967,Jordan Toyota,0.6127191185951233
1968,Jordan Toyota,0.6032578945159912
1969,Jordan Toyota,0.5971910357475281
1970,Jordan Toyota,0.5936282873153687
1971,Jordan Toyota,0.5917122960090637
1972,Jordan Toyota,0.590732991695404
1973,Jordan Toyota,0.5901715755462646
1974,Jordan Toyota,0.5896978378295898
1975,Jordan Toyota,0.5891410708427429
1976,Jordan Toyota,0.5884484648704529
1977,Jordan Toyota,0.5876425504684448
1978,Jordan Toyota,0.5867842435836792
1979,Jordan Toyota,0.5859448313713074
1980,Jordan Toyota,0.5851877331733704
1981,Jordan Toyota,0.5845585465431213
1982,Jordan Toyota,0.5840817093849182
1983,Jordan Toyota,0.5837604999542236
1984,Jordan Toyota,0.5835782885551453
1985,Jordan Toyota,0.5834996700286865
1986,Jordan Toyota,0.5834713578224182
1987,Jordan Toyota,0.5834237337112427
1988,Jordan Toyota,0.5832754969596863
1989,Jordan Toyota,0.582944929599762
1990,Jordan Toyota,0.5823694467544556
1991,Jordan Toyota,0.5815362334251404
1992,Jordan Toyota,0.5805186629295349
1993,Jordan Toyota,0.5795128345489502
1994,Jordan Toyota,0.5788568258285522
1995,Jordan Toyota,0.5790139436721802
1996,Jordan Toyota,0.5804947018623352
1997,Jordan Toyota,0.5836990475654602
1998,Jordan Toyota,0.5886698365211487
1999,Jordan Toyota,0.5947709083557129
2000,Jordan Toyota,0.6003329753875732
2001,Jordan Toyota,0.6023557782173157
2002,Jordan Toyota,0.5964269042015076
2003,Jordan Toyota,0.5771149396896362
2004,Jordan Toyota,0.53900146484375
2005,Jordan Toyota,0.42067986726760864
2006,Jordan Toyota,0.5444007515907288
2007,Jordan Toyota,0.5649034380912781
2008,Jordan Toyota,0.5751696825027466
2009,Jordan Toyota,0.5817676186561584
2010,Jordan Toyota,0.5859866142272949
2011,Jordan Toyota,0.5876339077949524
2012,Jordan Toyota,0.5864763259887695
2013,Jordan Toyota,0.5828951001167297
2014,Jordan Toyota,0.5781989097595215
2015,Jordan Toyota,0.574713408946991
2016,Jordan Toyota,0.5756080150604248
2017,Jordan Toyota,0.584362804889679
2018,Jordan Toyota,0.6037951111793518
2019,Jordan Toyota,0.6345962285995483
2020,Jordan Toyota,0.6733196973800659
2021,Jordan Toyota,0.7098342776298523
2022,Jordan Toyota,0.725014865398407
2023,Jordan Toyota,0.6914677619934082
2024,Jordan Toyota,0.5818207263946533
2025,Jordan Toyota,0.3602086901664734
2026,Jordan Toyota,0.2623216509819031
2027,Jordan Toyota,0.23842091858386993
2028,Jordan Toyota,0.23267102241516113
2029,Jordan Toyota,0.23129287362098694
2030,Jordan Toyota,0.2309628576040268
1958,Jordan Yamaha,0.5079317688941956
1959,Jordan Yamaha,0.6242730617523193
1960,Jordan Yamaha,0.687060534954071
1961,Jordan Yamaha,0.7088682055473328
1962,Jordan Yamaha,0.7047602534294128
1963,Jordan Yamaha,0.6873148679733276
1964,Jordan Yamaha,0.6653137803077698
1965,Jordan Yamaha,0.6440528631210327
1966,Jordan Yamaha,0.6261874437332153
1967,Jordan Yamaha,0.6126053929328918
1968,Jordan Yamaha,0.603141188621521
1969,Jordan Yamaha,0.5970958471298218
1970,Jordan Yamaha,0.5935829877853394
1971,Jordan Yamaha,0.5917388200759888
1972,Jordan Yamaha,0.5908294320106506
1973,Jordan Yamaha,0.5902901291847229
1974,Jordan Yamaha,0.5897216200828552
1975,Jordan Yamaha,0.588868260383606
1976,Jordan Yamaha,0.5875959396362305
1977,Jordan Yamaha,0.5858832001686096
1978,Jordan Yamaha,0.5838305354118347
1979,Jordan Yamaha,0.5816835761070251
1980,Jordan Yamaha,0.5798538327217102
1981,Jordan Yamaha,0.5789128541946411
1982,Jordan Yamaha,0.5795255899429321
1983,Jordan Yamaha,0.5822937488555908
1984,Jordan Yamaha,0.5874905586242676
1985,Jordan Yamaha,0.5946929454803467
1986,Jordan Yamaha,0.6023541688919067
1987,Jordan Yamaha,0.6074117422103882
1988,Jordan Yamaha,0.6051059365272522
1989,Jordan Yamaha,0.5892866253852844
1990,Jordan Yamaha,0.5535646080970764
1991,Jordan Yamaha,0.49340879917144775
1992,Jordan Yamaha,0.33465486764907837
1993,Jordan Yamaha,0.4910734295845032
1994,Jordan Yamaha,0.533972978591919
1995,Jordan Yamaha,0.5625050663948059
1996,Jordan Yamaha,0.5826177597045898
1997,Jordan Yamaha,0.5962314605712891
1998,Jordan Yamaha,0.6043205857276917
1999,Jordan Yamaha,0.6078100204467773
2000,Jordan Yamaha,0.6077612042427063
2001,Jordan Yamaha,0.6053054332733154
2002,Jordan Yamaha,0.6015176773071289
2003,Jordan Yamaha,0.5973084568977356
2004,Jordan Yamaha,0.5933554172515869
2005,Jordan Yamaha,0.5900720953941345
2006,Jordan Yamaha,0.5876047015190125
2007,Jordan Yamaha,0.5858489274978638
2008,Jordan Yamaha,0.5844850540161133
2009,Jordan Yamaha,0.5830382704734802
2010,Jordan Yamaha,0.5809755921363831
2011,Jordan Yamaha,0.577853262424469
2012,Jordan Yamaha,0.5735184550285339
2013,Jordan Yamaha,0.5683510303497314
2014,Jordan Yamaha,0.5634931325912476
2015,Jordan Yamaha,0.5609747767448425
2016,Jordan Yamaha,0.5636077523231506
2017,Jordan Yamaha,0.5745146870613098
2018,Jordan Yamaha,0.5962001085281372
2019,Jordan Yamaha,0.629115104675293
2020,Jordan Yamaha,0.6696566343307495
2021,Jordan Yamaha,0.7076149582862854
2022,Jordan Yamaha,0.7238459587097168
2023,Jordan Yamaha,0.6909738779067993
2024,Jordan Yamaha,0.5816717743873596
2025,Jordan Yamaha,0.3602086901664734
2026,Jordan Yamaha,0.2623216509819031
2027,Jordan Yamaha,0.23842091858386993
2028,Jordan Yamaha,0.23267102241516113
2029,Jordan Yamaha,0.23129287362098694
2030,Jordan Yamaha,0.2309628576040268
1958,Kick Sauber Ferrari,0.507928729057312
1959,Kick Sauber Ferrari,0.6242690086364746
1960,Kick Sauber Ferrari,0.6870570778846741
1961,Kick Sauber Ferrari,0.7088683843612671
1962,Kick Sauber Ferrari,0.7047687768936157
1963,Kick Sauber Ferrari,0.6873380541801453
1964,Kick Sauber Ferrari,0.6653579473495483
1965,Kick Sauber Ferrari,0.644122838973999
1966,Kick Sauber Ferrari,0.6262834072113037
1967,Kick Sauber Ferrari,0.6127203702926636
1968,Kick Sauber Ferrari,0.6032591462135315
1969,Kick Sauber Ferrari,0.5971919298171997
1970,Kick Sauber Ferrari,0.593628466129303
1971,Kick Sauber Ferrari,0.5917115807533264
1972,Kick Sauber Ferrari,0.5907315611839294
1973,Kick Sauber Ferrari,0.5901703834533691
1974,Kick Sauber Ferrari,0.5896989703178406
1975,Kick Sauber Ferrari,0.5891478657722473
1976,Kick Sauber Ferrari,0.5884652733802795
1977,Kick Sauber Ferrari,0.5876747369766235
1978,Kick Sauber Ferrari,0.5868366956710815
1979,Kick Sauber Ferrari,0.5860204696655273
1980,Kick Sauber Ferrari,0.5852853059768677
1981,Kick Sauber Ferrari,0.584671139717102
1982,Kick Sauber Ferrari,0.5841959118843079
1983,Kick Sauber Ferrari,0.5838581919670105
1984,Kick Sauber Ferrari,0.583642303943634
1985,Kick Sauber Ferrari,0.5835244059562683
1986,Kick Sauber Ferrari,0.5834776759147644
1987,Kick Sauber Ferrari,0.5834769010543823
1988,Kick Sauber Ferrari,0.5835009217262268
1989,Kick Sauber Ferrari,0.5835341811180115
1990,Kick Sauber Ferrari,0.5835661292076111
1991,Kick Sauber Ferrari,0.5835910439491272
1992,Kick Sauber Ferrari,0.5836053490638733
1993,Kick Sauber Ferrari,0.5836071372032166
1994,Kick Sauber Ferrari,0.5835939049720764
1995,Kick Sauber Ferrari,0.583562433719635
1996,Kick Sauber Ferrari,0.5835089087486267
1997,Kick Sauber Ferrari,0.5834303498268127
1998,Kick Sauber Ferrari,0.5833269953727722
1999,Kick Sauber Ferrari,0.5832052826881409
2000,Kick Sauber Ferrari,0.5830805897712708
2001,Kick Sauber Ferrari,0.5829775333404541
2002,Kick Sauber Ferrari,0.5829269886016846
2003,Kick Sauber Ferrari,0.5829567313194275
2004,Kick Sauber Ferrari,0.583076000213623
2005,Kick Sauber Ferrari,0.5832536816596985
2006,Kick Sauber Ferrari,0.5833941698074341
2007,Kick Sauber Ferrari,0.5833189487457275
2008,Kick Sauber Ferrari,0.5827652812004089
2009,Kick Sauber Ferrari,0.5814173817634583
2010,Kick Sauber Ferrari,0.5789850950241089
2011,Kick Sauber Ferrari,0.5753390192985535
2012,Kick Sauber Ferrari,0.5706966519355774
2013,Kick Sauber Ferrari,0.565828263759613
2014,Kick Sauber Ferrari,0.5622174143791199
2015,Kick Sauber Ferrari,0.5620763897895813
2016,Kick Sauber Ferrari,0.5680965781211853
2017,Kick Sauber Ferrari,0.582824170589447
2018,Kick Sauber Ferrari,0.6075825691223145
2019,Kick Sauber Ferrari,0.640876054763794
2020,Kick Sauber Ferrari,0.676223874092102
2021,Kick Sauber Ferrari,0.699718713760376
2022,Kick Sauber Ferrari,0.6889259815216064
2023,Kick Sauber Ferrari,0.6168001890182495
2024,Kick Sauber Ferrari,0.40816617012023926
2025,Kick Sauber Ferrari,0.2651774287223816
2026,Kick Sauber Ferrari,0.23911024630069733
2027,Kick Sauber Ferrari,0.23283635079860687
2028,Kick Sauber Ferrari,0.23133248090744019
2029,Kick Sauber Ferrari,0.23097236454486847
2030,Kick Sauber Ferrari,0.23088614642620087
1958,Larrousse Ford,0.5079290270805359
1959,Larrousse Ford,0.6242705583572388
1960,Larrousse Ford,0.6870601177215576
1961,Larrousse Ford,0.7088723182678223
1962,Larrousse Ford,0.7047721743583679
1963,Larrousse Ford,0.6873375177383423
1964,Larrousse Ford,0.6653487682342529
1965,Larrousse Ford,0.6440986394882202
1966,Larrousse Ford,0.6262379884719849
1967,Larrousse Ford,0.612649142742157
1968,Larrousse Ford,0.6031618714332581
1969,Larrousse Ford,0.5970756411552429
1970,Larrousse Ford,0.593509316444397
1971,Larrousse Ford,0.5916142463684082
1972,Larrousse Ford,0.5906847715377808
1973,Larrousse Ford,0.5901960730552673
1974,Larrousse Ford,0.5897951126098633
1975,Larrousse Ford,0.5892659425735474
1976,Larrousse Ford,0.5884869694709778
1977,Larrousse Ford,0.5873955488204956
1978,Larrousse Ford,0.5859698057174683
1979,Larrousse Ford,0.5842342376708984
1980,Larrousse Ford,0.5822877287864685
1981,Larrousse Ford,0.5803452730178833
1982,Larrousse Ford,0.5787757635116577
1983,Larrousse Ford,0.5781075358390808
1984,Larrousse Ford,0.5789701342582703
1985,Larrousse Ford,0.5819422006607056
1986,Larrousse Ford,0.5872873067855835
1987,Larrousse Ford,0.5945860743522644
1988,Larrousse Ford,0.6023064851760864
1989,Larrousse Ford,0.6074095964431763
1990,Larrousse Ford,0.6051628589630127
1991,Larrousse Ford,0.5894407629966736
1992,Larrousse Ford,0.5538665652275085
1993,Larrousse Ford,0.49389833211898804
1994,Larrousse Ford,0.335457444190979
1995,Larrousse Ford,0.49161452054977417
1996,Larrousse Ford,0.5342509746551514
1997,Larrousse Ford,0.5625469088554382
1998,Larrousse Ford,0.5824697613716125
1999,Larrousse Ford,0.5959476828575134
2000,Larrousse Ford,0.6039614677429199
2001,Larrousse Ford,0.6074445843696594
2002,Larrousse Ford,0.607468843460083
2003,Larrousse Ford,0.605170488357544
2004,Larrousse Ford,0.601612389087677
2005,Larrousse Ford,0.5976605415344238
2006,Larrousse Ford,0.5939016938209534
2007,Larrousse Ford,0.5906053781509399
2008,Larrousse Ford,0.5877315402030945
2009,Larrousse Ford,0.5849847197532654
2010,Larrousse Ford,0.581920862197876
2011,Larrousse Ford,0.5781136751174927
2012,Larrousse Ford,0.5733792781829834
2013,Larrousse Ford,0.5680387616157532
2014,Larrousse Ford,0.5631662607192993
2015,Larrousse Ford,0.5607268214225769
2016,Larrousse Ford,0.563478410243988
2017,Larrousse Ford,0.574504554271698
2018,Larrousse Ford,0.5962857007980347
2019,Larrousse Ford,0.6292616128921509
2020,Larrousse Ford,0.669827938079834
2021,Larrousse Ford,0.7077797651290894
2022,Larrousse Ford,0.7239811420440674
2023,Larrousse Ford,0.6910657286643982
2024,Larrousse Ford,0.5817168951034546
2025,Larrousse Ford,0.3602086901664734
2026,Larrousse Ford,0.2623216509819031
2027,Larrousse Ford,0.23842091858386993
2028,Larrousse Ford,0.23267102241516113
2029,Larrousse Ford,0.23129287362098694
2030,Larrousse Ford,0.2309628576040268
1958,Larrousse Lamborghini,0.5079297423362732
1959,Larrousse Lamborghini,0.6242711544036865
1960,Larrousse Lamborghini,0.6870601177215576
1961,Larrousse Lamborghini,0.7088710069656372
1962,Larrousse Lamborghini,0.7047685384750366
1963,Larrousse Lamborghini,0.6873306035995483
1964,Larrousse Lamborghini,0.6653380990028381
1965,Larrousse Lamborghini,0.6440845131874084
1966,Larrousse Lamborghini,0.6262218952178955
1967,Larrousse Lamborghini,0.6126341819763184
1968,Larrousse Lamborghini,0.6031525135040283
1969,Larrousse Lamborghini,0.5970767140388489
1970,Larrousse Lamborghini,0.5935243368148804
1971,Larrousse Lamborghini,0.5916424989700317
1972,Larrousse Lamborghini,0.5907173752784729
1973,Larrousse Lamborghini,0.5902127027511597
1974,Larrousse Lamborghini,0.5897619724273682
1975,Larrousse Lamborghini,0.5891374349594116
1976,Larrousse Lamborghini,0.5882132053375244
1977,Larrousse Lamborghini,0.5869373083114624
1978,Larrousse Lamborghini,0.5853220820426941
1979,Larrousse Lamborghini,0.5834548473358154
1980,Larrousse Lamborghini,0.5815252661705017
1981,Larrousse Lamborghini,0.5798542499542236
1982,Larrousse Lamborghini,0.5789036750793457
1983,Larrousse Lamborghini,0.5792364478111267
1984,Larrousse Lamborghini,0.5813998579978943
1985,Larrousse Lamborghini,0.5857120156288147
1986,Larrousse Lamborghini,0.5919508337974548
1987,Larrousse Lamborghini,0.5989751219749451
1988,Larrousse Lamborghini,0.6043499708175659
1989,Larrousse Lamborghini,0.6041107177734375
1990,Larrousse Lamborghini,0.5928895473480225
1991,Larrousse Lamborghini,0.5647185444831848
1992,Larrousse Lamborghini,0.5146471858024597
1993,Larrousse Lamborghini,0.37444406747817993
1994,Larrousse Lamborghini,0.5155960917472839
1995,Larrousse Lamborghini,0.5481026768684387
1996,Larrousse Lamborghini,0.568263590335846
1997,Larrousse Lamborghini,0.5824606418609619
1998,Larrousse Lamborghini,0.5925021767616272
1999,Larrousse Lamborghini,0.5989722609519958
2000,Larrousse Lamborghini,0.6022912859916687
2001,Larrousse Lamborghini,0.6030105352401733
2002,Larrousse Lamborghini,0.6018134355545044
2003,Larrousse Lamborghini,0.5994238257408142
2004,Larrousse Lamborghini,0.5965031981468201
2005,Larrousse Lamborghini,0.5935676693916321
2006,Larrousse Lamborghini,0.590930700302124
2007,Larrousse Lamborghini,0.5886744260787964
2008,Larrousse Lamborghini,0.5866512060165405
2009,Larrousse Lamborghini,0.5845239162445068
2010,Larrousse Lamborghini,0.5818543434143066
2011,Larrousse Lamborghini,0.5782516598701477
2012,Larrousse Lamborghini,0.5735809803009033
2013,Larrousse Lamborghini,0.5682138204574585
2014,Larrousse Lamborghini,0.5632683038711548
2015,Larrousse Lamborghini,0.5607436299324036
2016,Larrousse Lamborghini,0.563420295715332
2017,Larrousse Lamborghini,0.5743938088417053
2018,Larrousse Lamborghini,0.5961483120918274
2019,Larrousse Lamborghini,0.6291212439537048
2020,Larrousse Lamborghini,0.6697027683258057
2021,Larrousse Lamborghini,0.7076811790466309
2022,Larrousse Lamborghini,0.723913848400116
2023,Larrousse Lamborghini,0.6910289525985718
2024,Larrousse Lamborghini,0.5817049741744995
2025,Larrousse Lamborghini,0.3602086901664734
2026,Larrousse Lamborghini,0.2623216509819031
2027,Larrousse Lamborghini,0.23842091858386993
2028,Larrousse Lamborghini,0.23267102241516113
2029,Larrousse Lamborghini,0.23129287362098694
2030,Larrousse Lamborghini,0.2309628576040268
1958,Leyton House Ilmor,0.5079335570335388
1959,Leyton House Ilmor,0.6242730617523193
1960,Leyton House Ilmor,0.6870570182800293
1961,Leyton House Ilmor,0.7088587284088135
1962,Leyton House Ilmor,0.7047427296638489
1963,Leyton House Ilmor,0.6872886419296265
1964,Leyton House Ilmor,0.6652805805206299
1965,Leyton House Ilmor,0.6440182328224182
1966,Leyton House Ilmor,0.6261610388755798
1967,Leyton House Ilmor,0.6126002669334412
1968,Leyton House Ilmor,0.6031708717346191
1969,Leyton House Ilmor,0.5971686244010925
1970,Leyton House Ilmor,0.5936940312385559
1971,Leyton House Ilmor,0.591860294342041
1972,Leyton House Ilmor,0.5909023284912109
1973,Leyton House Ilmor,0.5902208089828491
1974,Leyton House Ilmor,0.5893896818161011
1975,Leyton House Ilmor,0.5881502628326416
1976,Leyton House Ilmor,0.5864099860191345
1977,Leyton House Ilmor,0.5842530727386475
1978,Leyton House Ilmor,0.5819596648216248
1979,Leyton House Ilmor,0.5800176858901978
1980,Leyton House Ilmor,0.579099178314209
1981,Leyton House Ilmor,0.57996666431427
1982,Leyton House Ilmor,0.5832762122154236
1983,Leyton House Ilmor,0.5892627835273743
1984,Leyton House Ilmor,0.597318708896637
1985,Leyton House Ilmor,0.6055201888084412
1986,Leyton House Ilmor,0.6102197170257568
1987,Leyton House Ilmor,0.6059168577194214
1988,Leyton House Ilmor,0.5857395529747009
1989,Leyton House Ilmor,0.5429215431213379
1990,Leyton House Ilmor,0.47333914041519165
1991,Leyton House Ilmor,0.2972846031188965
1992,Leyton House Ilmor,0.46787041425704956
1993,Leyton House Ilmor,0.5205216407775879
1994,Leyton House Ilmor,0.5569499135017395
1995,Leyton House Ilmor,0.5826725959777832
1996,Leyton House Ilmor,0.5996983647346497
1997,Leyton House Ilmor,0.6093592643737793
1998,Leyton House Ilmor,0.6130515933036804
1999,Leyton House Ilmor,0.6123175621032715
2000,Leyton House Ilmor,0.608711302280426
2001,Leyton House Ilmor,0.6036356687545776
2002,Leyton House Ilmor,0.5982264280319214
2003,Leyton House Ilmor,0.5932967662811279
2004,Leyton House Ilmor,0.5893322825431824
2005,Leyton House Ilmor,0.586518406867981
2006,Leyton House Ilmor,0.5847817063331604
2007,Leyton House Ilmor,0.5838348269462585
2008,Leyton House Ilmor,0.5832261443138123
2009,Leyton House Ilmor,0.5824007391929626
2010,Leyton House Ilmor,0.5807916522026062
2011,Leyton House Ilmor,0.5779557824134827
2012,Leyton House Ilmor,0.5737640857696533
2013,Leyton House Ilmor,0.5686315298080444
2014,Leyton House Ilmor,0.563737690448761
2015,Leyton House Ilmor,0.5611466765403748
2016,Leyton House Ilmor,0.5636969804763794
2017,Leyton House Ilmor,0.5745295882225037
2018,Leyton House Ilmor,0.5961594581604004
2019,Leyton House Ilmor,0.6290411353111267
2020,Leyton House Ilmor,0.6695704460144043
2021,Leyton House Ilmor,0.7075334787368774
2022,Leyton House Ilmor,0.7237808704376221
2023,Leyton House Ilmor,0.6909315586090088
2024,Leyton House Ilmor,0.5816527605056763
2025,Leyton House Ilmor,0.3602086901664734
2026,Leyton House Ilmor,0.2623216509819031
2027,Leyton House Ilmor,0.23842091858386993
2028,Leyton House Ilmor,0.23267102241516113
2029,Leyton House Ilmor,0.23129287362098694
2030,Leyton House Ilmor,0.2309628576040268
1958,Leyton House Judd,0.5079290866851807
1959,Leyton House Judd,0.6242688894271851
1960,Leyton House Judd,0.6870548129081726
1961,Leyton House Judd,0.7088610529899597
1962,Leyton House Judd,0.7047522664070129
1963,Leyton House Judd,0.6873070001602173
1964,Leyton House Judd,0.6653070449829102
1965,Leyton House Judd,0.644047737121582
1966,Leyton House Judd,0.6261828541755676
1967,Leyton House Judd,0.6125974655151367
1968,Leyton House Judd,0.6031222343444824
1969,Leyton House Judd,0.5970531105995178
1970,Leyton House Judd,0.5934994220733643
1971,Leyton House Judd,0.591594934463501
1972,Leyton House Judd,0.5906084775924683
1973,Leyton House Judd,0.5899851322174072
1974,Leyton House Judd,0.5893453359603882
1975,Leyton House Judd,0.5884628295898438
1976,Leyton House Judd,0.5872398018836975
1977,Leyton House Judd,0.5856910347938538
1978,Leyton House Judd,0.5839400291442871
1979,Leyton House Judd,0.5822259783744812
1980,Leyton House Judd,0.5809088349342346
1981,Leyton House Judd,0.5804518461227417
1982,Leyton House Judd,0.5813584923744202
1983,Leyton House Judd,0.5840383172035217
1984,Leyton House Judd,0.5885837078094482
1985,Leyton House Judd,0.594454824924469
1986,Leyton House Judd,0.6000959277153015
1987,Leyton House Judd,0.6025531888008118
1988,Leyton House Judd,0.5972676873207092
1989,Leyton House Judd,0.5782203078269958
1990,Leyton House Judd,0.4961922764778137
1991,Leyton House Judd,0.5888682007789612
1992,Leyton House Judd,0.5898532867431641
1993,Leyton House Judd,0.584993302822113
1994,Leyton House Judd,0.5817685127258301
1995,Leyton House Judd,0.5815039873123169
1996,Leyton House Judd,0.5834994912147522
1997,Leyton House Judd,0.5865746736526489
1998,Leyton House Judd,0.5896803736686707
1999,Leyton House Judd,0.5921043753623962
2000,Leyton House Judd,0.5934953093528748
2001,Leyton House Judd,0.5938079357147217
2002,Leyton House Judd,0.593214213848114
2003,Leyton House Judd,0.5920073390007019
2004,Leyton House Judd,0.5905108451843262
2005,Leyton House Judd,0.5889984369277954
2006,Leyton House Judd,0.5876305103302002
2007,Leyton House Judd,0.5864109992980957
2008,Leyton House Judd,0.5851714611053467
2009,Leyton House Judd,0.5835917592048645
2010,Leyton House Judd,0.5812734365463257
2011,Leyton House Judd,0.5778734683990479
2012,Leyton House Judd,0.5733041167259216
2013,Leyton House Judd,0.5679776072502136
2014,Leyton House Judd,0.5630429983139038
2015,Leyton House Judd,0.5605207085609436
2016,Leyton House Judd,0.5632033348083496
2017,Leyton House Judd,0.5741918087005615
2018,Leyton House Judd,0.5959705710411072
2019,Leyton House Judd,0.6289746761322021
2020,Leyton House Judd,0.6695903539657593
2021,Leyton House Judd,0.7076023817062378
2022,Leyton House Judd,0.723865270614624
2023,Leyton House Judd,0.6910046339035034
2024,Leyton House Judd,0.5816976428031921
2025,Leyton House Judd,0.3602086901664734
2026,Leyton House Judd,0.2623216509819031
2027,Leyton House Judd,0.23842091858386993
2028,Leyton House Judd,0.23267102241516113
2029,Leyton House Judd,0.23129287362098694
2030,Leyton House Judd,0.2309628576040268
1958,Ligier Ford,0.507418155670166
1959,Ligier Ford,0.6235781311988831
1960,Ligier Ford,0.6862492561340332
1961,Ligier Ford,0.7080851793289185
1962,Ligier Ford,0.7042301893234253
1963,Ligier Ford,0.6873035430908203
1964,Ligier Ford,0.666037380695343
1965,Ligier Ford,0.645532488822937
1966,Ligier Ford,0.628068208694458
1967,Ligier Ford,0.613983154296875
1968,Ligier Ford,0.6024763584136963
1969,Ligier Ford,0.592323362827301
1970,Ligier Ford,0.5825442671775818
1971,Ligier Ford,0.573036253452301
1972,Ligier Ford,0.5651087760925293
1973,Ligier Ford,0.5617643594741821
1974,Ligier Ford,0.5674781203269958
1975,Ligier Ford,0.587232232093811
1976,Ligier Ford,0.6247183084487915
1977,Ligier Ford,0.6798283457756042
1978,Ligier Ford,0.7455267906188965
1979,Ligier Ford,0.8056469559669495
1980,Ligier Ford,0.8566657900810242
1981,Ligier Ford,0.8110333681106567
1982,Ligier Ford,0.7171091437339783
1983,Ligier Ford,0.6439191699028015
1984,Ligier Ford,0.5961565375328064
1985,Ligier Ford,0.5643750429153442
1986,Ligier Ford,0.5335758924484253
1987,Ligier Ford,0.4885578751564026
1988,Ligier Ford,0.4186962842941284
1989,Ligier Ford,0.23028884828090668
1990,Ligier Ford,0.43218356370925903
1991,Ligier Ford,0.5098068714141846
1992,Ligier Ford,0.5649292469024658
1993,Ligier Ford,0.602162778377533
1994,Ligier Ford,0.624265193939209
1995,Ligier Ford,0.6340422630310059
1996,Ligier Ford,0.6345710754394531
1997,Ligier Ford,0.628961443901062
1998,Ligier Ford,0.6200327277183533
1999,Ligier Ford,0.610069215297699
2000,Ligier Ford,0.6007060408592224
2001,Ligier Ford,0.5929362773895264
2002,Ligier Ford,0.587203860282898
2003,Ligier Ford,0.5835376977920532
2004,Ligier Ford,0.5816891193389893
2005,Ligier Ford,0.5812462568283081
2006,Ligier Ford,0.5817123651504517
2007,Ligier Ford,0.5825507640838623
2008,Ligier Ford,0.5832086205482483
2009,Ligier Ford,0.5831404328346252
2010,Ligier Ford,0.5818588137626648
2011,Ligier Ford,0.5790340304374695
2012,Ligier Ford,0.5746557116508484
2013,Ligier Ford,0.5692435503005981
2014,Ligier Ford,0.5640576481819153
2015,Ligier Ford,0.5612148642539978
2016,Ligier Ford,0.5635813474655151
2017,Ligier Ford,0.5743051767349243
2018,Ligier Ford,0.5958939790725708
2019,Ligier Ford,0.6287868618965149
2020,Ligier Ford,0.6693611145019531
2021,Ligier Ford,0.7073848843574524
2022,Ligier Ford,0.7236945629119873
2023,Ligier Ford,0.690898060798645
2024,Ligier Ford,0.5816552639007568
2025,Ligier Ford,0.3602086901664734
2026,Ligier Ford,0.2623216509819031
2027,Ligier Ford,0.23842091858386993
2028,Ligier Ford,0.23267102241516113
2029,Ligier Ford,0.23129287362098694
2030,Ligier Ford,0.2309628576040268
1958,Ligier Matra,0.5074515342712402
1959,Ligier Matra,0.6236481666564941
1960,Ligier Matra,0.686177670955658
1961,Ligier Matra,0.7075085639953613
1962,Ligier Matra,0.7025783658027649
1963,Ligier Matra,0.6838468313217163
1964,Ligier Matra,0.6600377559661865
1965,Ligier Matra,0.6365211009979248
1966,Ligier Matra,0.6162430047988892
1967,Ligier Matra,0.6006731390953064
1968,Ligier Matra,0.5905475616455078
1969,Ligier Matra,0.5863176584243774
1970,Ligier Matra,0.5882588028907776
1971,Ligier Matra,0.5962002277374268
1972,Ligier Matra,0.6088345646858215
1973,Ligier Matra,0.6225986480712891
1974,Ligier Matra,0.6303264498710632
1975,Ligier Matra,0.6203440427780151
1976,Ligier Matra,0.5473748445510864
1977,Ligier Matra,0.5287071466445923
1978,Ligier Matra,0.5880109071731567
1979,Ligier Matra,0.6785095930099487
1980,Ligier Matra,0.6673359274864197
1981,Ligier Matra,0.6158480048179626
1982,Ligier Matra,0.5571200847625732
1983,Ligier Matra,0.6404236555099487
1984,Ligier Matra,0.6298257112503052
1985,Ligier Matra,0.6169294118881226
1986,Ligier Matra,0.6088384985923767
1987,Ligier Matra,0.6060540080070496
1988,Ligier Matra,0.6068490743637085
1989,Ligier Matra,0.6091664433479309
1990,Ligier Matra,0.6113700866699219
1991,Ligier Matra,0.6124510169029236
1992,Ligier Matra,0.6119880676269531
1993,Ligier Matra,0.6100113391876221
1994,Ligier Matra,0.6068407297134399
1995,Ligier Matra,0.6029345989227295
1996,Ligier Matra,0.5987683534622192
1997,Ligier Matra,0.5947509407997131
1998,Ligier Matra,0.5911800265312195
1999,Ligier Matra,0.588231086730957
2000,Ligier Matra,0.5859711766242981
2001,Ligier Matra,0.5843867659568787
2002,Ligier Matra,0.5834141373634338
2003,Ligier Matra,0.5829639434814453
2004,Ligier Matra,0.582933247089386
2005,Ligier Matra,0.5832020044326782
2006,Ligier Matra,0.5836163759231567
2007,Ligier Matra,0.5839648246765137
2008,Ligier Matra,0.5839611887931824
2009,Ligier Matra,0.5832504630088806
2010,Ligier Matra,0.5814591646194458
2011,Ligier Matra,0.578306257724762
2012,Ligier Matra,0.5737812519073486
2013,Ligier Matra,0.5683731436729431
2014,Ligier Matra,0.5632970333099365
2015,Ligier Matra,0.5606226921081543
2016,Ligier Matra,0.5631751418113708
2017,Ligier Matra,0.5740715861320496
2018,Ligier Matra,0.5958006978034973
2019,Ligier Matra,0.6287930011749268
2020,Ligier Matra,0.6694256067276001
2021,Ligier Matra,0.7074722051620483
2022,Ligier Matra,0.7237774729728699
2023,Ligier Matra,0.6909584999084473
2024,Ligier Matra,0.5816850662231445
2025,Ligier Matra,0.3602086901664734
2026,Ligier Matra,0.2623216509819031
2027,Ligier Matra,0.23842091858386993
2028,Ligier Matra,0.23267102241516113
2029,Ligier Matra,0.23129287362098694
2030,Ligier Matra,0.2309628576040268
1958,Ligier Megatron,0.5079047679901123
1959,Ligier Megatron,0.6242240071296692
1960,Ligier Megatron,0.6869862079620361
1961,Ligier Megatron,0.7087715864181519
1962,Ligier Megatron,0.7046543955802917
1963,Ligier Megatron,0.6872249841690063
1964,Ligier Megatron,0.6652752161026001
1965,Ligier Megatron,0.6441033482551575
1966,Ligier Megatron,0.6263513565063477
1967,Ligier Megatron,0.612870454788208
1968,Ligier Megatron,0.6034306883811951
1969,Ligier Megatron,0.597243070602417
1970,Ligier Megatron,0.5933201313018799
1971,Ligier Megatron,0.5907153487205505
1972,Ligier Megatron,0.5886780619621277
1973,Ligier Megatron,0.5867510437965393
1974,Ligier Megatron,0.5848246216773987
1975,Ligier Megatron,0.5831475853919983
1976,Ligier Megatron,0.5822808146476746
1977,Ligier Megatron,0.5829699039459229
1978,Ligier Megatron,0.5859137177467346
1979,Ligier Megatron,0.5914182662963867
1980,Ligier Megatron,0.5989515781402588
1981,Ligier Megatron,0.606654703617096
1982,Ligier Megatron,0.6109251976013184
1983,Ligier Megatron,0.6062870025634766
1984,Ligier Megatron,0.5858738422393799
1985,Ligier Megatron,0.5429116487503052
1986,Ligier Megatron,0.47325974702835083
1987,Ligier Megatron,0.297196626663208
1988,Ligier Megatron,0.4677835702896118
1989,Ligier Megatron,0.5204580426216125
1990,Ligier Megatron,0.5569193959236145
1991,Ligier Megatron,0.5826835632324219
1992,Ligier Megatron,0.5997624397277832
1993,Ligier Megatron,0.6094921827316284
1994,Ligier Megatron,0.6132699251174927
1995,Ligier Megatron,0.6126322746276855
1996,Ligier Megatron,0.6091163754463196
1997,Ligier Megatron,0.6040963530540466
1998,Ligier Megatron,0.598670244216919
1999,Ligier Megatron,0.5936141610145569
2000,Ligier Megatron,0.5893946886062622
2001,Ligier Megatron,0.5862202048301697
2002,Ligier Megatron,0.5841092467308044
2003,Ligier Megatron,0.5829567313194275
2004,Ligier Megatron,0.5825859308242798
2005,Ligier Megatron,0.5827777981758118
2006,Ligier Megatron,0.5832781195640564
2007,Ligier Megatron,0.583789587020874
2008,Ligier Megatron,0.583961546421051
2009,Ligier Megatron,0.583398163318634
2010,Ligier Megatron,0.5817057490348816
2011,Ligier Megatron,0.578599214553833
2012,Ligier Megatron,0.5740748047828674
2013,Ligier Megatron,0.5686337947845459
2014,Ligier Megatron,0.5635053515434265
2015,Ligier Megatron,0.5607715845108032
2016,Ligier Megatron,0.5632674694061279
2017,Ligier Megatron,0.5741166472434998
2018,Ligier Megatron,0.5958108305931091
2019,Ligier Megatron,0.6287809610366821
2020,Ligier Megatron,0.6694027781486511
2021,Ligier Megatron,0.7074475288391113
2022,Ligier Megatron,0.7237569093704224
2023,Ligier Megatron,0.6909452676773071
2024,Ligier Megatron,0.5816799402236938
2025,Ligier Megatron,0.3602086901664734
2026,Ligier Megatron,0.2623216509819031
2027,Ligier Megatron,0.23842091858386993
2028,Ligier Megatron,0.23267102241516113
2029,Ligier Megatron,0.23129287362098694
2030,Ligier Megatron,0.2309628576040268
1958,Ligier Mugen Honda,0.5079267024993896
1959,Ligier Mugen Honda,0.6242660284042358
1960,Ligier Mugen Honda,0.6870532035827637
1961,Ligier Mugen Honda,0.7088637351989746
1962,Ligier Mugen Honda,0.7047641277313232
1963,Ligier Mugen Honda,0.6873339414596558
1964,Ligier Mugen Honda,0.6653549671173096
1965,Ligier Mugen Honda,0.6441205143928528
1966,Ligier Mugen Honda,0.6262795925140381
1967,Ligier Mugen Honda,0.6127102971076965
1968,Ligier Mugen Honda,0.6032342910766602
1969,Ligier Mugen Honda,0.597139835357666
1970,Ligier Mugen Honda,0.5935333371162415
1971,Ligier Mugen Honda,0.5915563702583313
1972,Ligier Mugen Honda,0.5905017256736755
1973,Ligier Mugen Honda,0.5898589491844177
1974,Ligier Mugen Honda,0.589311957359314
1975,Ligier Mugen Honda,0.5887082815170288
1976,Ligier Mugen Honda,0.5880119204521179
1977,Ligier Mugen Honda,0.5872522592544556
1978,Ligier Mugen Honda,0.586474597454071
1979,Ligier Mugen Honda,0.5856982469558716
1980,Ligier Mugen Honda,0.5848882794380188
1981,Ligier Mugen Honda,0.5839462280273438
1982,Ligier Mugen Honda,0.582726001739502
1983,Ligier Mugen Honda,0.5810820460319519
1984,Ligier Mugen Honda,0.5789528489112854
1985,Ligier Mugen Honda,0.5764731168746948
1986,Ligier Mugen Honda,0.574097216129303
1987,Ligier Mugen Honda,0.5726935267448425
1988,Ligier Mugen Honda,0.5735474824905396
1989,Ligier Mugen Honda,0.578191339969635
1990,Ligier Mugen Honda,0.5879709720611572
1991,Ligier Mugen Honda,0.6032685041427612
1992,Ligier Mugen Honda,0.6223446130752563
1993,Ligier Mugen Honda,0.6399118304252625
1994,Ligier Mugen Honda,0.6458147764205933
1995,Ligier Mugen Honda,0.6019614338874817
1996,Ligier Mugen Honda,0.597673237323761
1997,Ligier Mugen Honda,0.6556956768035889
1998,Ligier Mugen Honda,0.6256932020187378
1999,Ligier Mugen Honda,0.5974313020706177
2000,Ligier Mugen Honda,0.5797147154808044
2001,Ligier Mugen Honda,0.5727186799049377
2002,Ligier Mugen Honda,0.5736767649650574
2003,Ligier Mugen Honda,0.57926344871521
2004,Ligier Mugen Honda,0.5865920782089233
2005,Ligier Mugen Honda,0.5935562252998352
2006,Ligier Mugen Honda,0.5988456010818481
2007,Ligier Mugen Honda,0.6018060445785522
2008,Ligier Mugen Honda,0.6022393107414246
2009,Ligier Mugen Honda,0.6002123951911926
2010,Ligier Mugen Honda,0.5959292054176331
2011,Ligier Mugen Honda,0.5896996259689331
2012,Ligier Mugen Honda,0.5820212960243225
2013,Ligier Mugen Honda,0.5737566351890564
2014,Ligier Mugen Honda,0.5663459300994873
2015,Ligier Mugen Honda,0.5619495511054993
2016,Ligier Mugen Honda,0.563377857208252
2017,Ligier Mugen Honda,0.5736634731292725
2018,Ligier Mugen Honda,0.5951732993125916
2019,Ligier Mugen Honda,0.6282064914703369
2020,Ligier Mugen Honda,0.6690201759338379
2021,Ligier Mugen Honda,0.7072911262512207
2022,Ligier Mugen Honda,0.7237942218780518
2023,Ligier Mugen Honda,0.6911029815673828
2024,Ligier Mugen Honda,0.5818694829940796
2025,Ligier Mugen Honda,0.3602086901664734
2026,Ligier Mugen Honda,0.2623216509819031
2027,Ligier Mugen Honda,0.23842091858386993
2028,Ligier Mugen Honda,0.23267102241516113
2029,Ligier Mugen Honda,0.23129287362098694
2030,Ligier Mugen Honda,0.2309628576040268
1958,Ligier Renault,0.5078433752059937
1959,Ligier Renault,0.6241461634635925
1960,Ligier Renault,0.6868926286697388
1961,Ligier Renault,0.7086613774299622
1962,Ligier Renault,0.7045215368270874
1963,Ligier Renault,0.6870522499084473
1964,Ligier Renault,0.6650263071060181
1965,Ligier Renault,0.6437146663665771
1966,Ligier Renault,0.6257262825965881
1967,Ligier Renault,0.6118798851966858
1968,Ligier Renault,0.6019243001937866
1969,Ligier Renault,0.595075786113739
1970,Ligier Renault,0.590395987033844
1971,Ligier Renault,0.5870457291603088
1972,Ligier Renault,0.5844452381134033
1973,Ligier Renault,0.5823584794998169
1974,Ligier Renault,0.5809083580970764
1975,Ligier Renault,0.580516517162323
1976,Ligier Renault,0.5817564129829407
1977,Ligier Renault,0.5851024985313416
1978,Ligier Renault,0.5905635356903076
1979,Ligier Renault,0.597195565700531
1980,Ligier Renault,0.6025079488754272
1981,Ligier Renault,0.6018517017364502
1982,Ligier Renault,0.5880939364433289
1983,Ligier Renault,0.5521182417869568
1984,Ligier Renault,0.4202952980995178
1985,Ligier Renault,0.5141187310218811
1986,Ligier Renault,0.592552900314331
1987,Ligier Renault,0.670528769493103
1988,Ligier Renault,0.6637188792228699
1989,Ligier Renault,0.6512786149978638
1990,Ligier Renault,0.6373098492622375
1991,Ligier Renault,0.6133576035499573
1992,Ligier Renault,0.5183379650115967
1993,Ligier Renault,0.5835056900978088
1994,Ligier Renault,0.6031880974769592
1995,Ligier Renault,0.6747449636459351
1996,Ligier Renault,0.6564044952392578
1997,Ligier Renault,0.6338759660720825
1998,Ligier Renault,0.6169037222862244
1999,Ligier Renault,0.607169508934021
2000,Ligier Renault,0.6032878756523132
2001,Ligier Renault,0.6030679941177368
2002,Ligier Renault,0.6044950485229492
2003,Ligier Renault,0.6060880422592163
2004,Ligier Renault,0.60695481300354
2005,Ligier Renault,0.6067011952400208
2006,Ligier Renault,0.6052753925323486
2007,Ligier Renault,0.6027975678443909
2008,Ligier Renault,0.5994102954864502
2009,Ligier Renault,0.5951818823814392
2010,Ligier Renault,0.5900881290435791
2011,Ligier Renault,0.5840891003608704
2012,Ligier Renault,0.5773012638092041
2013,Ligier Renault,0.5702401399612427
2014,Ligier Renault,0.5640715956687927
2015,Ligier Renault,0.5607696175575256
2016,Ligier Renault,0.5630426406860352
2017,Ligier Renault,0.5738914608955383
2018,Ligier Renault,0.5957023501396179
2019,Ligier Renault,0.6288253664970398
2020,Ligier Renault,0.6695817708969116
2021,Ligier Renault,0.7077121138572693
2022,Ligier Renault,0.7240455150604248
2023,Ligier Renault,0.6911979913711548
2024,Ligier Renault,0.581851601600647
2025,Ligier Renault,0.3602086901664734
2026,Ligier Renault,0.2623216509819031
2027,Ligier Renault,0.23842091858386993
2028,Ligier Renault,0.23267102241516113
2029,Ligier Renault,0.23129287362098694
2030,Ligier Renault,0.2309628576040268
1958,Lola Climax,0.5144122242927551
1959,Lola Climax,0.6440994739532471
1960,Lola Climax,0.7221258282661438
1961,Lola Climax,0.7553901076316833
1962,Lola Climax,0.7357057332992554
1963,Lola Climax,0.7578525543212891
1964,Lola Climax,0.7106157541275024
1965,Lola Climax,0.6634708642959595
1966,Lola Climax,0.627071738243103
1967,Lola Climax,0.6034631133079529
1968,Lola Climax,0.5909678339958191
1969,Lola Climax,0.586597740650177
1970,Lola Climax,0.5872628688812256
1971,Lola Climax,0.5903429985046387
1972,Lola Climax,0.5939078330993652
1973,Lola Climax,0.5967405438423157
1974,Lola Climax,0.5982489585876465
1975,Lola Climax,0.5983213186264038
1976,Lola Climax,0.5971644520759583
1977,Lola Climax,0.5951530337333679
1978,Lola Climax,0.5927061438560486
1979,Lola Climax,0.5902012586593628
1980,Lola Climax,0.5879243016242981
1981,Lola Climax,0.5860521197319031
1982,Lola Climax,0.584658682346344
1983,Lola Climax,0.583735466003418
1984,Lola Climax,0.5832183957099915
1985,Lola Climax,0.583013653755188
1986,Lola Climax,0.583020806312561
1987,Lola Climax,0.5831484794616699
1988,Lola Climax,0.5833234786987305
1989,Lola Climax,0.5834947824478149
1990,Lola Climax,0.5836323499679565
1991,Lola Climax,0.5837237238883972
1992,Lola Climax,0.583768367767334
1993,Lola Climax,0.5837724804878235
1994,Lola Climax,0.5837440490722656
1995,Lola Climax,0.5836895704269409
1996,Lola Climax,0.5836126208305359
1997,Lola Climax,0.5835140347480774
1998,Lola Climax,0.5833944082260132
1999,Lola Climax,0.5832578539848328
2000,Lola Climax,0.5831159949302673
2001,Lola Climax,0.5829911231994629
2002,Lola Climax,0.582916259765625
2003,Lola Climax,0.5829289555549622
2004,Lola Climax,0.5830583572387695
2005,Lola Climax,0.5833037495613098
2006,Lola Climax,0.5836068987846375
2007,Lola Climax,0.5838248133659363
2008,Lola Climax,0.5837132334709167
2009,Lola Climax,0.5829370617866516
2010,Lola Climax,0.5811264514923096
2011,Lola Climax,0.5779932141304016
2012,Lola Climax,0.5735150575637817
2013,Lola Climax,0.5681679844856262
2014,Lola Climax,0.5631553530693054
2015,Lola Climax,0.5605385303497314
2016,Lola Climax,0.5631371736526489
2017,Lola Climax,0.5740665793418884
2018,Lola Climax,0.5958155989646912
2019,Lola Climax,0.6288168430328369
2020,Lola Climax,0.6694502830505371
2021,Lola Climax,0.7074925899505615
2022,Lola Climax,0.7237910032272339
2023,Lola Climax,0.6909646987915039
2024,Lola Climax,0.581685483455658
2025,Lola Climax,0.3602086901664734
2026,Lola Climax,0.2623216509819031
2027,Lola Climax,0.23842091858386993
2028,Lola Climax,0.23267102241516113
2029,Lola Climax,0.23129287362098694
2030,Lola Climax,0.2309628576040268
1958,Lola Ford,0.5070602297782898
1959,Lola Ford,0.6224203109741211
1960,Lola Ford,0.6838961839675903
1961,Lola Ford,0.7042515873908997
1962,Lola Ford,0.6989570260047913
1963,Lola Ford,0.6812153458595276
1964,Lola Ford,0.6605592966079712
1965,Lola Ford,0.6429531574249268
1966,Lola Ford,0.6313071846961975
1967,Lola Ford,0.6259132027626038
1968,Lola Ford,0.6246740818023682
1969,Lola Ford,0.6232084035873413
1970,Lola Ford,0.6150665879249573
1971,Lola Ford,0.5924296379089355
1972,Lola Ford,0.547722339630127
1973,Lola Ford,0.4762495160102844
1974,Lola Ford,0.2983049750328064
1975,Lola Ford,0.46555954217910767
1976,Lola Ford,0.5159817934036255
1977,Lola Ford,0.5516407489776611
1978,Lola Ford,0.5790854096412659
1979,Lola Ford,0.6011836528778076
1980,Lola Ford,0.6194576025009155
1981,Lola Ford,0.6341578364372253
1982,Lola Ford,0.643534243106842
1983,Lola Ford,0.6429099440574646
1984,Lola Ford,0.6242115497589111
1985,Lola Ford,0.5767867565155029
1986,Lola Ford,0.4410697817802429
1987,Lola Ford,0.43008553981781006
1988,Lola Ford,0.5493828058242798
1989,Lola Ford,0.5402278900146484
1990,Lola Ford,0.4953617453575134
1991,Lola Ford,0.35431909561157227
1992,Lola Ford,0.5118125081062317
1993,Lola Ford,0.5589320063591003
1994,Lola Ford,0.5898787975311279
1995,Lola Ford,0.6101465225219727
1996,Lola Ford,0.6220396757125854
1997,Lola Ford,0.6271186470985413
1998,Lola Ford,0.6269007325172424
1999,Lola Ford,0.6229559183120728
2000,Lola Ford,0.6167972683906555
2001,Lola Ford,0.6097458600997925
2002,Lola Ford,0.6028376221656799
2003,Lola Ford,0.5967854261398315
2004,Lola Ford,0.5919854044914246
2005,Lola Ford,0.5885484218597412
2006,Lola Ford,0.5863431096076965
2007,Lola Ford,0.5850391983985901
2008,Lola Ford,0.5841543674468994
2009,Lola Ford,0.5831127166748047
2010,Lola Ford,0.5813329219818115
2011,Lola Ford,0.5783621072769165
2012,Lola Ford,0.5740643739700317
2013,Lola Ford,0.5688493847846985
2014,Lola Ford,0.5638928413391113
2015,Lola Ford,0.5612552165985107
2016,Lola Ford,0.5637717843055725
2017,Lola Ford,0.574580729007721
2018,Lola Ford,0.5961945652961731
2019,Lola Ford,0.6290655732154846
2020,Lola Ford,0.669588029384613
2021,Lola Ford,0.7075463533401489
2022,Lola Ford,0.7237904667854309
2023,Lola Ford,0.690938413143158
2024,Lola Ford,0.5816572904586792
2025,Lola Ford,0.3602086901664734
2026,Lola Ford,0.2623216509819031
2027,Lola Ford,0.23842091858386993
2028,Lola Ford,0.23267102241516113
2029,Lola Ford,0.23129287362098694
2030,Lola Ford,0.2309628576040268
1958,Lola Lamborghini,0.5079261660575867
1959,Lola Lamborghini,0.6242533922195435
1960,Lola Lamborghini,0.6870192289352417
1961,Lola Lamborghini,0.7087984681129456
1962,Lola Lamborghini,0.7046600580215454
1963,Lola Lamborghini,0.6871901750564575
1964,Lola Lamborghini,0.6651821136474609
1965,Lola Lamborghini,0.643943727016449
1966,Lola Lamborghini,0.6261382102966309
1967,Lola Lamborghini,0.6126497983932495
1968,Lola Lamborghini,0.6032894849777222
1969,Lola Lamborghini,0.5973078012466431
1970,Lola Lamborghini,0.5937376618385315
1971,Lola Lamborghini,0.5916105508804321
1972,Lola Lamborghini,0.5900847315788269
1973,Lola Lamborghini,0.58852219581604
1974,Lola Lamborghini,0.5865406394004822
1975,Lola Lamborghini,0.5840563178062439
1976,Lola Lamborghini,0.5813189148902893
1977,Lola Lamborghini,0.5789218544960022
1978,Lola Lamborghini,0.5777567625045776
1979,Lola Lamborghini,0.5788702964782715
1980,Lola Lamborghini,0.5831843614578247
1981,Lola Lamborghini,0.5910614132881165
1982,Lola Lamborghini,0.6017271280288696
1983,Lola Lamborghini,0.6126108169555664
1984,Lola Lamborghini,0.6187474727630615
1985,Lola Lamborghini,0.6125301122665405
1986,Lola Lamborghini,0.5843071341514587
1987,Lola Lamborghini,0.524418830871582
1988,Lola Lamborghini,0.42689311504364014
1989,Lola Lamborghini,0.18809783458709717
1990,Lola Lamborghini,0.35937929153442383
1991,Lola Lamborghini,0.5144490003585815
1992,Lola Lamborghini,0.5683779716491699
1993,Lola Lamborghini,0.5990250110626221
1994,Lola Lamborghini,0.616296648979187
1995,Lola Lamborghini,0.6247583031654358
1996,Lola Lamborghini,0.6270214915275574
1997,Lola Lamborghini,0.6249871253967285
1998,Lola Lamborghini,0.6202337145805359
1999,Lola Lamborghini,0.6140800714492798
2000,Lola Lamborghini,0.607566237449646
2001,Lola Lamborghini,0.6014423370361328
2002,Lola Lamborghini,0.5961856842041016
2003,Lola Lamborghini,0.5920377373695374
2004,Lola Lamborghini,0.5890489220619202
2005,Lola Lamborghini,0.5871169567108154
2006,Lola Lamborghini,0.586014449596405
2007,Lola Lamborghini,0.5854059457778931
2008,Lola Lamborghini,0.5848632454872131
2009,Lola Lamborghini,0.5838955044746399
2010,Lola Lamborghini,0.5820143222808838
2011,Lola Lamborghini,0.5788511633872986
2012,Lola Lamborghini,0.5743367671966553
2013,Lola Lamborghini,0.5689265131950378
2014,Lola Lamborghini,0.5638213157653809
2015,Lola Lamborghini,0.5610905885696411
2016,Lola Lamborghini,0.563566267490387
2017,Lola Lamborghini,0.5743763446807861
2018,Lola Lamborghini,0.5960195660591125
2019,Lola Lamborghini,0.6289348602294922
2020,Lola Lamborghini,0.6695048809051514
2021,Lola Lamborghini,0.7075057029724121
2022,Lola Lamborghini,0.723781943321228
2023,Lola Lamborghini,0.690949022769928
2024,Lola Lamborghini,0.5816739797592163
2025,Lola Lamborghini,0.3602086901664734
2026,Lola Lamborghini,0.2623216509819031
2027,Lola Lamborghini,0.23842091858386993
2028,Lola Lamborghini,0.23267102241516113
2029,Lola Lamborghini,0.23129287362098694
2030,Lola Lamborghini,0.2309628576040268
1958,Lotus BRM,0.5302643179893494
1959,Lotus BRM,0.6512764692306519
1960,Lotus BRM,0.703338623046875
1961,Lotus BRM,0.6844591498374939
1962,Lotus BRM,0.5523505806922913
1963,Lotus BRM,0.5156490206718445
1964,Lotus BRM,0.5003244280815125
1965,Lotus BRM,0.504148542881012
1966,Lotus BRM,0.5487193465232849
1967,Lotus BRM,0.5266069173812866
1968,Lotus BRM,0.6416075229644775
1969,Lotus BRM,0.6503132581710815
1970,Lotus BRM,0.6471717357635498
1971,Lotus BRM,0.6416774988174438
1972,Lotus BRM,0.636892557144165
1973,Lotus BRM,0.6331628561019897
1974,Lotus BRM,0.629960298538208
1975,Lotus BRM,0.6266930103302002
1976,Lotus BRM,0.6229851245880127
1977,Lotus BRM,0.6187213659286499
1978,Lotus BRM,0.6139960289001465
1979,Lotus BRM,0.6090344190597534
1980,Lotus BRM,0.6041151285171509
1981,Lotus BRM,0.5995051860809326
1982,Lotus BRM,0.5954160094261169
1983,Lotus BRM,0.5919808149337769
1984,Lotus BRM,0.5892505049705505
1985,Lotus BRM,0.5872039198875427
1986,Lotus BRM,0.5857664942741394
1987,Lotus BRM,0.5848312973976135
1988,Lotus BRM,0.5842800736427307
1989,Lotus BRM,0.5839985609054565
1990,Lotus BRM,0.583888053894043
1991,Lotus BRM,0.5838705897331238
1992,Lotus BRM,0.583889901638031
1993,Lotus BRM,0.5839093327522278
1994,Lotus BRM,0.5839071869850159
1995,Lotus BRM,0.5838726758956909
1996,Lotus BRM,0.58380126953125
1997,Lotus BRM,0.5836926698684692
1998,Lotus BRM,0.5835505723953247
1999,Lotus BRM,0.5833839774131775
2000,Lotus BRM,0.5832095146179199
2001,Lotus BRM,0.5830537676811218
2002,Lotus BRM,0.5829524993896484
2003,Lotus BRM,0.5829449892044067
2004,Lotus BRM,0.5830605626106262
2005,Lotus BRM,0.583297848701477
2006,Lotus BRM,0.5835975408554077
2007,Lotus BRM,0.583815336227417
2008,Lotus BRM,0.583705484867096
2009,Lotus BRM,0.5829320549964905
2010,Lotus BRM,0.5811240673065186
2011,Lotus BRM,0.5779931545257568
2012,Lotus BRM,0.5735166668891907
2013,Lotus BRM,0.5681704878807068
2014,Lotus BRM,0.5631581544876099
2015,Lotus BRM,0.5605410933494568
2016,Lotus BRM,0.5631392598152161
2017,Lotus BRM,0.5740680694580078
2018,Lotus BRM,0.5958164930343628
2019,Lotus BRM,0.6288172006607056
2020,Lotus BRM,0.6694502234458923
2021,Lotus BRM,0.7074922919273376
2022,Lotus BRM,0.7237905859947205
2023,Lotus BRM,0.6909643411636353
2024,Lotus BRM,0.5816852450370789
2025,Lotus BRM,0.3602086901664734
2026,Lotus BRM,0.2623216509819031
2027,Lotus BRM,0.23842091858386993
2028,Lotus BRM,0.23267102241516113
2029,Lotus BRM,0.23129287362098694
2030,Lotus BRM,0.2309628576040268
1958,Lotus Climax,0.5321018099784851
1959,Lotus Climax,0.7375635504722595
1960,Lotus Climax,0.9062871336936951
1961,Lotus Climax,0.9902713298797607
1962,Lotus Climax,1.020593523979187
1963,Lotus Climax,1.0219756364822388
1964,Lotus Climax,0.9458414912223816
1965,Lotus Climax,0.8939477205276489
1966,Lotus Climax,0.7447779178619385
1967,Lotus Climax,0.7399874925613403
1968,Lotus Climax,0.6718314290046692
1969,Lotus Climax,0.622301459312439
1970,Lotus Climax,0.5948663949966431
1971,Lotus Climax,0.5855576395988464
1972,Lotus Climax,0.5881597995758057
1973,Lotus Climax,0.5967292785644531
1974,Lotus Climax,0.6066492199897766
1975,Lotus Climax,0.6148914694786072
1976,Lotus Climax,0.6198861002922058
1977,Lotus Climax,0.6212191581726074
1978,Lotus Climax,0.6192775368690491
1979,Lotus Climax,0.6149072051048279
1980,Lotus Climax,0.6091226935386658
1981,Lotus Climax,0.6028888821601868
1982,Lotus Climax,0.5969818234443665
1983,Lotus Climax,0.5919252634048462
1984,Lotus Climax,0.5879873037338257
1985,Lotus Climax,0.5852182507514954
1986,Lotus Climax,0.5835099816322327
1987,Lotus Climax,0.5826606154441833
1988,Lotus Climax,0.5824315547943115
1989,Lotus Climax,0.58259117603302
1990,Lotus Climax,0.5829435586929321
1991,Lotus Climax,0.5833419561386108
1992,Lotus Climax,0.5836905241012573
1993,Lotus Climax,0.5839384198188782
1994,Lotus Climax,0.584068775177002
1995,Lotus Climax,0.5840874314308167
1996,Lotus Climax,0.5840117931365967
1997,Lotus Climax,0.5838640928268433
1998,Lotus Climax,0.5836673378944397
1999,Lotus Climax,0.5834450721740723
2000,Lotus Climax,0.5832234621047974
2001,Lotus Climax,0.583033561706543
2002,Lotus Climax,0.5829122066497803
2003,Lotus Climax,0.5828969478607178
2004,Lotus Climax,0.583014190196991
2005,Lotus Climax,0.5832591652870178
2006,Lotus Climax,0.5835694074630737
2007,Lotus Climax,0.5837979316711426
2008,Lotus Climax,0.5836976170539856
2009,Lotus Climax,0.582931399345398
2010,Lotus Climax,0.5811281204223633
2011,Lotus Climax,0.5779995918273926
2012,Lotus Climax,0.5735235810279846
2013,Lotus Climax,0.5681766271591187
2014,Lotus Climax,0.5631628632545471
2015,Lotus Climax,0.5605441927909851
2016,Lotus Climax,0.5631407499313354
2017,Lotus Climax,0.5740683078765869
2018,Lotus Climax,0.5958158373832703
2019,Lotus Climax,0.6288161277770996
2020,Lotus Climax,0.6694490909576416
2021,Lotus Climax,0.7074912786483765
2022,Lotus Climax,0.7237898111343384
2023,Lotus Climax,0.6909639239311218
2024,Lotus Climax,0.5816851258277893
2025,Lotus Climax,0.3602086901664734
2026,Lotus Climax,0.2623216509819031
2027,Lotus Climax,0.23842091858386993
2028,Lotus Climax,0.23267102241516113
2029,Lotus Climax,0.23129287362098694
2030,Lotus Climax,0.2309628576040268
1958,Lotus Cosworth,0.507928729057312
1959,Lotus Cosworth,0.6242690086364746
1960,Lotus Cosworth,0.6870571374893188
1961,Lotus Cosworth,0.7088683843612671
1962,Lotus Cosworth,0.7047688364982605
1963,Lotus Cosworth,0.68733811378479
1964,Lotus Cosworth,0.6653580665588379
1965,Lotus Cosworth,0.644122838973999
1966,Lotus Cosworth,0.6262834072113037
1967,Lotus Cosworth,0.612720251083374
1968,Lotus Cosworth,0.6032587885856628
1969,Lotus Cosworth,0.5971912145614624
1970,Lotus Cosworth,0.593627393245697
1971,Lotus Cosworth,0.5917102098464966
1972,Lotus Cosworth,0.5907301306724548
1973,Lotus Cosworth,0.5901691913604736
1974,Lotus Cosworth,0.5896984934806824
1975,Lotus Cosworth,0.5891484618186951
1976,Lotus Cosworth,0.5884671807289124
1977,Lotus Cosworth,0.5876774191856384
1978,Lotus Cosworth,0.5868387818336487
1979,Lotus Cosworth,0.5860192179679871
1980,Lotus Cosworth,0.5852766633033752
1981,Lotus Cosworth,0.5846496820449829
1982,Lotus Cosworth,0.5841558575630188
1983,Lotus Cosworth,0.5837949514389038
1984,Lotus Cosworth,0.5835546851158142
1985,Lotus Cosworth,0.5834168791770935
1986,Lotus Cosworth,0.5833624005317688
1987,Lotus Cosworth,0.583373486995697
1988,Lotus Cosworth,0.5834333300590515
1989,Lotus Cosworth,0.5835220217704773
1990,Lotus Cosworth,0.5836108922958374
1991,Lotus Cosworth,0.583656370639801
1992,Lotus Cosworth,0.5835972428321838
1993,Lotus Cosworth,0.583357572555542
1994,Lotus Cosworth,0.5828608274459839
1995,Lotus Cosworth,0.5820568799972534
1996,Lotus Cosworth,0.5809617638587952
1997,Lotus Cosworth,0.5797046422958374
1998,Lotus Cosworth,0.5785680413246155
1999,Lotus Cosworth,0.5780026912689209
2000,Lotus Cosworth,0.5785861611366272
2001,Lotus Cosworth,0.5809019804000854
2002,Lotus Cosworth,0.5853160619735718
2003,Lotus Cosworth,0.5916532874107361
2004,Lotus Cosworth,0.5988006591796875
2005,Lotus Cosworth,0.6043114066123962
2006,Lotus Cosworth,0.6041459441184998
2007,Lotus Cosworth,0.5927804112434387
2008,Lotus Cosworth,0.5640122890472412
2009,Lotus Cosworth,0.5126239061355591
2010,Lotus Cosworth,0.36988067626953125
2011,Lotus Cosworth,0.5085389018058777
2012,Lotus Cosworth,0.5373551845550537
2013,Lotus Cosworth,0.5528488755226135
2014,Lotus Cosworth,0.5625508427619934
2015,Lotus Cosworth,0.570326030254364
2016,Lotus Cosworth,0.5795880556106567
2017,Lotus Cosworth,0.5938791036605835
2018,Lotus Cosworth,0.6162385940551758
2019,Lotus Cosworth,0.6477751135826111
2020,Lotus Cosworth,0.6855782270431519
2021,Lotus Cosworth,0.720070481300354
2022,Lotus Cosworth,0.7326343059539795
2023,Lotus Cosworth,0.6963335275650024
2024,Lotus Cosworth,0.5842239856719971
2025,Lotus Cosworth,0.3602086901664734
2026,Lotus Cosworth,0.2623216509819031
2027,Lotus Cosworth,0.23842091858386993
2028,Lotus Cosworth,0.23267102241516113
2029,Lotus Cosworth,0.23129287362098694
2030,Lotus Cosworth,0.2309628576040268
1958,Lotus Ford,0.495164155960083
1959,Lotus Ford,0.6002486944198608
1960,Lotus Ford,0.6503877639770508
1961,Lotus Ford,0.6616637706756592
1962,Lotus Ford,0.6550842523574829
1963,Lotus Ford,0.6509205102920532
1964,Lotus Ford,0.6653522253036499
1965,Lotus Ford,0.7075239419937134
1966,Lotus Ford,0.776413083076477
1967,Lotus Ford,0.8671518564224243
1968,Lotus Ford,0.9569200873374939
1969,Lotus Ford,0.9363706707954407
1970,Lotus Ford,0.9336316585540771
1971,Lotus Ford,0.8457546830177307
1972,Lotus Ford,0.8895589113235474
1973,Lotus Ford,0.8785375952720642
1974,Lotus Ford,0.7859789729118347
1975,Lotus Ford,0.7202268242835999
1976,Lotus Ford,0.79493248462677
1977,Lotus Ford,0.8862934112548828
1978,Lotus Ford,0.921396017074585
1979,Lotus Ford,0.8280311822891235
1980,Lotus Ford,0.7175654768943787
1981,Lotus Ford,0.6038011312484741
1982,Lotus Ford,0.5429889559745789
1983,Lotus Ford,0.4173318147659302
1984,Lotus Ford,0.5616514682769775
1985,Lotus Ford,0.5899509787559509
1986,Lotus Ford,0.6118809580802917
1987,Lotus Ford,0.6338416337966919
1988,Lotus Ford,0.6571130752563477
1989,Lotus Ford,0.679616391658783
1990,Lotus Ford,0.6958754062652588
1991,Lotus Ford,0.6962268352508545
1992,Lotus Ford,0.6429733037948608
1993,Lotus Ford,0.6331069469451904
1994,Lotus Ford,0.6862015128135681
1995,Lotus Ford,0.6520317792892456
1996,Lotus Ford,0.618998646736145
1997,Lotus Ford,0.5963876247406006
1998,Lotus Ford,0.5848366022109985
1999,Lotus Ford,0.5818619132041931
2000,Lotus Ford,0.58425372838974
2001,Lotus Ford,0.5891270637512207
2002,Lotus Ford,0.59432452917099
2003,Lotus Ford,0.5984928607940674
2004,Lotus Ford,0.6009895205497742
2005,Lotus Ford,0.6017037034034729
2006,Lotus Ford,0.6008455157279968
2007,Lotus Ford,0.5987440347671509
2008,Lotus Ford,0.5956847071647644
2009,Lotus Ford,0.5918148159980774
2010,Lotus Ford,0.5871372222900391
2011,Lotus Ford,0.5816028714179993
2012,Lotus Ford,0.5752996802330017
2013,Lotus Ford,0.5687089562416077
2014,Lotus Ford,0.5629662871360779
2015,Lotus Ford,0.5600242614746094
2016,Lotus Ford,0.5625808238983154
2017,Lotus Ford,0.5736364126205444
2018,Lotus Ford,0.5955845713615417
2019,Lotus Ford,0.6287878155708313
2020,Lotus Ford,0.6695820689201355
2021,Lotus Ford,0.7077222466468811
2022,Lotus Ford,0.7240501046180725
2023,Lotus Ford,0.6911914348602295
2024,Lotus Ford,0.5818358063697815
2025,Lotus Ford,0.3602086901664734
2026,Lotus Ford,0.2623216509819031
2027,Lotus Ford,0.23842091858386993
2028,Lotus Ford,0.23267102241516113
2029,Lotus Ford,0.23129287362098694
2030,Lotus Ford,0.2309628576040268
1958,Lotus Honda,0.5079384446144104
1959,Lotus Honda,0.6242825388908386
1960,Lotus Honda,0.6870670914649963
1961,Lotus Honda,0.7088595628738403
1962,Lotus Honda,0.7047170996665955
1963,Lotus Honda,0.6872113347053528
1964,Lotus Honda,0.6651217937469482
1965,Lotus Honda,0.6437495946884155
1966,Lotus Honda,0.6257659196853638
1967,Lotus Honda,0.6120865941047668
1968,Lotus Honda,0.6025841236114502
1969,Lotus Honda,0.5965988039970398
1970,Lotus Honda,0.5932702422142029
1971,Lotus Honda,0.5917248129844666
1972,Lotus Honda,0.5911581516265869
1973,Lotus Honda,0.5908528566360474
1974,Lotus Honda,0.5901700258255005
1975,Lotus Honda,0.5885550379753113
1976,Lotus Honda,0.5855928659439087
1977,Lotus Honda,0.5811390280723572
1978,Lotus Honda,0.5755271315574646
1979,Lotus Honda,0.569817841053009
1980,Lotus Honda,0.565997302532196
1981,Lotus Honda,0.5669774413108826
1982,Lotus Honda,0.5762093663215637
1983,Lotus Honda,0.5967410206794739
1984,Lotus Honda,0.6296325325965881
1985,Lotus Honda,0.6717596054077148
1986,Lotus Honda,0.7131940126419067
1987,Lotus Honda,0.7361267805099487
1988,Lotus Honda,0.7054077982902527
1989,Lotus Honda,0.7172402143478394
1990,Lotus Honda,0.6538162231445312
1991,Lotus Honda,0.6018741130828857
1992,Lotus Honda,0.5697875618934631
1993,Lotus Honda,0.5560128688812256
1994,Lotus Honda,0.5556800961494446
1995,Lotus Honda,0.5634241700172424
1996,Lotus Honda,0.574619710445404
1997,Lotus Honda,0.5858444571495056
1998,Lotus Honda,0.5949465036392212
1999,Lotus Honda,0.6009014844894409
2000,Lotus Honda,0.6035667657852173
2001,Lotus Honda,0.6033992767333984
2002,Lotus Honda,0.6011859774589539
2003,Lotus Honda,0.5978123545646667
2004,Lotus Honda,0.5940858125686646
2005,Lotus Honda,0.5906165242195129
2006,Lotus Honda,0.5877505540847778
2007,Lotus Honda,0.585548460483551
2008,Lotus Honda,0.5838038921356201
2009,Lotus Honda,0.5821025371551514
2010,Lotus Honda,0.5799279808998108
2011,Lotus Honda,0.5768218636512756
2012,Lotus Honda,0.5725993514060974
2013,Lotus Honda,0.5676020383834839
2014,Lotus Honda,0.5629357695579529
2015,Lotus Honda,0.5606018900871277
2016,Lotus Honda,0.5633926391601562
2017,Lotus Honda,0.5744205713272095
2018,Lotus Honda,0.5961880087852478
2019,Lotus Honda,0.6291496753692627
2020,Lotus Honda,0.6697096228599548
2021,Lotus Honda,0.707666277885437
2022,Lotus Honda,0.723883867263794
2023,Lotus Honda,0.6909937858581543
2024,Lotus Honda,0.5816746950149536
2025,Lotus Honda,0.3602086901664734
2026,Lotus Honda,0.2623216509819031
2027,Lotus Honda,0.23842091858386993
2028,Lotus Honda,0.23267102241516113
2029,Lotus Honda,0.23129287362098694
2030,Lotus Honda,0.2309628576040268
1958,Lotus Judd,0.5079302787780762
1959,Lotus Judd,0.6242697238922119
1960,Lotus Judd,0.6870532631874084
1961,Lotus Judd,0.7088534832000732
1962,Lotus Judd,0.7047335505485535
1963,Lotus Judd,0.6872708797454834
1964,Lotus Judd,0.6652472615242004
1965,Lotus Judd,0.6439599394798279
1966,Lotus Judd,0.6260668635368347
1967,Lotus Judd,0.6124593019485474
1968,Lotus Judd,0.6029749512672424
1969,Lotus Judd,0.5969154238700867
1970,Lotus Judd,0.5933895111083984
1971,Lotus Judd,0.5915197730064392
1972,Lotus Judd,0.5905473828315735
1973,Lotus Judd,0.5898708701133728
1974,Lotus Judd,0.5890464782714844
1975,Lotus Judd,0.5877774953842163
1976,Lotus Judd,0.5859114527702332
1977,Lotus Judd,0.583458423614502
1978,Lotus Judd,0.580632746219635
1979,Lotus Judd,0.5779037475585938
1980,Lotus Judd,0.5760278105735779
1981,Lotus Judd,0.5760152339935303
1982,Lotus Judd,0.5789783596992493
1983,Lotus Judd,0.5858071446418762
1984,Lotus Judd,0.5966336727142334
1985,Lotus Judd,0.6100733280181885
1986,Lotus Judd,0.6222964525222778
1987,Lotus Judd,0.6261617541313171
1988,Lotus Judd,0.6109092235565186
1989,Lotus Judd,0.5313503742218018
1990,Lotus Judd,0.5613176822662354
1991,Lotus Judd,0.4319952130317688
1992,Lotus Judd,0.5485686659812927
1993,Lotus Judd,0.5648959875106812
1994,Lotus Judd,0.5746343731880188
1995,Lotus Judd,0.5834009647369385
1996,Lotus Judd,0.5917660593986511
1997,Lotus Judd,0.5989484190940857
1998,Lotus Judd,0.6041486859321594
1999,Lotus Judd,0.606974720954895
2000,Lotus Judd,0.6074801683425903
2001,Lotus Judd,0.6060565710067749
2002,Lotus Judd,0.603286862373352
2003,Lotus Judd,0.5998067855834961
2004,Lotus Judd,0.5961913466453552
2005,Lotus Judd,0.5928717255592346
2006,Lotus Judd,0.5900810360908508
2007,Lotus Judd,0.5878288745880127
2008,Lotus Judd,0.5859057903289795
2009,Lotus Judd,0.5839254260063171
2010,Lotus Judd,0.5814135074615479
2011,Lotus Judd,0.5779552459716797
2012,Lotus Judd,0.5734024047851562
2013,Lotus Judd,0.5681219100952148
2014,Lotus Judd,0.5632330179214478
2015,Lotus Judd,0.5607396364212036
2016,Lotus Judd,0.5634286999702454
2017,Lotus Judd,0.574402391910553
2018,Lotus Judd,0.5961504578590393
2019,Lotus Judd,0.629115104675293
2020,Lotus Judd,0.6696892976760864
2021,Lotus Judd,0.7076632976531982
2022,Lotus Judd,0.7238951921463013
2023,Lotus Judd,0.6910128593444824
2024,Lotus Judd,0.5816940665245056
2025,Lotus Judd,0.3602086901664734
2026,Lotus Judd,0.2623216509819031
2027,Lotus Judd,0.23842091858386993
2028,Lotus Judd,0.23267102241516113
2029,Lotus Judd,0.23129287362098694
2030,Lotus Judd,0.2309628576040268
1958,Lotus Lamborghini,0.5079299807548523
1959,Lotus Lamborghini,0.6242690086364746
1960,Lotus Lamborghini,0.687053382396698
1961,Lotus Lamborghini,0.7088571786880493
1962,Lotus Lamborghini,0.704745352268219
1963,Lotus Lamborghini,0.6872971653938293
1964,Lotus Lamborghini,0.6652956008911133
1965,Lotus Lamborghini,0.6440374851226807
1966,Lotus Lamborghini,0.6261786818504333
1967,Lotus Lamborghini,0.6126052141189575
1968,Lotus Lamborghini,0.6031474471092224
1969,Lotus Lamborghini,0.597098708152771
1970,Lotus Lamborghini,0.593562126159668
1971,Lotus Lamborghini,0.5916610956192017
1972,Lotus Lamborghini,0.5906513929367065
1973,Lotus Lamborghini,0.5899645686149597
1974,Lotus Lamborghini,0.5892118811607361
1975,Lotus Lamborghini,0.5881701111793518
1976,Lotus Lamborghini,0.5867640972137451
1977,Lotus Lamborghini,0.5850581526756287
1978,Lotus Lamborghini,0.5832538604736328
1979,Lotus Lamborghini,0.5816891193389893
1980,Lotus Lamborghini,0.5808191299438477
1981,Lotus Lamborghini,0.5811586976051331
1982,Lotus Lamborghini,0.5831610560417175
1983,Lotus Lamborghini,0.5870193243026733
1984,Lotus Lamborghini,0.5923879146575928
1985,Lotus Lamborghini,0.5980491042137146
1986,Lotus Lamborghini,0.6015843749046326
1987,Lotus Lamborghini,0.5991723537445068
1988,Lotus Lamborghini,0.5857350826263428
1989,Lotus Lamborghini,0.5556057691574097
1990,Lotus Lamborghini,0.45272296667099
1991,Lotus Lamborghini,0.5627769231796265
1992,Lotus Lamborghini,0.5750557780265808
1993,Lotus Lamborghini,0.5791379809379578
1994,Lotus Lamborghini,0.5821213722229004
1995,Lotus Lamborghini,0.5855191349983215
1996,Lotus Lamborghini,0.5891000032424927
1997,Lotus Lamborghini,0.5922569036483765
1998,Lotus Lamborghini,0.5945048928260803
1999,Lotus Lamborghini,0.5956171751022339
2000,Lotus Lamborghini,0.5956130623817444
2001,Lotus Lamborghini,0.5946933627128601
2002,Lotus Lamborghini,0.5931623578071594
2003,Lotus Lamborghini,0.5913531184196472
2004,Lotus Lamborghini,0.5895633697509766
2005,Lotus Lamborghini,0.5880032181739807
2006,Lotus Lamborghini,0.5867544412612915
2007,Lotus Lamborghini,0.5857446193695068
2008,Lotus Lamborghini,0.5847416520118713
2009,Lotus Lamborghini,0.5833806395530701
2010,Lotus Lamborghini,0.5812361836433411
2011,Lotus Lamborghini,0.577954888343811
2012,Lotus Lamborghini,0.5734504461288452
2013,Lotus Lamborghini,0.5681440234184265
2014,Lotus Lamborghini,0.5631974339485168
2015,Lotus Lamborghini,0.5606438517570496
2016,Lotus Lamborghini,0.5632874965667725
2017,Lotus Lamborghini,0.5742378234863281
2018,Lotus Lamborghini,0.5959848165512085
2019,Lotus Lamborghini,0.6289661526679993
2020,Lotus Lamborghini,0.6695687770843506
2021,Lotus Lamborghini,0.7075762748718262
2022,Lotus Lamborghini,0.7238411903381348
2023,Lotus Lamborghini,0.6909871101379395
2024,Lotus Lamborghini,0.5816887021064758
2025,Lotus Lamborghini,0.3602086901664734
2026,Lotus Lamborghini,0.2623216509819031
2027,Lotus Lamborghini,0.23842091858386993
2028,Lotus Lamborghini,0.23267102241516113
2029,Lotus Lamborghini,0.23129287362098694
2030,Lotus Lamborghini,0.2309628576040268
1958,Lotus Mercedes,0.5079287886619568
1959,Lotus Mercedes,0.6242690086364746
1960,Lotus Mercedes,0.6870571374893188
1961,Lotus Mercedes,0.7088683247566223
1962,Lotus Mercedes,0.7047687768936157
1963,Lotus Mercedes,0.6873379945755005
1964,Lotus Mercedes,0.6653579473495483
1965,Lotus Mercedes,0.6441227793693542
1966,Lotus Mercedes,0.6262834072113037
1967,Lotus Mercedes,0.6127203702926636
1968,Lotus Mercedes,0.6032590866088867
1969,Lotus Mercedes,0.5971919298171997
1970,Lotus Mercedes,0.5936285257339478
1971,Lotus Mercedes,0.5917116403579712
1972,Lotus Mercedes,0.590731680393219
1973,Lotus Mercedes,0.5901705622673035
1974,Lotus Mercedes,0.5896990895271301
1975,Lotus Mercedes,0.5891477465629578
1976,Lotus Mercedes,0.5884647965431213
1977,Lotus Mercedes,0.5876736044883728
1978,Lotus Mercedes,0.5868347883224487
1979,Lotus Mercedes,0.5860176682472229
1980,Lotus Mercedes,0.5852817893028259
1981,Lotus Mercedes,0.5846672654151917
1982,Lotus Mercedes,0.5841922163963318
1983,Lotus Mercedes,0.5838555693626404
1984,Lotus Mercedes,0.5836413502693176
1985,Lotus Mercedes,0.5835251212120056
1986,Lotus Mercedes,0.5834789276123047
1987,Lotus Mercedes,0.5834754109382629
1988,Lotus Mercedes,0.5834907293319702
1989,Lotus Mercedes,0.583506166934967
1990,Lotus Mercedes,0.5835087299346924
1991,Lotus Mercedes,0.5834914445877075
1992,Lotus Mercedes,0.5834534168243408
1993,Lotus Mercedes,0.5833992958068848
1994,Lotus Mercedes,0.5833383798599243
1995,Lotus Mercedes,0.5832831263542175
1996,Lotus Mercedes,0.5832454562187195
1997,Lotus Mercedes,0.5832317471504211
1998,Lotus Mercedes,0.5832353234291077
1999,Lotus Mercedes,0.5832287073135376
2000,Lotus Mercedes,0.5831568241119385
2001,Lotus Mercedes,0.5829365253448486
2002,Lotus Mercedes,0.5824657678604126
2003,Lotus Mercedes,0.5816497802734375
2004,Lotus Mercedes,0.5804452896118164
2005,Lotus Mercedes,0.578924298286438
2006,Lotus Mercedes,0.5773447751998901
2007,Lotus Mercedes,0.5762090086936951
2008,Lotus Mercedes,0.576270580291748
2009,Lotus Mercedes,0.5784423351287842
2010,Lotus Mercedes,0.5835462808609009
2011,Lotus Mercedes,0.5918536186218262
2012,Lotus Mercedes,0.6023934483528137
2013,Lotus Mercedes,0.6121002435684204
2014,Lotus Mercedes,0.6149355173110962
2015,Lotus Mercedes,0.5786618590354919
2016,Lotus Mercedes,0.6346480250358582
2017,Lotus Mercedes,0.6175484657287598
2018,Lotus Mercedes,0.6112301349639893
2019,Lotus Mercedes,0.6250858306884766
2020,Lotus Mercedes,0.6563676595687866
2021,Lotus Mercedes,0.6928381323814392
2022,Lotus Mercedes,0.7126146554946899
2023,Lotus Mercedes,0.6857357621192932
2024,Lotus Mercedes,0.582632839679718
2025,Lotus Mercedes,0.3602086901664734
2026,Lotus Mercedes,0.2623216509819031
2027,Lotus Mercedes,0.23842091858386993
2028,Lotus Mercedes,0.23267102241516113
2029,Lotus Mercedes,0.23129287362098694
2030,Lotus Mercedes,0.2309628576040268
1958,Lotus Renault,0.5078725814819336
1959,Lotus Renault,0.6241617798805237
1960,Lotus Renault,0.6868675947189331
1961,Lotus Renault,0.7085579037666321
1962,Lotus Renault,0.7042970657348633
1963,Lotus Renault,0.6866719722747803
1964,Lotus Renault,0.6644822359085083
1965,Lotus Renault,0.6430478692054749
1966,Lotus Renault,0.6250466704368591
1967,Lotus Renault,0.6113736629486084
1968,Lotus Renault,0.601837158203125
1969,Lotus Renault,0.5956595540046692
1970,Lotus Renault,0.5918107032775879
1971,Lotus Renault,0.5892227292060852
1972,Lotus Renault,0.586933434009552
1973,Lotus Renault,0.5842064619064331
1974,Lotus Renault,0.5806612372398376
1975,Lotus Renault,0.5764296650886536
1976,Lotus Renault,0.5723205804824829
1977,Lotus Renault,0.5699247717857361
1978,Lotus Renault,0.5715267062187195
1979,Lotus Renault,0.5796229839324951
1980,Lotus Renault,0.5958248972892761
1981,Lotus Renault,0.6190626621246338
1982,Lotus Renault,0.6432451009750366
1983,Lotus Renault,0.6071996688842773
1984,Lotus Renault,0.7707515954971313
1985,Lotus Renault,0.8393059372901917
1986,Lotus Renault,0.8339416980743408
1987,Lotus Renault,0.7951533794403076
1988,Lotus Renault,0.7028329968452454
1989,Lotus Renault,0.6298840045928955
1990,Lotus Renault,0.584032416343689
1991,Lotus Renault,0.5624433755874634
1992,Lotus Renault,0.5586449503898621
1993,Lotus Renault,0.5657256245613098
1994,Lotus Renault,0.5777804255485535
1995,Lotus Renault,0.5904372930526733
1996,Lotus Renault,0.6008924841880798
1997,Lotus Renault,0.6076875329017639
1998,Lotus Renault,0.6103681325912476
1999,Lotus Renault,0.6091230511665344
2000,Lotus Renault,0.6044803261756897
2001,Lotus Renault,0.597120463848114
2002,Lotus Renault,0.587846040725708
2003,Lotus Renault,0.5777126550674438
2004,Lotus Renault,0.5682763457298279
2005,Lotus Renault,0.561839759349823
2006,Lotus Renault,0.561489999294281
2007,Lotus Renault,0.5706365704536438
2008,Lotus Renault,0.5917476415634155
2009,Lotus Renault,0.6241815090179443
2010,Lotus Renault,0.6612874269485474
2011,Lotus Renault,0.6221377849578857
2012,Lotus Renault,0.8933587074279785
2013,Lotus Renault,0.9371037483215332
2014,Lotus Renault,0.7353729605674744
2015,Lotus Renault,0.7325239777565002
2016,Lotus Renault,0.6525671482086182
2017,Lotus Renault,0.6010456681251526
2018,Lotus Renault,0.5866092443466187
2019,Lotus Renault,0.6060276031494141
2020,Lotus Renault,0.6486139297485352
2021,Lotus Renault,0.6968518495559692
2022,Lotus Renault,0.7255412340164185
2023,Lotus Renault,0.7029637098312378
2024,Lotus Renault,0.5991872549057007
2025,Lotus Renault,0.3602086901664734
2026,Lotus Renault,0.2623216509819031
2027,Lotus Renault,0.23842091858386993
2028,Lotus Renault,0.23267102241516113
2029,Lotus Renault,0.23129287362098694
2030,Lotus Renault,0.2309628576040268
1958,MF1 Toyota,0.5079288482666016
1959,MF1 Toyota,0.6242691278457642
1960,MF1 Toyota,0.6870572566986084
1961,MF1 Toyota,0.7088683843612671
1962,MF1 Toyota,0.7047687768936157
1963,MF1 Toyota,0.6873378753662109
1964,MF1 Toyota,0.6653575897216797
1965,MF1 Toyota,0.6441220641136169
1966,MF1 Toyota,0.6262823343276978
1967,MF1 Toyota,0.6127190589904785
1968,MF1 Toyota,0.6032577157020569
1969,MF1 Toyota,0.597190797328949
1970,MF1 Toyota,0.5936280488967896
1971,MF1 Toyota,0.591712236404419
1972,MF1 Toyota,0.590733528137207
1973,MF1 Toyota,0.5901731848716736
1974,MF1 Toyota,0.5897011756896973
1975,MF1 Toyota,0.5891466736793518
1976,MF1 Toyota,0.5884565711021423
1977,MF1 Toyota,0.5876530408859253
1978,MF1 Toyota,0.5867961049079895
1979,MF1 Toyota,0.5859564542770386
1980,MF1 Toyota,0.5851966738700867
1981,MF1 Toyota,0.5845625400543213
1982,MF1 Toyota,0.5840796232223511
1983,MF1 Toyota,0.5837544202804565
1984,MF1 Toyota,0.5835752487182617
1985,MF1 Toyota,0.5835139155387878
1986,MF1 Toyota,0.5835250020027161
1987,MF1 Toyota,0.5835450887680054
1988,MF1 Toyota,0.5834940671920776
1989,MF1 Toyota,0.5832812786102295
1990,MF1 Toyota,0.5828210711479187
1991,MF1 Toyota,0.5820599794387817
1992,MF1 Toyota,0.5810153484344482
1993,MF1 Toyota,0.5798192620277405
1994,MF1 Toyota,0.5787562727928162
1995,MF1 Toyota,0.5782731175422668
1996,MF1 Toyota,0.5789353251457214
1997,MF1 Toyota,0.5813037157058716
1998,MF1 Toyota,0.5857134461402893
1999,MF1 Toyota,0.591957151889801
2000,MF1 Toyota,0.5989018082618713
2001,MF1 Toyota,0.6041134595870972
2002,MF1 Toyota,0.6036241054534912
2003,MF1 Toyota,0.5920664668083191
2004,MF1 Toyota,0.5634892582893372
2005,MF1 Toyota,0.5129872560501099
2006,MF1 Toyota,0.3719955086708069
2007,MF1 Toyota,0.5141230821609497
2008,MF1 Toyota,0.5472359657287598
2009,MF1 Toyota,0.5672498941421509
2010,MF1 Toyota,0.5801286697387695
2011,MF1 Toyota,0.5873948931694031
2012,MF1 Toyota,0.5896303057670593
2013,MF1 Toyota,0.587751030921936
2014,MF1 Toyota,0.583519697189331
2015,MF1 Toyota,0.5796741247177124
2016,MF1 Toyota,0.5797409415245056
2017,MF1 Toyota,0.5874854326248169
2018,MF1 Toyota,0.6059284806251526
2019,MF1 Toyota,0.6358866691589355
2020,MF1 Toyota,0.6739720106124878
2021,MF1 Toyota,0.7100618481636047
2022,MF1 Toyota,0.7250099182128906
2023,MF1 Toyota,0.6913858652114868
2024,MF1 Toyota,0.581770122051239
2025,MF1 Toyota,0.3602086901664734
2026,MF1 Toyota,0.2623216509819031
2027,MF1 Toyota,0.23842091858386993
2028,MF1 Toyota,0.23267102241516113
2029,MF1 Toyota,0.23129287362098694
2030,MF1 Toyota,0.2309628576040268
1958,MRT Mercedes,0.5079287886619568
1959,MRT Mercedes,0.6242690086364746
1960,MRT Mercedes,0.6870570778846741
1961,MRT Mercedes,0.7088683247566223
1962,MRT Mercedes,0.7047687768936157
1963,MRT Mercedes,0.6873379945755005
1964,MRT Mercedes,0.6653579473495483
1965,MRT Mercedes,0.644122838973999
1966,MRT Mercedes,0.6262834072113037
1967,MRT Mercedes,0.6127204298973083
1968,MRT Mercedes,0.6032592058181763
1969,MRT Mercedes,0.5971920490264893
1970,MRT Mercedes,0.5936285853385925
1971,MRT Mercedes,0.5917116403579712
1972,MRT Mercedes,0.5907315611839294
1973,MRT Mercedes,0.5901702046394348
1974,MRT Mercedes,0.5896984934806824
1975,MRT Mercedes,0.5891469120979309
1976,MRT Mercedes,0.5884640216827393
1977,MRT Mercedes,0.5876731872558594
1978,MRT Mercedes,0.5868350863456726
1979,MRT Mercedes,0.5860193371772766
1980,MRT Mercedes,0.5852851271629333
1981,MRT Mercedes,0.5846725106239319
1982,MRT Mercedes,0.5841989517211914
1983,MRT Mercedes,0.5838623642921448
1984,MRT Mercedes,0.5836459398269653
1985,MRT Mercedes,0.583524227142334
1986,MRT Mercedes,0.5834686756134033
1987,MRT Mercedes,0.5834527611732483
1988,MRT Mercedes,0.5834553241729736
1989,MRT Mercedes,0.5834624767303467
1990,MRT Mercedes,0.5834682583808899
1991,MRT Mercedes,0.5834742784500122
1992,MRT Mercedes,0.5834866762161255
1993,MRT Mercedes,0.5835127830505371
1994,MRT Mercedes,0.5835548639297485
1995,MRT Mercedes,0.5836040377616882
1996,MRT Mercedes,0.5836330652236938
1997,MRT Mercedes,0.5835925936698914
1998,MRT Mercedes,0.5834118127822876
1999,MRT Mercedes,0.5830094218254089
2000,MRT Mercedes,0.5823150873184204
2001,MRT Mercedes,0.5813050866127014
2002,MRT Mercedes,0.5800474882125854
2003,MRT Mercedes,0.5787465572357178
2004,MRT Mercedes,0.577769935131073
2005,MRT Mercedes,0.5776332020759583
2006,MRT Mercedes,0.5789152383804321
2007,MRT Mercedes,0.582080602645874
2008,MRT Mercedes,0.5872026681900024
2009,MRT Mercedes,0.5936059951782227
2010,MRT Mercedes,0.5994834899902344
2011,MRT Mercedes,0.6015976071357727
2012,MRT Mercedes,0.5952505469322205
2013,MRT Mercedes,0.5747908353805542
2014,MRT Mercedes,0.5349608659744263
2015,MRT Mercedes,0.4730668067932129
2016,MRT Mercedes,0.31790632009506226
2017,MRT Mercedes,0.48350733518600464
2018,MRT Mercedes,0.5478389859199524
2019,MRT Mercedes,0.6089345216751099
2020,MRT Mercedes,0.6688594818115234
2021,MRT Mercedes,0.7190622091293335
2022,MRT Mercedes,0.7411642074584961
2023,MRT Mercedes,0.7086772918701172
2024,MRT Mercedes,0.5956981182098389
2025,MRT Mercedes,0.3602086901664734
2026,MRT Mercedes,0.2623216509819031
2027,MRT Mercedes,0.23842091858386993
2028,MRT Mercedes,0.23267102241516113
2029,MRT Mercedes,0.23129287362098694
2030,MRT Mercedes,0.2309628576040268
1958,March Ford,0.5053282380104065
1959,March Ford,0.6180912852287292
1960,March Ford,0.6755544543266296
1961,March Ford,0.6905382871627808
1962,March Ford,0.6792881488800049
1963,March Ford,0.6568153500556946
1964,March Ford,0.6356090307235718
1965,March Ford,0.62546306848526
1966,March Ford,0.6331142783164978
1967,March Ford,0.6610122323036194
1968,March Ford,0.7049509286880493
1969,March Ford,0.7508958578109741
1970,March Ford,0.7742974758148193
1971,March Ford,0.751598596572876
1972,March Ford,0.6580668091773987
1973,March Ford,0.5863345861434937
1974,March Ford,0.47300535440444946
1975,March Ford,0.4626515507698059
1976,March Ford,0.5082820653915405
1977,March Ford,0.6154122352600098
1978,March Ford,0.6309522390365601
1979,March Ford,0.6381890773773193
1980,March Ford,0.6451016664505005
1981,March Ford,0.6524660587310791
1982,March Ford,0.6571840643882751
1983,March Ford,0.653870701789856
1984,March Ford,0.6358606219291687
1985,March Ford,0.5965521931648254
1986,March Ford,0.5315065979957581
1987,March Ford,0.36709845066070557
1988,March Ford,0.5174708366394043
1989,March Ford,0.5547502040863037
1990,March Ford,0.578097939491272
1991,March Ford,0.5937139987945557
1992,March Ford,0.6036992073059082
1993,March Ford,0.6090799570083618
1994,March Ford,0.6107193231582642
1995,March Ford,0.609535276889801
1996,March Ford,0.6064677238464355
1997,March Ford,0.6023849844932556
1998,March Ford,0.598006010055542
1999,March Ford,0.5938618183135986
2000,March Ford,0.590293288230896
2001,March Ford,0.5874765515327454
2002,March Ford,0.5854601860046387
2003,March Ford,0.5842036008834839
2004,March Ford,0.5836054682731628
2005,March Ford,0.5835168361663818
2006,March Ford,0.5837388038635254
2007,March Ford,0.5840112566947937
2008,March Ford,0.5840027332305908
2009,March Ford,0.5833218693733215
2010,March Ford,0.5815690159797668
2011,March Ford,0.5784468650817871
2012,March Ford,0.5739375352859497
2013,March Ford,0.5685287714004517
2014,March Ford,0.5634381175041199
2015,March Ford,0.560740053653717
2016,March Ford,0.5632644295692444
2017,March Ford,0.5741329193115234
2018,March Ford,0.5958373546600342
2019,March Ford,0.6288101673126221
2020,March Ford,0.6694291830062866
2021,March Ford,0.7074678540229797
2022,March Ford,0.7237699031829834
2023,March Ford,0.6909512877464294
2024,March Ford,0.5816807150840759
2025,March Ford,0.3602086901664734
2026,March Ford,0.2623216509819031
2027,March Ford,0.23842091858386993
2028,March Ford,0.23267102241516113
2029,March Ford,0.23129287362098694
2030,March Ford,0.2309628576040268
1958,March Ilmor,0.5079300999641418
1959,March Ilmor,0.6242711544036865
1960,March Ilmor,0.6870590448379517
1961,March Ilmor,0.708868145942688
1962,March Ilmor,0.7047631740570068
1963,March Ilmor,0.6873223185539246
1964,March Ilmor,0.6653268337249756
1965,March Ilmor,0.6440710425376892
1966,March Ilmor,0.6262084245681763
1967,March Ilmor,0.6126236915588379
1968,March Ilmor,0.6031484603881836
1969,March Ilmor,0.5970816612243652
1970,March Ilmor,0.5935376286506653
1971,March Ilmor,0.591657817363739
1972,March Ilmor,0.5907198786735535
1973,March Ilmor,0.5901774764060974
1974,March Ilmor,0.589654803276062
1975,March Ilmor,0.5889198780059814
1976,March Ilmor,0.5878535509109497
1977,March Ilmor,0.5864278078079224
1978,March Ilmor,0.5847006440162659
1979,March Ilmor,0.5828270316123962
1980,March Ilmor,0.5810781121253967
1981,March Ilmor,0.5798509120941162
1982,March Ilmor,0.5796450972557068
1983,March Ilmor,0.5809794664382935
1984,March Ilmor,0.5842282176017761
1985,March Ilmor,0.5893664360046387
1986,March Ilmor,0.5956422090530396
1987,March Ilmor,0.6012225151062012
1988,March Ilmor,0.6029098033905029
1989,March Ilmor,0.5961026549339294
1990,March Ilmor,0.5752675533294678
1991,March Ilmor,0.5350840091705322
1992,March Ilmor,0.41329872608184814
1993,March Ilmor,0.5391421318054199
1994,March Ilmor,0.5615963339805603
1995,March Ilmor,0.5737427473068237
1996,March Ilmor,0.5823329091072083
1997,March Ilmor,0.5890363454818726
1998,March Ilmor,0.5940358638763428
1999,March Ilmor,0.5972421169281006
2000,March Ilmor,0.5986923575401306
2001,March Ilmor,0.5986204147338867
2002,March Ilmor,0.5974063873291016
2003,March Ilmor,0.595492959022522
2004,March Ilmor,0.5933026075363159
2005,March Ilmor,0.5911673307418823
2006,March Ilmor,0.5892754197120667
2007,March Ilmor,0.5876369476318359
2008,March Ilmor,0.5860759615898132
2009,March Ilmor,0.5842586159706116
2010,March Ilmor,0.5817692279815674
2011,March Ilmor,0.5782483816146851
2012,March Ilmor,0.5735939145088196
2013,March Ilmor,0.5682064890861511
2014,March Ilmor,0.5632268786430359
2015,March Ilmor,0.5606694221496582
2016,March Ilmor,0.5633233189582825
2017,March Ilmor,0.5742872953414917
2018,March Ilmor,0.5960448384284973
2019,March Ilmor,0.6290305852890015
2020,March Ilmor,0.6696308851242065
2021,March Ilmor,0.7076300382614136
2022,March Ilmor,0.7238826751708984
2023,March Ilmor,0.6910144090652466
2024,March Ilmor,0.5817019939422607
2025,March Ilmor,0.3602086901664734
2026,March Ilmor,0.2623216509819031
2027,March Ilmor,0.23842091858386993
2028,March Ilmor,0.23267102241516113
2029,March Ilmor,0.23129287362098694
2030,March Ilmor,0.2309628576040268
1958,March Judd,0.5079270601272583
1959,March Judd,0.62425696849823
1960,March Judd,0.6870256662368774
1961,March Judd,0.7088065147399902
1962,March Judd,0.7046655416488647
1963,March Judd,0.6871860027313232
1964,March Judd,0.6651581525802612
1965,March Judd,0.6438881158828735
1966,March Judd,0.626039981842041
1967,March Judd,0.6125038862228394
1968,March Judd,0.6031028032302856
1969,March Judd,0.5971047282218933
1970,March Judd,0.5935640931129456
1971,March Judd,0.5915318727493286
1972,March Judd,0.5901750922203064
1973,March Judd,0.5888417363166809
1974,March Judd,0.5871008038520813
1975,March Judd,0.5847781896591187
1976,March Judd,0.5819961428642273
1977,March Judd,0.5792087316513062
1978,March Judd,0.5772082209587097
1979,March Judd,0.577059268951416
1980,March Judd,0.5799143314361572
1981,March Judd,0.5866633057594299
1982,March Judd,0.5973933339118958
1983,March Judd,0.610662579536438
1984,March Judd,0.6226451992988586
1985,March Judd,0.6263409852981567
1986,March Judd,0.6113566756248474
1987,March Judd,0.5651107430458069
1988,March Judd,0.4453544616699219
1989,March Judd,0.3462412357330322
1990,March Judd,0.5068027377128601
1991,March Judd,0.5433857440948486
1992,March Judd,0.5670064091682434
1993,March Judd,0.5846623182296753
1994,March Judd,0.5980631113052368
1995,March Judd,0.6074211597442627
1996,March Judd,0.6128217577934265
1997,March Judd,0.6146336793899536
1998,March Judd,0.6135205030441284
1999,March Judd,0.6103159785270691
2000,March Judd,0.6058840751647949
2001,March Judd,0.6010072231292725
2002,March Judd,0.5963161587715149
2003,March Judd,0.5922555327415466
2004,March Judd,0.5890764594078064
2005,March Judd,0.5868439078330994
2006,March Judd,0.5854496955871582
2007,March Judd,0.5846283435821533
2008,March Judd,0.5839799046516418
2009,March Judd,0.5830110311508179
2010,March Judd,0.5812117457389832
2011,March Judd,0.5781840085983276
2012,March Judd,0.5738286375999451
2013,March Judd,0.5685759782791138
2014,March Judd,0.56360924243927
2015,March Judd,0.5609877109527588
2016,March Judd,0.5635403394699097
2017,March Judd,0.5743967890739441
2018,March Judd,0.5960614681243896
2019,March Judd,0.6289799213409424
2020,March Judd,0.6695417761802673
2021,March Judd,0.7075293064117432
2022,March Judd,0.723791778087616
2023,March Judd,0.6909480094909668
2024,March Judd,0.581666886806488
2025,March Judd,0.3602086901664734
2026,March Judd,0.2623216509819031
2027,March Judd,0.23842091858386993
2028,March Judd,0.23267102241516113
2029,March Judd,0.23129287362098694
2030,March Judd,0.2309628576040268
1958,Marussia Cosworth,0.507928729057312
1959,Marussia Cosworth,0.6242690086364746
1960,Marussia Cosworth,0.6870571374893188
1961,Marussia Cosworth,0.7088683843612671
1962,Marussia Cosworth,0.7047687768936157
1963,Marussia Cosworth,0.68733811378479
1964,Marussia Cosworth,0.6653580665588379
1965,Marussia Cosworth,0.6441228985786438
1966,Marussia Cosworth,0.626283586025238
1967,Marussia Cosworth,0.6127204895019531
1968,Marussia Cosworth,0.6032592058181763
1969,Marussia Cosworth,0.5971916913986206
1970,Marussia Cosworth,0.5936278700828552
1971,Marussia Cosworth,0.5917104482650757
1972,Marussia Cosworth,0.590729832649231
1973,Marussia Cosworth,0.5901681184768677
1974,Marussia Cosworth,0.58969646692276
1975,Marussia Cosworth,0.5891455411911011
1976,Marussia Cosworth,0.5884640216827393
1977,Marussia Cosworth,0.5876750946044922
1978,Marussia Cosworth,0.5868390798568726
1979,Marussia Cosworth,0.5860243439674377
1980,Marussia Cosworth,0.5852886438369751
1981,Marussia Cosworth,0.5846697688102722
1982,Marussia Cosworth,0.5841832756996155
1983,Marussia Cosworth,0.5838253498077393
1984,Marussia Cosworth,0.5835792422294617
1985,Marussia Cosworth,0.5834223628044128
1986,Marussia Cosworth,0.5833325386047363
1987,Marussia Cosworth,0.5832934379577637
1988,Marussia Cosworth,0.5832961201667786
1989,Marussia Cosworth,0.5833380818367004
1990,Marussia Cosworth,0.5834174752235413
1991,Marussia Cosworth,0.5835247039794922
1992,Marussia Cosworth,0.5836308002471924
1993,Marussia Cosworth,0.5836771130561829
1994,Marussia Cosworth,0.5835691094398499
1995,Marussia Cosworth,0.5831817388534546
1996,Marussia Cosworth,0.5823812484741211
1997,Marussia Cosworth,0.5810691714286804
1998,Marussia Cosworth,0.5792481899261475
1999,Marussia Cosworth,0.5771024823188782
2000,Marussia Cosworth,0.5750705599784851
2001,Marussia Cosworth,0.5738794207572937
2002,Marussia Cosworth,0.5744926929473877
2003,Marussia Cosworth,0.577927827835083
2004,Marussia Cosworth,0.5849072337150574
2005,Marussia Cosworth,0.5953342914581299
2006,Marussia Cosworth,0.6076228618621826
2007,Marussia Cosworth,0.6179684996604919
2008,Marussia Cosworth,0.619766116142273
2009,Marussia Cosworth,0.6035958528518677
2010,Marussia Cosworth,0.558454692363739
2011,Marussia Cosworth,0.47482430934906006
2012,Marussia Cosworth,0.27785366773605347
2013,Marussia Cosworth,0.29848533868789673
2014,Marussia Cosworth,0.4659143090248108
2015,Marussia Cosworth,0.519627571105957
2016,Marussia Cosworth,0.5582095980644226
2017,Marussia Cosworth,0.5926501750946045
2018,Marussia Cosworth,0.6286283135414124
2019,Marussia Cosworth,0.668354868888855
2020,Marussia Cosworth,0.7096964120864868
2021,Marussia Cosworth,0.7438870668411255
2022,Marussia Cosworth,0.7531982660293579
2023,Marussia Cosworth,0.7116953134536743
2024,Marussia Cosworth,0.5936240553855896
2025,Marussia Cosworth,0.3602086901664734
2026,Marussia Cosworth,0.2623216509819031
2027,Marussia Cosworth,0.23842091858386993
2028,Marussia Cosworth,0.23267102241516113
2029,Marussia Cosworth,0.23129287362098694
2030,Marussia Cosworth,0.2309628576040268
1958,Marussia Ferrari,0.5079287886619568
1959,Marussia Ferrari,0.6242690086364746
1960,Marussia Ferrari,0.6870570778846741
1961,Marussia Ferrari,0.7088683247566223
1962,Marussia Ferrari,0.7047687768936157
1963,Marussia Ferrari,0.6873379945755005
1964,Marussia Ferrari,0.6653579473495483
1965,Marussia Ferrari,0.644122838973999
1966,Marussia Ferrari,0.6262834668159485
1967,Marussia Ferrari,0.6127204895019531
1968,Marussia Ferrari,0.6032593250274658
1969,Marussia Ferrari,0.5971920490264893
1970,Marussia Ferrari,0.5936285853385925
1971,Marussia Ferrari,0.5917114615440369
1972,Marussia Ferrari,0.590731143951416
1973,Marussia Ferrari,0.5901694893836975
1974,Marussia Ferrari,0.589697539806366
1975,Marussia Ferrari,0.5891457200050354
1976,Marussia Ferrari,0.5884628295898438
1977,Marussia Ferrari,0.5876721739768982
1978,Marussia Ferrari,0.5868346691131592
1979,Marussia Ferrari,0.5860195755958557
1980,Marussia Ferrari,0.5852860808372498
1981,Marussia Ferrari,0.5846734642982483
1982,Marussia Ferrari,0.5841984152793884
1983,Marussia Ferrari,0.5838578343391418
1984,Marussia Ferrari,0.5836336612701416
1985,Marussia Ferrari,0.5834996104240417
1986,Marussia Ferrari,0.5834271907806396
1987,Marussia Ferrari,0.5833911895751953
1988,Marussia Ferrari,0.5833732485771179
1989,Marussia Ferrari,0.5833642482757568
1990,Marussia Ferrari,0.5833638906478882
1991,Marussia Ferrari,0.5833781957626343
1992,Marussia Ferrari,0.5834144949913025
1993,Marussia Ferrari,0.583472728729248
1994,Marussia Ferrari,0.5835359692573547
1995,Marussia Ferrari,0.5835605263710022
1996,Marussia Ferrari,0.5834696888923645
1997,Marussia Ferrari,0.5831557512283325
1998,Marussia Ferrari,0.5824959874153137
1999,Marussia Ferrari,0.5813876390457153
2000,Marussia Ferrari,0.5798026323318481
2001,Marussia Ferrari,0.5778579711914062
2002,Marussia Ferrari,0.5758861899375916
2003,Marussia Ferrari,0.5744786262512207
2004,Marussia Ferrari,0.5744643807411194
2005,Marussia Ferrari,0.5767805576324463
2006,Marussia Ferrari,0.5821995735168457
2007,Marussia Ferrari,0.5908931493759155
2008,Marussia Ferrari,0.6018474102020264
2009,Marussia Ferrari,0.6121858358383179
2010,Marussia Ferrari,0.6165436506271362
2011,Marussia Ferrari,0.6068090796470642
2012,Marussia Ferrari,0.5728227496147156
2013,Marussia Ferrari,0.5046881437301636
2014,Marussia Ferrari,0.3400611877441406
2015,Marussia Ferrari,0.3301185071468353
2016,Marussia Ferrari,0.4900329113006592
2017,Marussia Ferrari,0.5432313680648804
2018,Marussia Ferrari,0.5907790064811707
2019,Marussia Ferrari,0.6408400535583496
2020,Marussia Ferrari,0.692205548286438
2021,Marussia Ferrari,0.7354320287704468
2022,Marussia Ferrari,0.7519000172615051
2023,Marussia Ferrari,0.7150799036026001
2024,Marussia Ferrari,0.5990645885467529
2025,Marussia Ferrari,0.3602086901664734
2026,Marussia Ferrari,0.2623216509819031
2027,Marussia Ferrari,0.23842091858386993
2028,Marussia Ferrari,0.23267102241516113
2029,Marussia Ferrari,0.23129287362098694
2030,Marussia Ferrari,0.2309628576040268
1958,Maserati,0.5095367431640625
1959,Maserati,0.6641637682914734
1960,Maserati,0.7150387763977051
1961,Maserati,0.7219354510307312
1962,Maserati,0.705910325050354
1963,Maserati,0.6815161108970642
1964,Maserati,0.6571611762046814
1965,Maserati,0.6368203163146973
1966,Maserati,0.6216931343078613
1967,Maserati,0.6114497184753418
1968,Maserati,0.6050671339035034
1969,Maserati,0.6013469099998474
1970,Maserati,0.5992053151130676
1971,Maserati,0.597808301448822
1972,Maserati,0.5966055989265442
1973,Maserati,0.5953029990196228
1974,Maserati,0.5938048958778381
1975,Maserati,0.5921462774276733
1976,Maserati,0.5904300808906555
1977,Maserati,0.5887772440910339
1978,Maserati,0.5872930288314819
1979,Maserati,0.5860487222671509
1980,Maserati,0.5850768685340881
1981,Maserati,0.5843744277954102
1982,Maserati,0.5839120149612427
1983,Maserati,0.5836443305015564
1984,Maserati,0.583520233631134
1985,Maserati,0.5834907293319702
1986,Maserati,0.5835139751434326
1987,Maserati,0.5835586190223694
1988,Maserati,0.5836036801338196
1989,Maserati,0.5836379528045654
1990,Maserati,0.5836572051048279
1991,Maserati,0.5836623311042786
1992,Maserati,0.5836560130119324
1993,Maserati,0.5836408138275146
1994,Maserati,0.5836173892021179
1995,Maserati,0.5835835933685303
1996,Maserati,0.5835347771644592
1997,Maserati,0.5834652781486511
1998,Maserati,0.5833711624145508
1999,Maserati,0.5832542181015015
2000,Maserati,0.5831252336502075
2001,Maserati,0.5830070972442627
2002,Maserati,0.5829339623451233
2003,Maserati,0.582944929599762
2004,Maserati,0.5830708146095276
2005,Maserati,0.583311915397644
2006,Maserati,0.583611011505127
2007,Maserati,0.5838256478309631
2008,Maserati,0.5837117433547974
2009,Maserati,0.5829343199729919
2010,Maserati,0.5811232328414917
2011,Maserati,0.5779901742935181
2012,Maserati,0.5735125541687012
2013,Maserati,0.568166196346283
2014,Maserati,0.5631542801856995
2015,Maserati,0.5605380535125732
2016,Maserati,0.5631371736526489
2017,Maserati,0.5740668773651123
2018,Maserati,0.5958161354064941
2019,Maserati,0.6288173794746399
2020,Maserati,0.6694507598876953
2021,Maserati,0.7074928879737854
2022,Maserati,0.7237911820411682
2023,Maserati,0.6909648180007935
2024,Maserati,0.5816854238510132
2025,Maserati,0.3602086901664734
2026,Maserati,0.2623216509819031
2027,Maserati,0.23842091858386993
2028,Maserati,0.23267102241516113
2029,Maserati,0.23129287362098694
2030,Maserati,0.2309628576040268
1958,Matra,0.5000779032707214
1959,Matra,0.615234911441803
1960,Matra,0.6785465478897095
1961,Matra,0.7034088373184204
1962,Matra,0.7053690552711487
1963,Matra,0.6965794563293457
1964,Matra,0.6837624311447144
1965,Matra,0.6677470207214355
1966,Matra,0.6437604427337646
1967,Matra,0.6024436354637146
1968,Matra,0.47698062658309937
1969,Matra,0.5674663782119751
1970,Matra,0.4889107942581177
1971,Matra,0.4865567088127136
1972,Matra,0.4999021887779236
1973,Matra,0.612941563129425
1974,Matra,0.6227794289588928
1975,Matra,0.621936559677124
1976,Matra,0.6196447610855103
1977,Matra,0.6183955073356628
1978,Matra,0.6181132197380066
1979,Matra,0.6180227398872375
1980,Matra,0.6174132823944092
1981,Matra,0.6158786416053772
1982,Matra,0.6133289933204651
1983,Matra,0.6099169254302979
1984,Matra,0.6059401631355286
1985,Matra,0.6017498970031738
1986,Matra,0.5976784229278564
1987,Matra,0.5939909219741821
1988,Matra,0.5908617377281189
1989,Matra,0.5883714556694031
1990,Matra,0.5865187644958496
1991,Matra,0.5852415561676025
1992,Matra,0.5844395160675049
1993,Matra,0.5839959979057312
1994,Matra,0.5837956070899963
1995,Matra,0.583735466003418
1996,Matra,0.5837326645851135
1997,Matra,0.5837270617485046
1998,Matra,0.5836823582649231
1999,Matra,0.5835856199264526
2000,Matra,0.5834457278251648
2001,Matra,0.5832914113998413
2002,Matra,0.5831659436225891
2003,Matra,0.5831185579299927
2004,Matra,0.5831878781318665
2005,Matra,0.5833802819252014
2006,Matra,0.5836415886878967
2007,Matra,0.5838300585746765
2008,Matra,0.5837006568908691
2009,Matra,0.5829164981842041
2010,Matra,0.5811048746109009
2011,Matra,0.5779750943183899
2012,Matra,0.5735026001930237
2013,Matra,0.5681613683700562
2014,Matra,0.5631539821624756
2015,Matra,0.5605409145355225
2016,Matra,0.5631417632102966
2017,Matra,0.5740720629692078
2018,Matra,0.5958209037780762
2019,Matra,0.6288212537765503
2020,Matra,0.6694533824920654
2021,Matra,0.7074944376945496
2022,Matra,0.723791778087616
2023,Matra,0.6909646987915039
2024,Matra,0.5816851258277893
2025,Matra,0.3602086901664734
2026,Matra,0.2623216509819031
2027,Matra,0.23842091858386993
2028,Matra,0.23267102241516113
2029,Matra,0.23129287362098694
2030,Matra,0.2309628576040268
1958,Matra Ford,0.5037468075752258
1959,Matra Ford,0.6141530275344849
1960,Matra Ford,0.669468879699707
1961,Matra Ford,0.6841088533401489
1962,Matra Ford,0.676622748374939
1963,Matra Ford,0.6645562648773193
1964,Matra Ford,0.6621673107147217
1965,Matra Ford,0.6788961291313171
1966,Matra Ford,0.7176604866981506
1967,Matra Ford,0.7725843787193298
1968,Matra Ford,0.824765145778656
1969,Matra Ford,0.8934117555618286
1970,Matra Ford,0.8284643888473511
1971,Matra Ford,0.7201733589172363
1972,Matra Ford,0.6332594156265259
1973,Matra Ford,0.5770053863525391
1974,Matra Ford,0.5486983060836792
1975,Matra Ford,0.5414567589759827
1976,Matra Ford,0.5477339029312134
1977,Matra Ford,0.5608971118927002
1978,Matra Ford,0.5758576989173889
1979,Matra Ford,0.5892019271850586
1980,Matra Ford,0.5990504622459412
1981,Matra Ford,0.6047685146331787
1982,Matra Ford,0.6066147685050964
1983,Matra Ford,0.6053878664970398
1984,Matra Ford,0.6021174192428589
1985,Matra Ford,0.5978254079818726
1986,Matra Ford,0.5933690667152405
1987,Matra Ford,0.5893628001213074
1988,Matra Ford,0.5861636400222778
1989,Matra Ford,0.5839026570320129
1990,Matra Ford,0.5825396776199341
1991,Matra Ford,0.5819260478019714
1992,Matra Ford,0.5818614959716797
1993,Matra Ford,0.5821394324302673
1994,Matra Ford,0.5825772881507874
1995,Matra Ford,0.5830326676368713
1996,Matra Ford,0.5834087133407593
1997,Matra Ford,0.5836519598960876
1998,Matra Ford,0.5837459564208984
1999,Matra Ford,0.5837043523788452
2000,Matra Ford,0.5835636258125305
2001,Matra Ford,0.5833771228790283
2002,Matra Ford,0.5832077264785767
2003,Matra Ford,0.5831178426742554
2004,Matra Ford,0.5831543207168579
2005,Matra Ford,0.5833263993263245
2006,Matra Ford,0.5835796594619751
2007,Matra Ford,0.5837700963020325
2008,Matra Ford,0.5836494565010071
2009,Matra Ford,0.582877516746521
2010,Matra Ford,0.581078827381134
2011,Matra Ford,0.577960729598999
2012,Matra Ford,0.5734974145889282
2013,Matra Ford,0.5681627988815308
2014,Matra Ford,0.563159167766571
2015,Matra Ford,0.5605475902557373
2016,Matra Ford,0.5631482601165771
2017,Matra Ford,0.5740773677825928
2018,Matra Ford,0.5958244800567627
2019,Matra Ford,0.6288231611251831
2020,Matra Ford,0.6694538593292236
2021,Matra Ford,0.7074939012527466
2022,Matra Ford,0.72379070520401
2023,Matra Ford,0.6909635663032532
2024,Matra Ford,0.5816842913627625
2025,Matra Ford,0.3602086901664734
2026,Matra Ford,0.2623216509819031
2027,Matra Ford,0.23842091858386993
2028,Matra Ford,0.23267102241516113
2029,Matra Ford,0.23129287362098694
2030,Matra Ford,0.2309628576040268
1958,McLaren BRM,0.5064600110054016
1959,McLaren BRM,0.6264684200286865
1960,McLaren BRM,0.6947982311248779
1961,McLaren BRM,0.7230274677276611
1962,McLaren BRM,0.7238680720329285
1963,McLaren BRM,0.7059164643287659
1964,McLaren BRM,0.6725168824195862
1965,McLaren BRM,0.6229738593101501
1966,McLaren BRM,0.555087149143219
1967,McLaren BRM,0.40263015031814575
1968,McLaren BRM,0.5352330803871155
1969,McLaren BRM,0.5627927184104919
1970,McLaren BRM,0.5798879861831665
1971,McLaren BRM,0.5921146273612976
1972,McLaren BRM,0.6008270978927612
1973,McLaren BRM,0.6063138246536255
1974,McLaren BRM,0.6088070869445801
1975,McLaren BRM,0.6087452173233032
1976,McLaren BRM,0.6067479848861694
1977,McLaren BRM,0.603507399559021
1978,McLaren BRM,0.5996787548065186
1979,McLaren BRM,0.5958051681518555
1980,McLaren BRM,0.5922784209251404
1981,McLaren BRM,0.5893333554267883
1982,McLaren BRM,0.5870654582977295
1983,McLaren BRM,0.5854623317718506
1984,McLaren BRM,0.5844390988349915
1985,McLaren BRM,0.583873450756073
1986,McLaren BRM,0.583633303642273
1987,McLaren BRM,0.5835970044136047
1988,McLaren BRM,0.5836654901504517
1989,McLaren BRM,0.5837672352790833
1990,McLaren BRM,0.5838571786880493
1991,McLaren BRM,0.5839126110076904
1992,McLaren BRM,0.5839271545410156
1993,McLaren BRM,0.583903968334198
1994,McLaren BRM,0.5838499069213867
1995,McLaren BRM,0.5837718844413757
1996,McLaren BRM,0.5836738348007202
1997,McLaren BRM,0.58355712890625
1998,McLaren BRM,0.5834230184555054
1999,McLaren BRM,0.583275318145752
2000,McLaren BRM,0.5831255912780762
2001,McLaren BRM,0.5829956531524658
2002,McLaren BRM,0.5829178094863892
2003,McLaren BRM,0.5829291343688965
2004,McLaren BRM,0.58305823802948
2005,McLaren BRM,0.5833038091659546
2006,McLaren BRM,0.5836074352264404
2007,McLaren BRM,0.5838257670402527
2008,McLaren BRM,0.5837143659591675
2009,McLaren BRM,0.5829383730888367
2010,McLaren BRM,0.5811277031898499
2011,McLaren BRM,0.5779943466186523
2012,McLaren BRM,0.5735159516334534
2013,McLaren BRM,0.568168580532074
2014,McLaren BRM,0.5631557106971741
2015,McLaren BRM,0.5605387091636658
2016,McLaren BRM,0.5631371736526489
2017,McLaren BRM,0.5740665197372437
2018,McLaren BRM,0.5958155393600464
2019,McLaren BRM,0.6288167238235474
2020,McLaren BRM,0.6694501638412476
2021,McLaren BRM,0.707492470741272
2022,McLaren BRM,0.7237908840179443
2023,McLaren BRM,0.6909646987915039
2024,McLaren BRM,0.581685483455658
2025,McLaren BRM,0.3602086901664734
2026,McLaren BRM,0.2623216509819031
2027,McLaren BRM,0.23842091858386993
2028,McLaren BRM,0.23267102241516113
2029,McLaren BRM,0.23129287362098694
2030,McLaren BRM,0.2309628576040268
1958,McLaren Ford,0.5009821057319641
1959,McLaren Ford,0.614722490310669
1960,McLaren Ford,0.6748131513595581
1961,McLaren Ford,0.6936678886413574
1962,McLaren Ford,0.6860999464988708
1963,McLaren Ford,0.6641568541526794
1964,McLaren Ford,0.6354323625564575
1965,McLaren Ford,0.6026982665061951
1966,McLaren Ford,0.508654773235321
1967,McLaren Ford,0.6707338094711304
1968,McLaren Ford,0.734637439250946
1969,McLaren Ford,0.7419235110282898
1970,McLaren Ford,0.7276124358177185
1971,McLaren Ford,0.7273519039154053
1972,McLaren Ford,0.8214845657348633
1973,McLaren Ford,0.8889318704605103
1974,McLaren Ford,0.9539893269538879
1975,McLaren Ford,0.9254856705665588
1976,McLaren Ford,0.8942315578460693
1977,McLaren Ford,0.7910767197608948
1978,McLaren Ford,0.6239422559738159
1979,McLaren Ford,0.5724727511405945
1980,McLaren Ford,0.556082010269165
1981,McLaren Ford,0.6485342979431152
1982,McLaren Ford,0.7616422176361084
1983,McLaren Ford,0.747780442237854
1984,McLaren Ford,0.7692598104476929
1985,McLaren Ford,0.7153686285018921
1986,McLaren Ford,0.66427081823349
1987,McLaren Ford,0.6288386583328247
1988,McLaren Ford,0.6140719652175903
1989,McLaren Ford,0.6212678551673889
1990,McLaren Ford,0.6491754055023193
1991,McLaren Ford,0.6932950019836426
1992,McLaren Ford,0.7440118193626404
1993,McLaren Ford,0.7978038787841797
1994,McLaren Ford,0.7799882888793945
1995,McLaren Ford,0.7086302042007446
1996,McLaren Ford,0.6449858546257019
1997,McLaren Ford,0.5994481444358826
1998,McLaren Ford,0.572547197341919
1999,McLaren Ford,0.560921311378479
2000,McLaren Ford,0.5600457787513733
2001,McLaren Ford,0.5655555129051208
2002,McLaren Ford,0.5738587975502014
2003,McLaren Ford,0.5823593735694885
2004,McLaren Ford,0.5894457101821899
2005,McLaren Ford,0.5943393707275391
2006,McLaren Ford,0.5968681573867798
2007,McLaren Ford,0.5972172021865845
2008,McLaren Ford,0.5957048535346985
2009,McLaren Ford,0.5926225185394287
2010,McLaren Ford,0.588169276714325
2011,McLaren Ford,0.5824986100196838
2012,McLaren Ford,0.5758759379386902
2013,McLaren Ford,0.5689184665679932
2014,McLaren Ford,0.56285160779953
2015,McLaren Ford,0.559675931930542
2016,McLaren Ford,0.5621036887168884
2017,McLaren Ford,0.5731265544891357
2018,McLaren Ford,0.5951159000396729
2019,McLaren Ford,0.6284068822860718
2020,McLaren Ford,0.669309139251709
2021,McLaren Ford,0.7075560092926025
2022,McLaren Ford,0.7239738702774048
2023,McLaren Ford,0.6911790370941162
2024,McLaren Ford,0.5818570256233215
2025,McLaren Ford,0.3602086901664734
2026,McLaren Ford,0.2623216509819031
2027,McLaren Ford,0.23842091858386993
2028,McLaren Ford,0.23267102241516113
2029,McLaren Ford,0.23129287362098694
2030,McLaren Ford,0.2309628576040268
1958,McLaren Honda,0.5079293251037598
1959,McLaren Honda,0.6242923736572266
1960,McLaren Honda,0.6871095895767212
1961,McLaren Honda,0.7089462280273438
1962,McLaren Honda,0.7048500776290894
1963,McLaren Honda,0.6873743534088135
1964,McLaren Honda,0.6652716398239136
1965,McLaren Honda,0.6438106298446655
1966,McLaren Honda,0.625635027885437
1967,McLaren Honda,0.6116507053375244
1968,McLaren Honda,0.6017558574676514
1969,McLaren Honda,0.5953702926635742
1970,McLaren Honda,0.5917758941650391
1971,McLaren Honda,0.5902981758117676
1972,McLaren Honda,0.5903539657592773
1973,McLaren Honda,0.5913974046707153
1974,McLaren Honda,0.5928015112876892
1975,McLaren Honda,0.5937256813049316
1976,McLaren Honda,0.5930346250534058
1977,McLaren Honda,0.5893524885177612
1978,McLaren Honda,0.5813416838645935
1979,McLaren Honda,0.5682786107063293
1980,McLaren Honda,0.5509333610534668
1981,McLaren Honda,0.5326120257377625
1982,McLaren Honda,0.5199621319770813
1983,McLaren Honda,0.5228487253189087
1984,McLaren Honda,0.5526428818702698
1985,McLaren Honda,0.6191429495811462
1986,McLaren Honda,0.7273985147476196
1987,McLaren Honda,0.8750972747802734
1988,McLaren Honda,1.0999093055725098
1989,McLaren Honda,1.197063684463501
1990,McLaren Honda,1.1845605373382568
1991,McLaren Honda,1.1084829568862915
1992,McLaren Honda,0.9671462774276733
1993,McLaren Honda,0.8313689231872559
1994,McLaren Honda,0.6845923662185669
1995,McLaren Honda,0.5853472352027893
1996,McLaren Honda,0.5326153039932251
1997,McLaren Honda,0.51629638671875
1998,McLaren Honda,0.5240258574485779
1999,McLaren Honda,0.5444390177726746
2000,McLaren Honda,0.5685797929763794
2001,McLaren Honda,0.590281069278717
2002,McLaren Honda,0.6060241460800171
2003,McLaren Honda,0.6145412921905518
2004,McLaren Honda,0.6163114309310913
2005,McLaren Honda,0.6130333542823792
2006,McLaren Honda,0.6071162223815918
2007,McLaren Honda,0.6011897325515747
2008,McLaren Honda,0.5976119637489319
2009,McLaren Honda,0.597938597202301
2010,McLaren Honda,0.6023078560829163
2011,McLaren Honda,0.6087020635604858
2012,McLaren Honda,0.6121208667755127
2013,McLaren Honda,0.6039672493934631
2014,McLaren Honda,0.5723598599433899
2015,McLaren Honda,0.4515029191970825
2016,McLaren Honda,0.5046095848083496
2017,McLaren Honda,0.48727113008499146
2018,McLaren Honda,0.616858720779419
2019,McLaren Honda,0.6499310731887817
2020,McLaren Honda,0.6833723783493042
2021,McLaren Honda,0.7159681916236877
2022,McLaren Honda,0.7303227186203003
2023,McLaren Honda,0.698455810546875
2024,McLaren Honda,0.5918258428573608
2025,McLaren Honda,0.3602086901664734
2026,McLaren Honda,0.2623216509819031
2027,McLaren Honda,0.23842091858386993
2028,McLaren Honda,0.23267102241516113
2029,McLaren Honda,0.23129287362098694
2030,McLaren Honda,0.2309628576040268
1958,McLaren Mercedes,0.5079278349876404
1959,McLaren Mercedes,0.6242662072181702
1960,McLaren Mercedes,0.6870514154434204
1961,McLaren Mercedes,0.7088587284088135
1962,McLaren Mercedes,0.7047547101974487
1963,McLaren Mercedes,0.6873195767402649
1964,McLaren Mercedes,0.6653364896774292
1965,McLaren Mercedes,0.6441003084182739
1966,McLaren Mercedes,0.6262624263763428
1967,McLaren Mercedes,0.6127020120620728
1968,McLaren Mercedes,0.6032407879829407
1969,McLaren Mercedes,0.5971633791923523
1970,McLaren Mercedes,0.5935685038566589
1971,McLaren Mercedes,0.5915842056274414
1972,McLaren Mercedes,0.5904850363731384
1973,McLaren Mercedes,0.5897397994995117
1974,McLaren Mercedes,0.5890147089958191
1975,McLaren Mercedes,0.5881503820419312
1976,McLaren Mercedes,0.5871254205703735
1977,McLaren Mercedes,0.5860137939453125
1978,McLaren Mercedes,0.5849393010139465
1979,McLaren Mercedes,0.5840269923210144
1980,McLaren Mercedes,0.5833497643470764
1981,McLaren Mercedes,0.5828731060028076
1982,McLaren Mercedes,0.5824036598205566
1983,McLaren Mercedes,0.581558108329773
1984,McLaren Mercedes,0.5797774195671082
1985,McLaren Mercedes,0.5764184594154358
1986,McLaren Mercedes,0.5709577202796936
1987,McLaren Mercedes,0.563323974609375
1988,McLaren Mercedes,0.5543405413627625
1989,McLaren Mercedes,0.5461803674697876
1990,McLaren Mercedes,0.5426192879676819
1991,McLaren Mercedes,0.5487393140792847
1992,McLaren Mercedes,0.5696679353713989
1993,McLaren Mercedes,0.6081323623657227
1994,McLaren Mercedes,0.6610772609710693
1995,McLaren Mercedes,0.706153392791748
1996,McLaren Mercedes,0.8022686243057251
1997,McLaren Mercedes,0.890184760093689
1998,McLaren Mercedes,1.0179049968719482
1999,McLaren Mercedes,1.0280686616897583
2000,McLaren Mercedes,1.0155857801437378
2001,McLaren Mercedes,0.9621807336807251
2002,McLaren Mercedes,0.8933699131011963
2003,McLaren Mercedes,0.8727417588233948
2004,McLaren Mercedes,0.8271166086196899
2005,McLaren Mercedes,0.898915708065033
2006,McLaren Mercedes,0.9029784798622131
2007,McLaren Mercedes,0.9396411180496216
2008,McLaren Mercedes,1.0042321681976318
2009,McLaren Mercedes,1.0931345224380493
2010,McLaren Mercedes,1.3077236413955688
2011,McLaren Mercedes,1.3789705038070679
2012,McLaren Mercedes,1.2633177042007446
2013,McLaren Mercedes,1.0178701877593994
2014,McLaren Mercedes,0.8737049102783203
2015,McLaren Mercedes,0.775812566280365
2016,McLaren Mercedes,0.6593172550201416
2017,McLaren Mercedes,0.6080340147018433
2018,McLaren Mercedes,0.6321142911911011
2019,McLaren Mercedes,0.7239862680435181
2020,McLaren Mercedes,0.8606929779052734
2021,McLaren Mercedes,1.0388411283493042
2022,McLaren Mercedes,1.0776604413986206
2023,McLaren Mercedes,1.0523468255996704
2024,McLaren Mercedes,0.8145955801010132
2025,McLaren Mercedes,0.4309873580932617
2026,McLaren Mercedes,0.2799423933029175
2027,McLaren Mercedes,0.24268192052841187
2028,McLaren Mercedes,0.23369358479976654
2029,McLaren Mercedes,0.2315378338098526
2030,McLaren Mercedes,0.23102150857448578
1958,McLaren Peugeot,0.507926344871521
1959,McLaren Peugeot,0.6242655515670776
1960,McLaren Peugeot,0.687052845954895
1961,McLaren Peugeot,0.7088638544082642
1962,McLaren Peugeot,0.7047653198242188
1963,McLaren Peugeot,0.6873367428779602
1964,McLaren Peugeot,0.6653600931167603
1965,McLaren Peugeot,0.6441283226013184
1966,McLaren Peugeot,0.6262901425361633
1967,McLaren Peugeot,0.612722635269165
1968,McLaren Peugeot,0.6032466888427734
1969,McLaren Peugeot,0.5971499681472778
1970,McLaren Peugeot,0.5935388803482056
1971,McLaren Peugeot,0.5915564894676208
1972,McLaren Peugeot,0.5904989838600159
1973,McLaren Peugeot,0.5898619294166565
1974,McLaren Peugeot,0.5893380641937256
1975,McLaren Peugeot,0.5887848138809204
1976,McLaren Peugeot,0.5881757736206055
1977,McLaren Peugeot,0.5875456929206848
1978,McLaren Peugeot,0.5869362950325012
1979,McLaren Peugeot,0.5863503217697144
1980,McLaren Peugeot,0.5857203602790833
1981,McLaren Peugeot,0.5849013328552246
1982,McLaren Peugeot,0.5836960077285767
1983,McLaren Peugeot,0.5819219350814819
1984,McLaren Peugeot,0.5795227885246277
1985,McLaren Peugeot,0.5767157077789307
1986,McLaren Peugeot,0.574142336845398
1987,McLaren Peugeot,0.5729682445526123
1988,McLaren Peugeot,0.5748440027236938
1989,McLaren Peugeot,0.5816253423690796
1990,McLaren Peugeot,0.5947594046592712
1991,McLaren Peugeot,0.6142895817756653
1992,McLaren Peugeot,0.6375251412391663
1993,McLaren Peugeot,0.657520055770874
1994,McLaren Peugeot,0.6502019166946411
1995,McLaren Peugeot,0.6811569929122925
1996,McLaren Peugeot,0.641720175743103
1997,McLaren Peugeot,0.6049971580505371
1998,McLaren Peugeot,0.579828143119812
1999,McLaren Peugeot,0.5667639374732971
2000,McLaren Peugeot,0.5633382797241211
2001,McLaren Peugeot,0.5662926435470581
2002,McLaren Peugeot,0.5725888609886169
2003,McLaren Peugeot,0.5798370242118835
2004,McLaren Peugeot,0.5864124894142151
2005,McLaren Peugeot,0.5913972854614258
2006,McLaren Peugeot,0.5944238305091858
2007,McLaren Peugeot,0.5954775214195251
2008,McLaren Peugeot,0.5947071313858032
2009,McLaren Peugeot,0.5922822952270508
2010,McLaren Peugeot,0.5883318781852722
2011,McLaren Peugeot,0.5829852223396301
2012,McLaren Peugeot,0.5765184760093689
2013,McLaren Peugeot,0.5695809125900269
2014,McLaren Peugeot,0.5634394884109497
2015,McLaren Peugeot,0.5601363182067871
2016,McLaren Peugeot,0.5624191761016846
2017,McLaren Peugeot,0.5733060240745544
2018,McLaren Peugeot,0.5951845049858093
2019,McLaren Peugeot,0.6283971667289734
2020,McLaren Peugeot,0.6692537069320679
2021,McLaren Peugeot,0.707483172416687
2022,McLaren Peugeot,0.7239055037498474
2023,McLaren Peugeot,0.6911296844482422
2024,McLaren Peugeot,0.5818328857421875
2025,McLaren Peugeot,0.3602086901664734
2026,McLaren Peugeot,0.2623216509819031
2027,McLaren Peugeot,0.23842091858386993
2028,McLaren Peugeot,0.23267102241516113
2029,McLaren Peugeot,0.23129287362098694
2030,McLaren Peugeot,0.2309628576040268
1958,McLaren Renault,0.507928729057312
1959,McLaren Renault,0.6242690086364746
1960,McLaren Renault,0.6870571374893188
1961,McLaren Renault,0.7088683247566223
1962,McLaren Renault,0.7047687768936157
1963,McLaren Renault,0.6873380541801453
1964,McLaren Renault,0.6653580069541931
1965,McLaren Renault,0.6441227793693542
1966,McLaren Renault,0.6262834072113037
1967,McLaren Renault,0.6127203702926636
1968,McLaren Renault,0.6032590866088867
1969,McLaren Renault,0.5971918702125549
1970,McLaren Renault,0.5936283469200134
1971,McLaren Renault,0.5917114019393921
1972,McLaren Renault,0.5907313823699951
1973,McLaren Renault,0.5901702642440796
1974,McLaren Renault,0.5896989703178406
1975,McLaren Renault,0.5891480445861816
1976,McLaren Renault,0.588465690612793
1977,McLaren Renault,0.5876752734184265
1978,McLaren Renault,0.5868371725082397
1979,McLaren Renault,0.5860206484794617
1980,McLaren Renault,0.5852846503257751
1981,McLaren Renault,0.5846689939498901
1982,McLaren Renault,0.5841915011405945
1983,McLaren Renault,0.5838508605957031
1984,McLaren Renault,0.5836318731307983
1985,McLaren Renault,0.5835113525390625
1986,McLaren Renault,0.5834633708000183
1987,McLaren Renault,0.583463728427887
1988,McLaren Renault,0.5834919810295105
1989,McLaren Renault,0.5835317373275757
1990,McLaren Renault,0.5835704207420349
1991,McLaren Renault,0.5835967659950256
1992,McLaren Renault,0.5835994482040405
1993,McLaren Renault,0.5835658311843872
1994,McLaren Renault,0.5834818482398987
1995,McLaren Renault,0.583335280418396
1996,McLaren Renault,0.5831201672554016
1997,McLaren Renault,0.5828443169593811
1998,McLaren Renault,0.582535982131958
1999,McLaren Renault,0.5822488069534302
2000,McLaren Renault,0.5820587277412415
2001,McLaren Renault,0.5820498466491699
2002,McLaren Renault,0.5822845101356506
2003,McLaren Renault,0.5827571749687195
2004,McLaren Renault,0.5833377242088318
2005,McLaren Renault,0.5837189555168152
2006,McLaren Renault,0.5833918452262878
2007,McLaren Renault,0.5816842913627625
2008,McLaren Renault,0.5779033303260803
2009,McLaren Renault,0.5716142654418945
2010,McLaren Renault,0.5630639791488647
2011,McLaren Renault,0.5536946058273315
2012,McLaren Renault,0.5465930104255676
2013,McLaren Renault,0.5465875267982483
2014,McLaren Renault,0.5596075057983398
2015,McLaren Renault,0.5909938812255859
2016,McLaren Renault,0.6427955031394958
2017,McLaren Renault,0.710342526435852
2018,McLaren Renault,0.7557082772254944
2019,McLaren Renault,0.9135905504226685
2020,McLaren Renault,0.9985422492027283
2021,McLaren Renault,0.943459153175354
2022,McLaren Renault,0.8287675380706787
2023,McLaren Renault,0.70206618309021
2024,McLaren Renault,0.5493085384368896
2025,McLaren Renault,0.3602086901664734
2026,McLaren Renault,0.2623216509819031
2027,McLaren Renault,0.23842091858386993
2028,McLaren Renault,0.23267102241516113
2029,McLaren Renault,0.23129287362098694
2030,McLaren Renault,0.2309628576040268
1958,McLaren Serenissima,0.5119175314903259
1959,McLaren Serenissima,0.6345529556274414
1960,McLaren Serenissima,0.7042176723480225
1961,McLaren Serenissima,0.7305490970611572
1962,McLaren Serenissima,0.7238231301307678
1963,McLaren Serenissima,0.6903293132781982
1964,McLaren Serenissima,0.6323779225349426
1965,McLaren Serenissima,0.5508577823638916
1966,McLaren Serenissima,0.3758511543273926
1967,McLaren Serenissima,0.5201659798622131
1968,McLaren Serenissima,0.5550159811973572
1969,McLaren Serenissima,0.5780652165412903
1970,McLaren Serenissima,0.594475507736206
1971,McLaren Serenissima,0.6056484580039978
1972,McLaren Serenissima,0.612145721912384
1973,McLaren Serenissima,0.6145683526992798
1974,McLaren Serenissima,0.6137374639511108
1975,McLaren Serenissima,0.6106166839599609
1976,McLaren Serenissima,0.6061711311340332
1977,McLaren Serenissima,0.6012465357780457
1978,McLaren Serenissima,0.5964950919151306
1979,McLaren Serenissima,0.5923492312431335
1980,McLaren Serenissima,0.5890340209007263
1981,McLaren Serenissima,0.5866035223007202
1982,McLaren Serenissima,0.5849891304969788
1983,McLaren Serenissima,0.5840487480163574
1984,McLaren Serenissima,0.5836098790168762
1985,McLaren Serenissima,0.5835023522377014
1986,McLaren Serenissima,0.5835797786712646
1987,McLaren Serenissima,0.5837302207946777
1988,McLaren Serenissima,0.5838790535926819
1989,McLaren Serenissima,0.583984911441803
1990,McLaren Serenissima,0.5840326547622681
1991,McLaren Serenissima,0.5840253233909607
1992,McLaren Serenissima,0.5839753746986389
1993,McLaren Serenissima,0.5838979482650757
1994,McLaren Serenissima,0.5838059782981873
1995,McLaren Serenissima,0.5837070941925049
1996,McLaren Serenissima,0.5836032032966614
1997,McLaren Serenissima,0.5834919214248657
1998,McLaren Serenissima,0.5833698511123657
1999,McLaren Serenissima,0.5832372307777405
2000,McLaren Serenissima,0.5831023454666138
2001,McLaren Serenissima,0.5829851031303406
2002,McLaren Serenissima,0.5829167366027832
2003,McLaren Serenissima,0.5829341411590576
2004,McLaren Serenissima,0.5830662250518799
2005,McLaren Serenissima,0.583312451839447
2006,McLaren Serenissima,0.5836150646209717
2007,McLaren Serenissima,0.5838314890861511
2008,McLaren Serenissima,0.5837180614471436
2009,McLaren Serenissima,0.5829400420188904
2010,McLaren Serenissima,0.5811278223991394
2011,McLaren Serenissima,0.5779933929443359
2012,McLaren Serenissima,0.5735145211219788
2013,McLaren Serenissima,0.568166971206665
2014,McLaren Serenissima,0.5631543397903442
2015,McLaren Serenissima,0.5605375170707703
2016,McLaren Serenissima,0.5631364583969116
2017,McLaren Serenissima,0.574066162109375
2018,McLaren Serenissima,0.5958154797554016
2019,McLaren Serenissima,0.6288169026374817
2020,McLaren Serenissima,0.6694504022598267
2021,McLaren Serenissima,0.7074927091598511
2022,McLaren Serenissima,0.7237911224365234
2023,McLaren Serenissima,0.6909648180007935
2024,McLaren Serenissima,0.5816855430603027
2025,McLaren Serenissima,0.3602086901664734
2026,McLaren Serenissima,0.2623216509819031
2027,McLaren Serenissima,0.23842091858386993
2028,McLaren Serenissima,0.23267102241516113
2029,McLaren Serenissima,0.23129287362098694
2030,McLaren Serenissima,0.2309628576040268
1958,McLaren TAG,0.5079888701438904
1959,McLaren TAG,0.6242886781692505
1960,McLaren TAG,0.6869718432426453
1961,McLaren TAG,0.7085915803909302
1962,McLaren TAG,0.704207181930542
1963,McLaren TAG,0.6864212155342102
1964,McLaren TAG,0.664081335067749
1965,McLaren TAG,0.6425946950912476
1966,McLaren TAG,0.6247615218162537
1967,McLaren TAG,0.6116155385971069
1968,McLaren TAG,0.603078305721283
1969,McLaren TAG,0.5983959436416626
1970,McLaren TAG,0.596392810344696
1971,McLaren TAG,0.5956049561500549
1972,McLaren TAG,0.5943757891654968
1973,McLaren TAG,0.5910038352012634
1974,McLaren TAG,0.5840351581573486
1975,McLaren TAG,0.5727707147598267
1976,McLaren TAG,0.5579938292503357
1977,McLaren TAG,0.5427902936935425
1978,McLaren TAG,0.5331252217292786
1979,McLaren TAG,0.5376221537590027
1980,McLaren TAG,0.5660386085510254
1981,McLaren TAG,0.6265486478805542
1982,McLaren TAG,0.722624659538269
1983,McLaren TAG,0.8498482704162598
1984,McLaren TAG,1.0299546718597412
1985,McLaren TAG,1.0953396558761597
1986,McLaren TAG,1.048513412475586
1987,McLaren TAG,0.9486082792282104
1988,McLaren TAG,0.8291675448417664
1989,McLaren TAG,0.6892685890197754
1990,McLaren TAG,0.5918712019920349
1991,McLaren TAG,0.5381372570991516
1992,McLaren TAG,0.5194317102432251
1993,McLaren TAG,0.5245069265365601
1994,McLaren TAG,0.5427889227867126
1995,McLaren TAG,0.5658013820648193
1996,McLaren TAG,0.587588369846344
1997,McLaren TAG,0.6046097278594971
1998,McLaren TAG,0.6153609752655029
1999,McLaren TAG,0.6198655366897583
2000,McLaren TAG,0.6191436052322388
2001,McLaren TAG,0.6147255301475525
2002,McLaren TAG,0.6082543134689331
2003,McLaren TAG,0.6011982560157776
2004,McLaren TAG,0.5946754217147827
2005,McLaren TAG,0.5893765091896057
2006,McLaren TAG,0.585562527179718
2007,McLaren TAG,0.5831114649772644
2008,McLaren TAG,0.5815975666046143
2009,McLaren TAG,0.5803952217102051
2010,McLaren TAG,0.5788131952285767
2011,McLaren TAG,0.5762673020362854
2012,McLaren TAG,0.5724972486495972
2013,McLaren TAG,0.567812442779541
2014,McLaren TAG,0.5633194446563721
2015,McLaren TAG,0.5610411763191223
2016,McLaren TAG,0.5638017654418945
2017,McLaren TAG,0.574747622013092
2018,McLaren TAG,0.5964113473892212
2019,McLaren TAG,0.6292712092399597
2020,McLaren TAG,0.6697466969490051
2021,McLaren TAG,0.7076443433761597
2022,McLaren TAG,0.7238308191299438
2023,McLaren TAG,0.6909352540969849
2024,McLaren TAG,0.5816309452056885
2025,McLaren TAG,0.3602086901664734
2026,McLaren TAG,0.2623216509819031
2027,McLaren TAG,0.23842091858386993
2028,McLaren TAG,0.23267102241516113
2029,McLaren TAG,0.23129287362098694
2030,McLaren TAG,0.2309628576040268
1958,Mclaren BRM,0.5042774081230164
1959,Mclaren BRM,0.622458279132843
1960,Mclaren BRM,0.6890689730644226
1961,Mclaren BRM,0.7165945768356323
1962,Mclaren BRM,0.7190848588943481
1963,Mclaren BRM,0.7067458629608154
1964,Mclaren BRM,0.6843847036361694
1965,Mclaren BRM,0.6518875360488892
1966,Mclaren BRM,0.6059273481369019
1967,Mclaren BRM,0.5424857139587402
1968,Mclaren BRM,0.3939984440803528
1969,Mclaren BRM,0.5294543504714966
1970,Mclaren BRM,0.5590602159500122
1971,Mclaren BRM,0.5775483846664429
1972,Mclaren BRM,0.590653121471405
1973,Mclaren BRM,0.5998562574386597
1974,Mclaren BRM,0.6055697202682495
1975,Mclaren BRM,0.6081334352493286
1976,Mclaren BRM,0.608069896697998
1977,Mclaren BRM,0.6060569286346436
1978,Mclaren BRM,0.6028196811676025
1979,Mclaren BRM,0.5990273356437683
1980,Mclaren BRM,0.5952222347259521
1981,Mclaren BRM,0.5917872786521912
1982,Mclaren BRM,0.5889450907707214
1983,Mclaren BRM,0.5867792963981628
1984,Mclaren BRM,0.5852679014205933
1985,Mclaren BRM,0.5843204259872437
1986,Mclaren BRM,0.5838119387626648
1987,Mclaren BRM,0.583611011505127
1988,Mclaren BRM,0.5835986137390137
1989,Mclaren BRM,0.5836792588233948
1990,Mclaren BRM,0.5837849974632263
1991,Mclaren BRM,0.5838739275932312
1992,Mclaren BRM,0.5839252471923828
1993,Mclaren BRM,0.5839331746101379
1994,Mclaren BRM,0.5839002132415771
1995,Mclaren BRM,0.5838322043418884
1996,Mclaren BRM,0.5837344527244568
1997,Mclaren BRM,0.583611011505127
1998,Mclaren BRM,0.5834659337997437
1999,Mclaren BRM,0.5833058953285217
2000,Mclaren BRM,0.5831444263458252
2001,Mclaren BRM,0.5830047130584717
2002,Mclaren BRM,0.5829195976257324
2003,Mclaren BRM,0.5829263925552368
2004,Mclaren BRM,0.5830531120300293
2005,Mclaren BRM,0.5832981467247009
2006,Mclaren BRM,0.5836024284362793
2007,Mclaren BRM,0.5838220119476318
2008,Mclaren BRM,0.583712100982666
2009,Mclaren BRM,0.582937479019165
2010,Mclaren BRM,0.5811278223991394
2011,Mclaren BRM,0.5779951214790344
2012,Mclaren BRM,0.5735171437263489
2013,Mclaren BRM,0.568169891834259
2014,Mclaren BRM,0.5631569027900696
2015,Mclaren BRM,0.5605396032333374
2016,Mclaren BRM,0.5631378293037415
2017,Mclaren BRM,0.5740668773651123
2018,Mclaren BRM,0.5958156585693359
2019,Mclaren BRM,0.6288167238235474
2020,Mclaren BRM,0.6694499850273132
2021,Mclaren BRM,0.7074923515319824
2022,Mclaren BRM,0.7237907648086548
2023,Mclaren BRM,0.6909645199775696
2024,Mclaren BRM,0.5816854238510132
2025,Mclaren BRM,0.3602086901664734
2026,Mclaren BRM,0.2623216509819031
2027,Mclaren BRM,0.23842091858386993
2028,Mclaren BRM,0.23267102241516113
2029,Mclaren BRM,0.23129287362098694
2030,Mclaren BRM,0.2309628576040268
1958,Mercedes,0.5079287886619568
1959,Mercedes,0.6242690086364746
1960,Mercedes,0.6870571374893188
1961,Mercedes,0.7088682651519775
1962,Mercedes,0.7047686576843262
1963,Mercedes,0.6873377561569214
1964,Mercedes,0.6653576493263245
1965,Mercedes,0.6441224813461304
1966,Mercedes,0.6262831687927246
1967,Mercedes,0.6127204298973083
1968,Mercedes,0.6032595634460449
1969,Mercedes,0.5971928834915161
1970,Mercedes,0.5936299562454224
1971,Mercedes,0.5917133092880249
1972,Mercedes,0.5907329320907593
1973,Mercedes,0.5901702046394348
1974,Mercedes,0.5896956920623779
1975,Mercedes,0.5891395807266235
1976,Mercedes,0.5884503722190857
1977,Mercedes,0.5876522064208984
1978,Mercedes,0.5868072509765625
1979,Mercedes,0.5859870910644531
1980,Mercedes,0.5852535367012024
1981,Mercedes,0.5846484303474426
1982,Mercedes,0.5841895341873169
1983,Mercedes,0.5838708281517029
1984,Mercedes,0.5836662650108337
1985,Mercedes,0.583533763885498
1986,Mercedes,0.5834214687347412
1987,Mercedes,0.5832748413085938
1988,Mercedes,0.5830463171005249
1989,Mercedes,0.5827074646949768
1990,Mercedes,0.5822621583938599
1991,Mercedes,0.5817586779594421
1992,Mercedes,0.5812947750091553
1993,Mercedes,0.5810083746910095
1994,Mercedes,0.5810458064079285
1995,Mercedes,0.5815019011497498
1996,Mercedes,0.5823324918746948
1997,Mercedes,0.5832499265670776
1998,Mercedes,0.5836308598518372
1999,Mercedes,0.5824814438819885
2000,Mercedes,0.5785259008407593
2001,Mercedes,0.5704936385154724
2002,Mercedes,0.5576707124710083
2003,Mercedes,0.5407238006591797
2004,Mercedes,0.5226767063140869
2005,Mercedes,0.5096766352653503
2006,Mercedes,0.5108750462532043
2007,Mercedes,0.5366433262825012
2008,Mercedes,0.5949758291244507
2009,Mercedes,0.6871588826179504
2010,Mercedes,0.8265249729156494
2011,Mercedes,0.939324140548706
2012,Mercedes,1.035717487335205
2013,Mercedes,1.283030390739441
2014,Mercedes,1.5513166189193726
2015,Mercedes,1.677986979484558
2016,Mercedes,1.7389416694641113
2017,Mercedes,1.7213536500930786
2018,Mercedes,1.7043696641921997
2019,Mercedes,1.7100275754928589
2020,Mercedes,1.6496559381484985
2021,Mercedes,1.5887593030929565
2022,Mercedes,1.4128926992416382
2023,Mercedes,1.1663975715637207
2024,Mercedes,0.7549306750297546
2025,Mercedes,0.3868327736854553
2026,Mercedes,0.2689173221588135
2027,Mercedes,0.2400137037038803
2028,Mercedes,0.23305313289165497
2029,Mercedes,0.23138439655303955
2030,Mercedes,0.23098479211330414
1958,Minardi Asiatech,0.5079287886619568
1959,Minardi Asiatech,0.6242689490318298
1960,Minardi Asiatech,0.687056839466095
1961,Minardi Asiatech,0.7088678479194641
1962,Minardi Asiatech,0.7047679424285889
1963,Minardi Asiatech,0.6873369216918945
1964,Minardi Asiatech,0.6653566360473633
1965,Minardi Asiatech,0.6441215872764587
1966,Minardi Asiatech,0.6262826323509216
1967,Minardi Asiatech,0.6127204298973083
1968,Minardi Asiatech,0.6032601594924927
1969,Minardi Asiatech,0.5971935987472534
1970,Minardi Asiatech,0.5936298370361328
1971,Minardi Asiatech,0.5917104482650757
1972,Minardi Asiatech,0.590724527835846
1973,Minardi Asiatech,0.5901528000831604
1974,Minardi Asiatech,0.589665412902832
1975,Minardi Asiatech,0.5890935063362122
1976,Minardi Asiatech,0.5883877277374268
1977,Minardi Asiatech,0.5875756740570068
1978,Minardi Asiatech,0.5867239832878113
1979,Minardi Asiatech,0.5859087705612183
1980,Minardi Asiatech,0.585193932056427
1981,Minardi Asiatech,0.5846176743507385
1982,Minardi Asiatech,0.5841853618621826
1983,Minardi Asiatech,0.5838669538497925
1984,Minardi Asiatech,0.5835998058319092
1985,Minardi Asiatech,0.5832971334457397
1986,Minardi Asiatech,0.5828644633293152
1987,Minardi Asiatech,0.5822253227233887
1988,Minardi Asiatech,0.5813565850257874
1989,Minardi Asiatech,0.5803292989730835
1990,Minardi Asiatech,0.5793468356132507
1991,Minardi Asiatech,0.5787625908851624
1992,Minardi Asiatech,0.5790573358535767
1993,Minardi Asiatech,0.5807508230209351
1994,Minardi Asiatech,0.5842298865318298
1995,Minardi Asiatech,0.5894863605499268
1996,Minardi Asiatech,0.5957822799682617
1997,Minardi Asiatech,0.6012921929359436
1998,Minardi Asiatech,0.6028201580047607
1999,Minardi Asiatech,0.5957669615745544
2000,Minardi Asiatech,0.5746135711669922
2001,Minardi Asiatech,0.5340813994407654
2002,Minardi Asiatech,0.41186249256134033
2003,Minardi Asiatech,0.5379465222358704
2004,Minardi Asiatech,0.5607603788375854
2005,Minardi Asiatech,0.5733551979064941
2006,Minardi Asiatech,0.5824152231216431
2007,Minardi Asiatech,0.5894748568534851
2008,Minardi Asiatech,0.5944855213165283
2009,Minardi Asiatech,0.5970335602760315
2010,Minardi Asiatech,0.5967864394187927
2011,Minardi Asiatech,0.5936762690544128
2012,Minardi Asiatech,0.5880325436592102
2013,Minardi Asiatech,0.580737829208374
2014,Minardi Asiatech,0.573388397693634
2015,Minardi Asiatech,0.5683771967887878
2016,Minardi Asiatech,0.5687697529792786
2017,Minardi Asiatech,0.5778349041938782
2018,Minardi Asiatech,0.5981311798095703
2019,Minardi Asiatech,0.6300925016403198
2020,Minardi Asiatech,0.6700525283813477
2021,Minardi Asiatech,0.707714855670929
2022,Minardi Asiatech,0.7238464951515198
2023,Minardi Asiatech,0.6909909248352051
2024,Minardi Asiatech,0.581752598285675
2025,Minardi Asiatech,0.3602086901664734
2026,Minardi Asiatech,0.2623216509819031
2027,Minardi Asiatech,0.23842091858386993
2028,Minardi Asiatech,0.23267102241516113
2029,Minardi Asiatech,0.23129287362098694
2030,Minardi Asiatech,0.2309628576040268
1958,Minardi Cosworth,0.5079289078712463
1959,Minardi Cosworth,0.6242691278457642
1960,Minardi Cosworth,0.6870570182800293
1961,Minardi Cosworth,0.7088679075241089
1962,Minardi Cosworth,0.7047678232192993
1963,Minardi Cosworth,0.687336266040802
1964,Minardi Cosworth,0.6653555035591125
1965,Minardi Cosworth,0.6441197395324707
1966,Minardi Cosworth,0.6262803077697754
1967,Minardi Cosworth,0.612717866897583
1968,Minardi Cosworth,0.6032580733299255
1969,Minardi Cosworth,0.5971927642822266
1970,Minardi Cosworth,0.5936310291290283
1971,Minardi Cosworth,0.5917142033576965
1972,Minardi Cosworth,0.5907302498817444
1973,Minardi Cosworth,0.5901582837104797
1974,Minardi Cosworth,0.5896662473678589
1975,Minardi Cosworth,0.5890822410583496
1976,Minardi Cosworth,0.588354766368866
1977,Minardi Cosworth,0.587510347366333
1978,Minardi Cosworth,0.5866174101829529
1979,Minardi Cosworth,0.5857576727867126
1980,Minardi Cosworth,0.5850051641464233
1981,Minardi Cosworth,0.5844122767448425
1982,Minardi Cosworth,0.5839991569519043
1983,Minardi Cosworth,0.5837453007698059
1984,Minardi Cosworth,0.5835834741592407
1985,Minardi Cosworth,0.583397388458252
1986,Minardi Cosworth,0.5830276012420654
1987,Minardi Cosworth,0.582292914390564
1988,Minardi Cosworth,0.5810325145721436
1989,Minardi Cosworth,0.5791720747947693
1990,Minardi Cosworth,0.5768109560012817
1991,Minardi Cosworth,0.5743134617805481
1992,Minardi Cosworth,0.5723733901977539
1993,Minardi Cosworth,0.5720065236091614
1994,Minardi Cosworth,0.5744174718856812
1995,Minardi Cosworth,0.5806911587715149
1996,Minardi Cosworth,0.5912794470787048
1997,Minardi Cosworth,0.6052834987640381
1998,Minardi Cosworth,0.6195714473724365
1999,Minardi Cosworth,0.6278730630874634
2000,Minardi Cosworth,0.6202241778373718
2001,Minardi Cosworth,0.5835570096969604
2002,Minardi Cosworth,0.504473090171814
2003,Minardi Cosworth,0.3116837739944458
2004,Minardi Cosworth,0.28349682688713074
2005,Minardi Cosworth,0.3292175531387329
2006,Minardi Cosworth,0.5043715834617615
2007,Minardi Cosworth,0.5613177418708801
2008,Minardi Cosworth,0.5957936644554138
2009,Minardi Cosworth,0.616348385810852
2010,Minardi Cosworth,0.6266083717346191
2011,Minardi Cosworth,0.6285325884819031
2012,Minardi Cosworth,0.6238211393356323
2013,Minardi Cosworth,0.6145212650299072
2014,Minardi Cosworth,0.6032792329788208
2015,Minardi Cosworth,0.593397855758667
2016,Minardi Cosworth,0.5886722803115845
2017,Minardi Cosworth,0.592902421951294
2018,Minardi Cosworth,0.6089832186698914
2019,Minardi Cosworth,0.6375129222869873
2020,Minardi Cosworth,0.6748518943786621
2021,Minardi Cosworth,0.7106353640556335
2022,Minardi Cosworth,0.7255125045776367
2023,Minardi Cosworth,0.6918975710868835
2024,Minardi Cosworth,0.5822684168815613
2025,Minardi Cosworth,0.3602086901664734
2026,Minardi Cosworth,0.2623216509819031
2027,Minardi Cosworth,0.23842091858386993
2028,Minardi Cosworth,0.23267102241516113
2029,Minardi Cosworth,0.23129287362098694
2030,Minardi Cosworth,0.2309628576040268
1958,Minardi Ferrari,0.5079288482666016
1959,Minardi Ferrari,0.6242693662643433
1960,Minardi Ferrari,0.6870568990707397
1961,Minardi Ferrari,0.7088658213615417
1962,Minardi Ferrari,0.7047610282897949
1963,Minardi Ferrari,0.6873207092285156
1964,Minardi Ferrari,0.6653259992599487
1965,Minardi Ferrari,0.6440706849098206
1966,Minardi Ferrari,0.626207172870636
1967,Minardi Ferrari,0.6126188635826111
1968,Minardi Ferrari,0.6031355857849121
1969,Minardi Ferrari,0.5970548391342163
1970,Minardi Ferrari,0.5934900641441345
1971,Minardi Ferrari,0.5915834903717041
1972,Minardi Ferrari,0.5906161069869995
1973,Minardi Ferrari,0.59004807472229
1974,Minardi Ferrari,0.5895133018493652
1975,Minardi Ferrari,0.5887914896011353
1976,Minardi Ferrari,0.5877744555473328
1977,Minardi Ferrari,0.5864399075508118
1978,Minardi Ferrari,0.5848409533500671
1979,Minardi Ferrari,0.5831114053726196
1980,Minardi Ferrari,0.5814827084541321
1981,Minardi Ferrari,0.5802971720695496
1982,Minardi Ferrari,0.5799968838691711
1983,Minardi Ferrari,0.5810644030570984
1984,Minardi Ferrari,0.5838897228240967
1985,Minardi Ferrari,0.5885471105575562
1986,Minardi Ferrari,0.5944793820381165
1987,Minardi Ferrari,0.6001143455505371
1988,Minardi Ferrari,0.6024864315986633
1989,Minardi Ferrari,0.5970343947410583
1990,Minardi Ferrari,0.5777580142021179
1991,Minardi Ferrari,0.4953368306159973
1992,Minardi Ferrari,0.588293731212616
1993,Minardi Ferrari,0.5895164608955383
1994,Minardi Ferrari,0.584847092628479
1995,Minardi Ferrari,0.5817487239837646
1996,Minardi Ferrari,0.5815474987030029
1997,Minardi Ferrari,0.5835532546043396
1998,Minardi Ferrari,0.5866014361381531
1999,Minardi Ferrari,0.589661717414856
2000,Minardi Ferrari,0.5920422077178955
2001,Minardi Ferrari,0.5934121012687683
2002,Minardi Ferrari,0.5937424302101135
2003,Minardi Ferrari,0.5932129621505737
2004,Minardi Ferrari,0.5921091437339783
2005,Minardi Ferrari,0.5907232165336609
2006,Minardi Ferrari,0.5892695784568787
2007,Minardi Ferrari,0.5878216028213501
2008,Minardi Ferrari,0.5862799286842346
2009,Minardi Ferrari,0.5843833088874817
2010,Minardi Ferrari,0.5817757844924927
2011,Minardi Ferrari,0.5781400203704834
2012,Minardi Ferrari,0.5733985900878906
2013,Minardi Ferrari,0.5679622888565063
2014,Minardi Ferrari,0.5629710555076599
2015,Minardi Ferrari,0.5604321360588074
2016,Minardi Ferrari,0.5631246566772461
2017,Minardi Ferrari,0.5741369724273682
2018,Minardi Ferrari,0.5959437489509583
2019,Minardi Ferrari,0.6289729475975037
2020,Minardi Ferrari,0.6696072220802307
2021,Minardi Ferrari,0.7076295614242554
2022,Minardi Ferrari,0.7238945960998535
2023,Minardi Ferrari,0.69102942943573
2024,Minardi Ferrari,0.5817133784294128
2025,Minardi Ferrari,0.3602086901664734
2026,Minardi Ferrari,0.2623216509819031
2027,Minardi Ferrari,0.23842091858386993
2028,Minardi Ferrari,0.23267102241516113
2029,Minardi Ferrari,0.23129287362098694
2030,Minardi Ferrari,0.2309628576040268
1958,Minardi Ford,0.5079192519187927
1959,Minardi Ford,0.6242439150810242
1960,Minardi Ford,0.687006950378418
1961,Minardi Ford,0.708782970905304
1962,Minardi Ford,0.7046401500701904
1963,Minardi Ford,0.687163770198822
1964,Minardi Ford,0.6651450395584106
1965,Minardi Ford,0.6438890695571899
1966,Minardi Ford,0.6260546445846558
1967,Minardi Ford,0.6125212907791138
1968,Minardi Ford,0.603095293045044
1969,Minardi Ford,0.5970231890678406
1970,Minardi Ford,0.5933368802070618
1971,Minardi Ford,0.5910708904266357
1972,Minardi Ford,0.5893918871879578
1973,Minardi Ford,0.5876747965812683
1974,Minardi Ford,0.5855526924133301
1975,Minardi Ford,0.5829541683197021
1976,Minardi Ford,0.5801305174827576
1977,Minardi Ford,0.5776574015617371
1978,Minardi Ford,0.576382040977478
1979,Minardi Ford,0.5772783160209656
1980,Minardi Ford,0.5811732411384583
1981,Minardi Ford,0.5883238911628723
1982,Minardi Ford,0.5978484153747559
1983,Minardi Ford,0.6070550680160522
1984,Minardi Ford,0.6107913255691528
1985,Minardi Ford,0.6011036038398743
1986,Minardi Ford,0.5677916407585144
1987,Minardi Ford,0.5005782842636108
1988,Minardi Ford,0.329285204410553
1989,Minardi Ford,0.336107075214386
1990,Minardi Ford,0.516551673412323
1991,Minardi Ford,0.5553880929946899
1992,Minardi Ford,0.538149356842041
1993,Minardi Ford,0.4160485863685608
1994,Minardi Ford,0.3720538020133972
1995,Minardi Ford,0.40311992168426514
1996,Minardi Ford,0.5586620569229126
1997,Minardi Ford,0.5839110016822815
1998,Minardi Ford,0.5693542957305908
1999,Minardi Ford,0.46818166971206665
2000,Minardi Ford,0.5929298400878906
2001,Minardi Ford,0.6165707111358643
2002,Minardi Ford,0.626305341720581
2003,Minardi Ford,0.629490852355957
2004,Minardi Ford,0.629119873046875
2005,Minardi Ford,0.6265677809715271
2006,Minardi Ford,0.6225940585136414
2007,Minardi Ford,0.6176785230636597
2008,Minardi Ford,0.6120990514755249
2009,Minardi Ford,0.6059470176696777
2010,Minardi Ford,0.5991718769073486
2011,Minardi Ford,0.5916938185691833
2012,Minardi Ford,0.5835949778556824
2013,Minardi Ford,0.5753686428070068
2014,Minardi Ford,0.5681706666946411
2015,Minardi Ford,0.5639718770980835
2016,Minardi Ford,0.5654802918434143
2017,Minardi Ford,0.5756946802139282
2018,Minardi Ford,0.5969957113265991
2019,Minardi Ford,0.6297232508659363
2020,Minardi Ford,0.6701841354370117
2021,Minardi Ford,0.7081015110015869
2022,Minardi Ford,0.7242869138717651
2023,Minardi Ford,0.6913408041000366
2024,Minardi Ford,0.581932783126831
2025,Minardi Ford,0.3602086901664734
2026,Minardi Ford,0.2623216509819031
2027,Minardi Ford,0.23842091858386993
2028,Minardi Ford,0.23267102241516113
2029,Minardi Ford,0.23129287362098694
2030,Minardi Ford,0.2309628576040268
1958,Minardi Lamborghini,0.5079325437545776
1959,Minardi Lamborghini,0.624273955821991
1960,Minardi Lamborghini,0.6870611906051636
1961,Minardi Lamborghini,0.708868145942688
1962,Minardi Lamborghini,0.7047587633132935
1963,Minardi Lamborghini,0.6873112916946411
1964,Minardi Lamborghini,0.6653075814247131
1965,Minardi Lamborghini,0.6440442800521851
1966,Minardi Lamborghini,0.6261776089668274
1967,Minardi Lamborghini,0.6125969290733337
1968,Minardi Lamborghini,0.6031380891799927
1969,Minardi Lamborghini,0.5971028804779053
1970,Minardi Lamborghini,0.5936046838760376
1971,Minardi Lamborghini,0.5917768478393555
1972,Minardi Lamborghini,0.5908801555633545
1973,Minardi Lamborghini,0.5903410911560059
1974,Minardi Lamborghini,0.5897493958473206
1975,Minardi Lamborghini,0.588838517665863
1976,Minardi Lamborghini,0.5874676704406738
1977,Minardi Lamborghini,0.585619330406189
1978,Minardi Lamborghini,0.5834148526191711
1979,Minardi Lamborghini,0.5811432600021362
1980,Minardi Lamborghini,0.5792824625968933
1981,Minardi Lamborghini,0.5784853100776672
1982,Minardi Lamborghini,0.5794920921325684
1983,Minardi Lamborghini,0.5829396843910217
1984,Minardi Lamborghini,0.5890485048294067
1985,Minardi Lamborghini,0.5972025394439697
1986,Minardi Lamborghini,0.605475127696991
1987,Minardi Lamborghini,0.6102200150489807
1988,Minardi Lamborghini,0.6059409379959106
1989,Minardi Lamborghini,0.5857714414596558
1990,Minardi Lamborghini,0.5429506897926331
1991,Minardi Lamborghini,0.4733601212501526
1992,Minardi Lamborghini,0.2972942590713501
1993,Minardi Lamborghini,0.4678744673728943
1994,Minardi Lamborghini,0.5205154418945312
1995,Minardi Lamborghini,0.5569297075271606
1996,Minardi Lamborghini,0.5826331377029419
1997,Minardi Lamborghini,0.5996342897415161
1998,Minardi Lamborghini,0.6092676520347595
1999,Minardi Lamborghini,0.6129347681999207
2000,Minardi Lamborghini,0.6121874451637268
2001,Minardi Lamborghini,0.6085912585258484
2002,Minardi Lamborghini,0.6035603284835815
2003,Minardi Lamborghini,0.5982353687286377
2004,Minardi Lamborghini,0.5934208035469055
2005,Minardi Lamborghini,0.5895720720291138
2006,Minardi Lamborghini,0.5868167877197266
2007,Minardi Lamborghini,0.5849959850311279
2008,Minardi Lamborghini,0.5837211012840271
2009,Minardi Lamborghini,0.5824491381645203
2010,Minardi Lamborghini,0.5805903077125549
2011,Minardi Lamborghini,0.5776594281196594
2012,Minardi Lamborghini,0.573479175567627
2013,Minardi Lamborghini,0.5684187412261963
2014,Minardi Lamborghini,0.5636206865310669
2015,Minardi Lamborghini,0.5611221790313721
2016,Minardi Lamborghini,0.5637457370758057
2017,Minardi Lamborghini,0.5746254920959473
2018,Minardi Lamborghini,0.5962762236595154
2019,Minardi Lamborghini,0.6291570067405701
2020,Minardi Lamborghini,0.6696701645851135
2021,Minardi Lamborghini,0.7076083421707153
2022,Minardi Lamborghini,0.7238286137580872
2023,Minardi Lamborghini,0.6909545660018921
2024,Minardi Lamborghini,0.5816572308540344
2025,Minardi Lamborghini,0.3602086901664734
2026,Minardi Lamborghini,0.2623216509819031
2027,Minardi Lamborghini,0.23842091858386993
2028,Minardi Lamborghini,0.23267102241516113
2029,Minardi Lamborghini,0.23129287362098694
2030,Minardi Lamborghini,0.2309628576040268
1958,Onyx Ford,0.5079286098480225
1959,Onyx Ford,0.6242627501487732
1960,Onyx Ford,0.6870395541191101
1961,Onyx Ford,0.7088336944580078
1962,Onyx Ford,0.7047120332717896
1963,Onyx Ford,0.6872569918632507
1964,Onyx Ford,0.6652563214302063
1965,Onyx Ford,0.6440117359161377
1966,Onyx Ford,0.6261818408966064
1967,Onyx Ford,0.6126519441604614
1968,Onyx Ford,0.6032434701919556
1969,Onyx Ford,0.5972310900688171
1970,Onyx Ford,0.5936878323554993
1971,Onyx Ford,0.5916987657546997
1972,Onyx Ford,0.5904808044433594
1973,Onyx Ford,0.5894410014152527
1974,Onyx Ford,0.5882015228271484
1975,Onyx Ford,0.586609423160553
1976,Onyx Ford,0.5847398042678833
1977,Onyx Ford,0.5828923583030701
1978,Onyx Ford,0.5815655589103699
1979,Onyx Ford,0.5813881158828735
1980,Onyx Ford,0.582980751991272
1981,Onyx Ford,0.5867305994033813
1982,Onyx Ford,0.5924758911132812
1983,Onyx Ford,0.599128007888794
1984,Onyx Ford,0.6042995452880859
1985,Onyx Ford,0.6040679216384888
1986,Onyx Ford,0.5930941700935364
1987,Onyx Ford,0.5654072165489197
1988,Onyx Ford,0.5159913897514343
1989,Onyx Ford,0.3768726587295532
1990,Onyx Ford,0.5172877907752991
1991,Onyx Ford,0.549129068851471
1992,Onyx Ford,0.5687564015388489
1993,Onyx Ford,0.5826057195663452
1994,Onyx Ford,0.5924839377403259
1995,Onyx Ford,0.5989413261413574
1996,Onyx Ford,0.6023437976837158
1997,Onyx Ford,0.6031756401062012
1998,Onyx Ford,0.6020494699478149
1999,Onyx Ford,0.5996264815330505
2000,Onyx Ford,0.5965322852134705
2001,Onyx Ford,0.5932969450950623
2002,Onyx Ford,0.5903233289718628
2003,Onyx Ford,0.587877631187439
2004,Onyx Ford,0.5860916972160339
2005,Onyx Ford,0.5849697589874268
2006,Onyx Ford,0.5843920707702637
2007,Onyx Ford,0.5841178297996521
2008,Onyx Ford,0.5837936997413635
2009,Onyx Ford,0.5829820036888123
2010,Onyx Ford,0.5812280774116516
2011,Onyx Ford,0.5781815052032471
2012,Onyx Ford,0.5737800598144531
2013,Onyx Ford,0.5684792995452881
2014,Onyx Ford,0.5634769201278687
2015,Onyx Ford,0.5608382225036621
2016,Onyx Ford,0.5633921027183533
2017,Onyx Ford,0.5742644667625427
2018,Onyx Ford,0.595954179763794
2019,Onyx Ford,0.628901481628418
2020,Onyx Ford,0.6694912910461426
2021,Onyx Ford,0.7075026035308838
2022,Onyx Ford,0.7237826585769653
2023,Onyx Ford,0.6909496784210205
2024,Onyx Ford,0.5816727876663208
2025,Onyx Ford,0.3602086901664734
2026,Onyx Ford,0.2623216509819031
2027,Onyx Ford,0.23842091858386993
2028,Onyx Ford,0.23267102241516113
2029,Onyx Ford,0.23129287362098694
2030,Onyx Ford,0.2309628576040268
1958,Osella Alfa Romeo,0.5078409910202026
1959,Osella Alfa Romeo,0.6241648197174072
1960,Osella Alfa Romeo,0.6869540214538574
1961,Osella Alfa Romeo,0.7087937593460083
1962,Osella Alfa Romeo,0.7047547101974487
1963,Osella Alfa Romeo,0.6874085664749146
1964,Osella Alfa Romeo,0.6655088663101196
1965,Osella Alfa Romeo,0.6442950367927551
1966,Osella Alfa Romeo,0.6263368129730225
1967,Osella Alfa Romeo,0.6124173402786255
1968,Osella Alfa Romeo,0.6022723913192749
1969,Osella Alfa Romeo,0.5951523780822754
1970,Osella Alfa Romeo,0.5902272462844849
1971,Osella Alfa Romeo,0.5868581533432007
1972,Osella Alfa Romeo,0.5847524404525757
1973,Osella Alfa Romeo,0.5840026140213013
1974,Osella Alfa Romeo,0.5850002765655518
1975,Osella Alfa Romeo,0.5882135033607483
1976,Osella Alfa Romeo,0.5938288569450378
1977,Osella Alfa Romeo,0.6012835502624512
1978,Osella Alfa Romeo,0.6087484359741211
1979,Osella Alfa Romeo,0.6126856803894043
1980,Osella Alfa Romeo,0.6076947450637817
1981,Osella Alfa Romeo,0.5869784951210022
1982,Osella Alfa Romeo,0.5438097715377808
1983,Osella Alfa Romeo,0.4740614891052246
1984,Osella Alfa Romeo,0.29810529947280884
1985,Osella Alfa Romeo,0.46837490797042847
1986,Osella Alfa Romeo,0.5207626819610596
1987,Osella Alfa Romeo,0.5570075511932373
1988,Osella Alfa Romeo,0.582631528377533
1989,Osella Alfa Romeo,0.5996373891830444
1990,Osella Alfa Romeo,0.6093474626541138
1991,Osella Alfa Romeo,0.6131454110145569
1992,Osella Alfa Romeo,0.6125571727752686
1993,Osella Alfa Romeo,0.6091127395629883
1994,Osella Alfa Romeo,0.6041809320449829
1995,Osella Alfa Romeo,0.5988532900810242
1996,Osella Alfa Romeo,0.5938951373100281
1997,Osella Alfa Romeo,0.5897548198699951
1998,Osella Alfa Romeo,0.5866144895553589
1999,Osella Alfa Romeo,0.5844619274139404
2000,Osella Alfa Romeo,0.583166241645813
2001,Osella Alfa Romeo,0.5825451016426086
2002,Osella Alfa Romeo,0.5824152827262878
2003,Osella Alfa Romeo,0.5826204419136047
2004,Osella Alfa Romeo,0.5830373764038086
2005,Osella Alfa Romeo,0.5835602283477783
2006,Osella Alfa Romeo,0.5840710401535034
2007,Osella Alfa Romeo,0.5844034552574158
2008,Osella Alfa Romeo,0.5843161940574646
2009,Osella Alfa Romeo,0.5834928154945374
2010,Osella Alfa Romeo,0.5815885066986084
2011,Osella Alfa Romeo,0.5783402919769287
2012,Osella Alfa Romeo,0.5737467408180237
2013,Osella Alfa Romeo,0.5682982802391052
2014,Osella Alfa Romeo,0.5632065534591675
2015,Osella Alfa Romeo,0.5605353713035583
2016,Osella Alfa Romeo,0.5631029009819031
2017,Osella Alfa Romeo,0.5740200281143188
2018,Osella Alfa Romeo,0.5957702994346619
2019,Osella Alfa Romeo,0.6287810206413269
2020,Osella Alfa Romeo,0.6694271564483643
2021,Osella Alfa Romeo,0.707482099533081
2022,Osella Alfa Romeo,0.7237904071807861
2023,Osella Alfa Romeo,0.6909701228141785
2024,Osella Alfa Romeo,0.5816925764083862
2025,Osella Alfa Romeo,0.3602086901664734
2026,Osella Alfa Romeo,0.2623216509819031
2027,Osella Alfa Romeo,0.23842091858386993
2028,Osella Alfa Romeo,0.23267102241516113
2029,Osella Alfa Romeo,0.23129287362098694
2030,Osella Alfa Romeo,0.2309628576040268
1958,Osella Ford,0.5078350901603699
1959,Osella Ford,0.6242104768753052
1960,Osella Ford,0.6870692372322083
1961,Osella Ford,0.708977222442627
1962,Osella Ford,0.7049680352210999
1963,Osella Ford,0.6875588893890381
1964,Osella Ford,0.6654399633407593
1965,Osella Ford,0.6437968015670776
1966,Osella Ford,0.625183641910553
1967,Osella Ford,0.6104424595832825
1968,Osella Ford,0.5994784832000732
1969,Osella Ford,0.5918439626693726
1970,Osella Ford,0.5871292948722839
1971,Osella Ford,0.5851654410362244
1972,Osella Ford,0.5860337615013123
1973,Osella Ford,0.5898841619491577
1974,Osella Ford,0.59657222032547
1975,Osella Ford,0.605154275894165
1976,Osella Ford,0.6133236289024353
1977,Osella Ford,0.6169373989105225
1978,Osella Ford,0.6098954677581787
1979,Osella Ford,0.5847570896148682
1980,Osella Ford,0.5345050692558289
1981,Osella Ford,0.45546942949295044
1982,Osella Ford,0.2627922296524048
1983,Osella Ford,0.4462486505508423
1984,Osella Ford,0.5078352093696594
1985,Osella Ford,0.5515835881233215
1986,Osella Ford,0.5825676918029785
1987,Osella Ford,0.6028482913970947
1988,Osella Ford,0.6140730381011963
1989,Osella Ford,0.6180714964866638
1990,Osella Ford,0.6168347001075745
1991,Osella Ford,0.6123096942901611
1992,Osella Ford,0.6061950922012329
1993,Osella Ford,0.5998095870018005
1994,Osella Ford,0.5940459370613098
1995,Osella Ford,0.5893964171409607
1996,Osella Ford,0.5860238671302795
1997,Osella Ford,0.5838561654090881
1998,Osella Ford,0.5826807022094727
1999,Osella Ford,0.5822287201881409
2000,Osella Ford,0.5822387933731079
2001,Osella Ford,0.5824988484382629
2002,Osella Ford,0.5828649997711182
2003,Osella Ford,0.5832603573799133
2004,Osella Ford,0.5836551189422607
2005,Osella Ford,0.5840330123901367
2006,Osella Ford,0.584350049495697
2007,Osella Ford,0.5844931602478027
2008,Osella Ford,0.5842532515525818
2009,Osella Ford,0.5833281874656677
2010,Osella Ford,0.5813735723495483
2011,Osella Ford,0.5781183838844299
2012,Osella Ford,0.5735486149787903
2013,Osella Ford,0.5681418180465698
2014,Osella Ford,0.5630979537963867
2015,Osella Ford,0.5604722499847412
2016,Osella Ford,0.5630772113800049
2017,Osella Ford,0.5740214586257935
2018,Osella Ford,0.5957882404327393
2019,Osella Ford,0.6288059949874878
2020,Osella Ford,0.6694521903991699
2021,Osella Ford,0.7075026631355286
2022,Osella Ford,0.7238043546676636
2023,Osella Ford,0.6909769773483276
2024,Osella Ford,0.5816937685012817
2025,Osella Ford,0.3602086901664734
2026,Osella Ford,0.2623216509819031
2027,Osella Ford,0.23842091858386993
2028,Osella Ford,0.23267102241516113
2029,Osella Ford,0.23129287362098694
2030,Osella Ford,0.2309628576040268
1958,Parnelli Ford,0.5077168345451355
1959,Parnelli Ford,0.6233212351799011
1960,Parnelli Ford,0.6848337650299072
1961,Parnelli Ford,0.704790472984314
1962,Parnelli Ford,0.6984186768531799
1963,Parnelli Ford,0.67875736951828
1964,Parnelli Ford,0.6553893089294434
1965,Parnelli Ford,0.6346946954727173
1966,Parnelli Ford,0.6204921007156372
1967,Parnelli Ford,0.6145267486572266
1968,Parnelli Ford,0.6166090369224548
1969,Parnelli Ford,0.624396800994873
1970,Parnelli Ford,0.6329314708709717
1971,Parnelli Ford,0.634183406829834
1972,Parnelli Ford,0.6171100735664368
1973,Parnelli Ford,0.5690281391143799
1974,Parnelli Ford,0.4790019392967224
1975,Parnelli Ford,0.2799360752105713
1976,Parnelli Ford,0.23714931309223175
1977,Parnelli Ford,0.4388309121131897
1978,Parnelli Ford,0.5121589303016663
1979,Parnelli Ford,0.5629286766052246
1980,Parnelli Ford,0.5976850986480713
1981,Parnelli Ford,0.6195204257965088
1982,Parnelli Ford,0.6307497024536133
1983,Parnelli Ford,0.6336911916732788
1984,Parnelli Ford,0.6307306885719299
1985,Parnelli Ford,0.6241384744644165
1986,Parnelli Ford,0.6158681511878967
1987,Parnelli Ford,0.6074268817901611
1988,Parnelli Ford,0.5998339056968689
1989,Parnelli Ford,0.5936540365219116
1990,Parnelli Ford,0.589078962802887
1991,Parnelli Ford,0.586030900478363
1992,Parnelli Ford,0.5842660665512085
1993,Parnelli Ford,0.5834647417068481
1994,Parnelli Ford,0.583299994468689
1995,Parnelli Ford,0.5834832191467285
1996,Parnelli Ford,0.583788275718689
1997,Parnelli Ford,0.5840597748756409
1998,Parnelli Ford,0.5842100381851196
1999,Parnelli Ford,0.5842097401618958
2000,Parnelli Ford,0.5840757489204407
2001,Parnelli Ford,0.5838583707809448
2002,Parnelli Ford,0.5836277008056641
2003,Parnelli Ford,0.5834580063819885
2004,Parnelli Ford,0.5834087133407593
2005,Parnelli Ford,0.5834994912147522
2006,Parnelli Ford,0.583683431148529
2007,Parnelli Ford,0.5838202238082886
2008,Parnelli Ford,0.5836623907089233
2009,Parnelli Ford,0.5828680992126465
2010,Parnelli Ford,0.5810591578483582
2011,Parnelli Ford,0.5779394507408142
2012,Parnelli Ford,0.5734797120094299
2013,Parnelli Ford,0.5681511759757996
2014,Parnelli Ford,0.5631539821624756
2015,Parnelli Ford,0.5605480074882507
2016,Parnelli Ford,0.5631526708602905
2017,Parnelli Ford,0.5740839242935181
2018,Parnelli Ford,0.5958316922187805
2019,Parnelli Ford,0.6288297772407532
2020,Parnelli Ford,0.6694591641426086
2021,Parnelli Ford,0.7074975371360779
2022,Parnelli Ford,0.7237927317619324
2023,Parnelli Ford,0.6909643411636353
2024,Parnelli Ford,0.5816841721534729
2025,Parnelli Ford,0.3602086901664734
2026,Parnelli Ford,0.2623216509819031
2027,Parnelli Ford,0.23842091858386993
2028,Parnelli Ford,0.23267102241516113
2029,Parnelli Ford,0.23129287362098694
2030,Parnelli Ford,0.2309628576040268
1958,Penske Ford,0.507571816444397
1959,Penske Ford,0.6232645511627197
1960,Penske Ford,0.6849167346954346
1961,Penske Ford,0.7050217390060425
1962,Penske Ford,0.6987178325653076
1963,Penske Ford,0.6789069771766663
1964,Penske Ford,0.6550072431564331
1965,Penske Ford,0.6332542896270752
1966,Penske Ford,0.6174209713935852
1967,Penske Ford,0.609407901763916
1968,Penske Ford,0.609489381313324
1969,Penske Ford,0.616178035736084
1970,Penske Ford,0.6257660388946533
1971,Penske Ford,0.6316972374916077
1972,Penske Ford,0.6241289377212524
1973,Penske Ford,0.5904293060302734
1974,Penske Ford,0.5175870656967163
1975,Penske Ford,0.31903278827667236
1976,Penske Ford,0.3897019624710083
1977,Penske Ford,0.33751845359802246
1978,Penske Ford,0.5135188102722168
1979,Penske Ford,0.5625489950180054
1980,Penske Ford,0.5923253893852234
1981,Penske Ford,0.6112805604934692
1982,Penske Ford,0.6227879524230957
1983,Penske Ford,0.628470778465271
1984,Penske Ford,0.629506528377533
1985,Penske Ford,0.627038836479187
1986,Penske Ford,0.6222135424613953
1987,Penske Ford,0.6160969138145447
1988,Penske Ford,0.6095906496047974
1989,Penske Ford,0.6033791303634644
1990,Penske Ford,0.5979157090187073
1991,Penske Ford,0.5934390425682068
1992,Penske Ford,0.590010404586792
1993,Penske Ford,0.5875608325004578
1994,Penske Ford,0.5859391689300537
1995,Penske Ford,0.5849555730819702
1996,Penske Ford,0.5844159722328186
1997,Penske Ford,0.5841465592384338
1998,Penske Ford,0.5840095281600952
1999,Penske Ford,0.5839108228683472
2000,Penske Ford,0.5838012099266052
2001,Penske Ford,0.5836734175682068
2002,Penske Ford,0.5835528373718262
2003,Penske Ford,0.583483874797821
2004,Penske Ford,0.5835092067718506
2005,Penske Ford,0.5836431980133057
2006,Penske Ford,0.5838407278060913
2007,Penske Ford,0.5839680433273315
2008,Penske Ford,0.5837857127189636
2009,Penske Ford,0.5829598903656006
2010,Penske Ford,0.5811187624931335
2011,Penske Ford,0.5779708027839661
2012,Penske Ford,0.573489248752594
2013,Penske Ford,0.5681459307670593
2014,Penske Ford,0.5631405711174011
2015,Penske Ford,0.560531735420227
2016,Penske Ford,0.5631374716758728
2017,Penske Ford,0.574072003364563
2018,Penske Ford,0.5958239436149597
2019,Penske Ford,0.6288260221481323
2020,Penske Ford,0.6694587469100952
2021,Penske Ford,0.7074993848800659
2022,Penske Ford,0.7237955331802368
2023,Penske Ford,0.6909671425819397
2024,Penske Ford,0.5816861391067505
2025,Penske Ford,0.3602086901664734
2026,Penske Ford,0.2623216509819031
2027,Penske Ford,0.23842091858386993
2028,Penske Ford,0.23267102241516113
2029,Penske Ford,0.23129287362098694
2030,Penske Ford,0.2309628576040268
1958,Porsche,0.5416482090950012
1959,Porsche,0.6863528490066528
1960,Porsche,0.7697262763977051
1961,Porsche,0.7832962274551392
1962,Porsche,0.738995373249054
1963,Porsche,0.673981785774231
1964,Porsche,0.7189450263977051
1965,Porsche,0.6767320036888123
1966,Porsche,0.6382018327713013
1967,Porsche,0.6120913028717041
1968,Porsche,0.598626434803009
1969,Porsche,0.5947732925415039
1970,Porsche,0.5967764258384705
1971,Porsche,0.6013213396072388
1972,Porsche,0.6059722304344177
1973,Porsche,0.6092380881309509
1974,Porsche,0.610454797744751
1975,Porsche,0.6095870137214661
1976,Porsche,0.6070092916488647
1977,Porsche,0.6033018827438354
1978,Porsche,0.5990861654281616
1979,Porsche,0.5949079990386963
1980,Porsche,0.5911721587181091
1981,Porsche,0.5881212949752808
1982,Porsche,0.5858469009399414
1983,Porsche,0.5843209028244019
1984,Porsche,0.5834357142448425
1985,Porsche,0.5830428004264832
1986,Porsche,0.5829858183860779
1987,Porsche,0.5831236243247986
1988,Porsche,0.5833434462547302
1989,Porsche,0.5835664868354797
1990,Porsche,0.5837458372116089
1991,Porsche,0.5838612914085388
1992,Porsche,0.5839112401008606
1993,Porsche,0.5839048027992249
1994,Porsche,0.5838552117347717
1995,Porsche,0.5837745070457458
1996,Porsche,0.5836706757545471
1997,Porsche,0.5835481286048889
1998,Porsche,0.5834094882011414
1999,Porsche,0.5832595229148865
2000,Porsche,0.5831095576286316
2001,Porsche,0.5829810500144958
2002,Porsche,0.5829057693481445
2003,Porsche,0.5829201340675354
2004,Porsche,0.5830522179603577
2005,Porsche,0.5833004117012024
2006,Porsche,0.5836060047149658
2007,Porsche,0.5838258266448975
2008,Porsche,0.5837152600288391
2009,Porsche,0.5829395651817322
2010,Porsche,0.5811288356781006
2011,Porsche,0.5779953002929688
2012,Porsche,0.5735166668891907
2013,Porsche,0.5681689381599426
2014,Porsche,0.5631558895111084
2015,Porsche,0.560538649559021
2016,Porsche,0.5631369948387146
2017,Porsche,0.5740662813186646
2018,Porsche,0.5958153009414673
2019,Porsche,0.6288164854049683
2020,Porsche,0.6694499850273132
2021,Porsche,0.7074923515319824
2022,Porsche,0.7237908244132996
2023,Porsche,0.6909646987915039
2024,Porsche,0.5816855430603027
2025,Porsche,0.3602086901664734
2026,Porsche,0.2623216509819031
2027,Porsche,0.23842091858386993
2028,Porsche,0.23267102241516113
2029,Porsche,0.23129287362098694
2030,Porsche,0.2309628576040268
1958,Prost Acer,0.5079286694526672
1959,Prost Acer,0.6242687702178955
1960,Prost Acer,0.6870566010475159
1961,Prost Acer,0.7088675498962402
1962,Prost Acer,0.7047677040100098
1963,Prost Acer,0.687336802482605
1964,Prost Acer,0.6653568744659424
1965,Prost Acer,0.6441220045089722
1966,Prost Acer,0.6262834072113037
1967,Prost Acer,0.61272132396698
1968,Prost Acer,0.6032608151435852
1969,Prost Acer,0.5971932411193848
1970,Prost Acer,0.5936273336410522
1971,Prost Acer,0.5917046070098877
1972,Prost Acer,0.590714156627655
1973,Prost Acer,0.5901371836662292
1974,Prost Acer,0.5896450877189636
1975,Prost Acer,0.5890706777572632
1976,Prost Acer,0.5883665084838867
1977,Prost Acer,0.5875620245933533
1978,Prost Acer,0.5867244601249695
1979,Prost Acer,0.5859276652336121
1980,Prost Acer,0.5852295160293579
1981,Prost Acer,0.5846574306488037
1982,Prost Acer,0.5842013359069824
1983,Prost Acer,0.5838132500648499
1984,Prost Acer,0.5834152698516846
1985,Prost Acer,0.5829160809516907
1986,Prost Acer,0.5822374224662781
1987,Prost Acer,0.5813508033752441
1988,Prost Acer,0.5803198218345642
1989,Prost Acer,0.5793390274047852
1990,Prost Acer,0.5787533521652222
1991,Prost Acer,0.5790369510650635
1992,Prost Acer,0.5807071328163147
1993,Prost Acer,0.5841537117958069
1994,Prost Acer,0.5893800258636475
1995,Prost Acer,0.5956683158874512
1996,Prost Acer,0.6012215614318848
1997,Prost Acer,0.6028769016265869
1998,Prost Acer,0.5960613489151001
1999,Prost Acer,0.5752602815628052
2000,Prost Acer,0.535155177116394
2001,Prost Acer,0.4136180877685547
2002,Prost Acer,0.5390928387641907
2003,Prost Acer,0.5613163709640503
2004,Prost Acer,0.5734023451805115
2005,Prost Acer,0.5821253657341003
2006,Prost Acer,0.5891025066375732
2007,Prost Acer,0.5943677425384521
2008,Prost Acer,0.5975730419158936
2009,Prost Acer,0.598395824432373
2010,Prost Acer,0.5966647863388062
2011,Prost Acer,0.5924274325370789
2012,Prost Acer,0.5860574245452881
2013,Prost Acer,0.5784176588058472
2014,Prost Acer,0.5710412263870239
2015,Prost Acer,0.566235363483429
2016,Prost Acer,0.5669752359390259
2017,Prost Acer,0.5764485597610474
2018,Prost Acer,0.5971489548683167
2019,Prost Acer,0.6294658184051514
2020,Prost Acer,0.6697077751159668
2021,Prost Acer,0.707570493221283
2022,Prost Acer,0.7238243222236633
2023,Prost Acer,0.6910229921340942
2024,Prost Acer,0.5817868709564209
2025,Prost Acer,0.3602086901664734
2026,Prost Acer,0.2623216509819031
2027,Prost Acer,0.23842091858386993
2028,Prost Acer,0.23267102241516113
2029,Prost Acer,0.23129287362098694
2030,Prost Acer,0.2309628576040268
1958,Prost Mugen Honda,0.5079282522201538
1959,Prost Mugen Honda,0.6242681741714478
1960,Prost Mugen Honda,0.6870558261871338
1961,Prost Mugen Honda,0.7088665962219238
1962,Prost Mugen Honda,0.7047667503356934
1963,Prost Mugen Honda,0.6873357892036438
1964,Prost Mugen Honda,0.6653559803962708
1965,Prost Mugen Honda,0.6441212296485901
1966,Prost Mugen Honda,0.6262822151184082
1967,Prost Mugen Honda,0.6127187013626099
1968,Prost Mugen Honda,0.6032549142837524
1969,Prost Mugen Honda,0.5971816778182983
1970,Prost Mugen Honda,0.5936067700386047
1971,Prost Mugen Honda,0.5916715860366821
1972,Prost Mugen Honda,0.5906654000282288
1973,Prost Mugen Honda,0.5900711417198181
1974,Prost Mugen Honda,0.5895626544952393
1975,Prost Mugen Honda,0.5889757871627808
1976,Prost Mugen Honda,0.5882661938667297
1977,Prost Mugen Honda,0.5874642729759216
1978,Prost Mugen Honda,0.58663409948349
1979,Prost Mugen Honda,0.5858394503593445
1980,Prost Mugen Honda,0.5851195454597473
1981,Prost Mugen Honda,0.5844744443893433
1982,Prost Mugen Honda,0.5838619470596313
1983,Prost Mugen Honda,0.5832063555717468
1984,Prost Mugen Honda,0.5824223160743713
1985,Prost Mugen Honda,0.5814527869224548
1986,Prost Mugen Honda,0.5803202390670776
1987,Prost Mugen Honda,0.579183042049408
1988,Prost Mugen Honda,0.5783816576004028
1989,Prost Mugen Honda,0.5784502625465393
1990,Prost Mugen Honda,0.5800590515136719
1991,Prost Mugen Honda,0.5838510394096375
1992,Prost Mugen Honda,0.5901370048522949
1993,Prost Mugen Honda,0.5984305143356323
1994,Prost Mugen Honda,0.6068421602249146
1995,Prost Mugen Honda,0.6114506721496582
1996,Prost Mugen Honda,0.6058284044265747
1997,Prost Mugen Honda,0.5490055084228516
1998,Prost Mugen Honda,0.6207720041275024
1999,Prost Mugen Honda,0.607709527015686
2000,Prost Mugen Honda,0.5916876792907715
2001,Prost Mugen Honda,0.580723226070404
2002,Prost Mugen Honda,0.5759395360946655
2003,Prost Mugen Honda,0.5760835409164429
2004,Prost Mugen Honda,0.5792901515960693
2005,Prost Mugen Honda,0.5838117003440857
2006,Prost Mugen Honda,0.5882771015167236
2007,Prost Mugen Honda,0.5917273759841919
2008,Prost Mugen Honda,0.5935502648353577
2009,Prost Mugen Honda,0.5933895111083984
2010,Prost Mugen Honda,0.5910835266113281
2011,Prost Mugen Honda,0.5866701006889343
2012,Prost Mugen Honda,0.5804795026779175
2013,Prost Mugen Honda,0.573302686214447
2014,Prost Mugen Honda,0.566584050655365
2015,Prost Mugen Honda,0.5625388026237488
2016,Prost Mugen Honda,0.5640588402748108
2017,Prost Mugen Honda,0.5742648243904114
2018,Prost Mugen Honda,0.5956042408943176
2019,Prost Mugen Honda,0.628441333770752
2020,Prost Mugen Honda,0.6690787076950073
2021,Prost Mugen Honda,0.7072203159332275
2022,Prost Mugen Honda,0.7236526012420654
2023,Prost Mugen Honda,0.6909493207931519
2024,Prost Mugen Honda,0.581751823425293
2025,Prost Mugen Honda,0.3602086901664734
2026,Prost Mugen Honda,0.2623216509819031
2027,Prost Mugen Honda,0.23842091858386993
2028,Prost Mugen Honda,0.23267102241516113
2029,Prost Mugen Honda,0.23129287362098694
2030,Prost Mugen Honda,0.2309628576040268
1958,Prost Peugeot,0.5079278945922852
1959,Prost Peugeot,0.6242676973342896
1960,Prost Peugeot,0.6870553493499756
1961,Prost Peugeot,0.7088664770126343
1962,Prost Peugeot,0.7047670483589172
1963,Prost Peugeot,0.6873366832733154
1964,Prost Peugeot,0.6653575301170349
1965,Prost Peugeot,0.6441230773925781
1966,Prost Peugeot,0.6262834072113037
1967,Prost Peugeot,0.612717866897583
1968,Prost Peugeot,0.6032500863075256
1969,Prost Peugeot,0.5971702337265015
1970,Prost Peugeot,0.5935865640640259
1971,Prost Peugeot,0.5916412472724915
1972,Prost Peugeot,0.5906257629394531
1973,Prost Peugeot,0.5900259613990784
1974,Prost Peugeot,0.589519202709198
1975,Prost Peugeot,0.588944137096405
1976,Prost Peugeot,0.5882567167282104
1977,Prost Peugeot,0.5874822735786438
1978,Prost Peugeot,0.5866721868515015
1979,Prost Peugeot,0.5858681201934814
1980,Prost Peugeot,0.5850777626037598
1981,Prost Peugeot,0.5842643976211548
1982,Prost Peugeot,0.5833526849746704
1983,Prost Peugeot,0.5822520852088928
1984,Prost Peugeot,0.5808988213539124
1985,Prost Peugeot,0.5793128609657288
1986,Prost Peugeot,0.5776610970497131
1987,Prost Peugeot,0.57630854845047
1988,Prost Peugeot,0.5758318305015564
1989,Prost Peugeot,0.5769608616828918
1990,Prost Peugeot,0.5804159045219421
1991,Prost Peugeot,0.5866146683692932
1992,Prost Peugeot,0.5952415466308594
1993,Prost Peugeot,0.6046987771987915
1994,Prost Peugeot,0.611508846282959
1995,Prost Peugeot,0.6098427772521973
1996,Prost Peugeot,0.5915734171867371
1997,Prost Peugeot,0.5473787784576416
1998,Prost Peugeot,0.41114354133605957
1999,Prost Peugeot,0.4615861773490906
2000,Prost Peugeot,0.5761474967002869
2001,Prost Peugeot,0.5899819135665894
2002,Prost Peugeot,0.5930467247962952
2003,Prost Peugeot,0.5945653319358826
2004,Prost Peugeot,0.5968462824821472
2005,Prost Peugeot,0.5997704863548279
2006,Prost Peugeot,0.6025595664978027
2007,Prost Peugeot,0.604438304901123
2008,Prost Peugeot,0.6048227548599243
2009,Prost Peugeot,0.6033325791358948
2010,Prost Peugeot,0.5997723340988159
2011,Prost Peugeot,0.5941569209098816
2012,Prost Peugeot,0.5868104696273804
2013,Prost Peugeot,0.5785338878631592
2014,Prost Peugeot,0.570791482925415
2015,Prost Peugeot,0.5658215284347534
2016,Prost Peugeot,0.5665355920791626
2017,Prost Peugeot,0.5760663151741028
2018,Prost Peugeot,0.596863865852356
2019,Prost Peugeot,0.6292858123779297
2020,Prost Peugeot,0.6696202754974365
2021,Prost Peugeot,0.7075521945953369
2022,Prost Peugeot,0.7238474488258362
2023,Prost Peugeot,0.6910609602928162
2024,Prost Peugeot,0.5818180441856384
2025,Prost Peugeot,0.3602086901664734
2026,Prost Peugeot,0.2623216509819031
2027,Prost Peugeot,0.23842091858386993
2028,Prost Peugeot,0.23267102241516113
2029,Prost Peugeot,0.23129287362098694
2030,Prost Peugeot,0.2309628576040268
1958,RB Honda RBPT,0.507928729057312
1959,RB Honda RBPT,0.6242690086364746
1960,RB Honda RBPT,0.6870570778846741
1961,RB Honda RBPT,0.7088683247566223
1962,RB Honda RBPT,0.7047687768936157
1963,RB Honda RBPT,0.6873379945755005
1964,RB Honda RBPT,0.6653580069541931
1965,RB Honda RBPT,0.644122838973999
1966,RB Honda RBPT,0.6262834072113037
1967,RB Honda RBPT,0.6127203702926636
1968,RB Honda RBPT,0.6032592058181763
1969,RB Honda RBPT,0.5971919298171997
1970,RB Honda RBPT,0.593628466129303
1971,RB Honda RBPT,0.5917115807533264
1972,RB Honda RBPT,0.5907316207885742
1973,RB Honda RBPT,0.5901703834533691
1974,RB Honda RBPT,0.5896990299224854
1975,RB Honda RBPT,0.5891478061676025
1976,RB Honda RBPT,0.5884652733802795
1977,RB Honda RBPT,0.5876746773719788
1978,RB Honda RBPT,0.5868366360664368
1979,RB Honda RBPT,0.5860204696655273
1980,RB Honda RBPT,0.5852853655815125
1981,RB Honda RBPT,0.5846713185310364
1982,RB Honda RBPT,0.584196150302887
1983,RB Honda RBPT,0.5838584899902344
1984,RB Honda RBPT,0.5836426615715027
1985,RB Honda RBPT,0.5835246443748474
1986,RB Honda RBPT,0.5834776759147644
1987,RB Honda RBPT,0.5834764242172241
1988,RB Honda RBPT,0.5834999084472656
1989,RB Honda RBPT,0.5835325717926025
1990,RB Honda RBPT,0.5835642218589783
1991,RB Honda RBPT,0.5835893750190735
1992,RB Honda RBPT,0.5836049318313599
1993,RB Honda RBPT,0.5836092233657837
1994,RB Honda RBPT,0.5836000442504883
1995,RB Honda RBPT,0.5835736393928528
1996,RB Honda RBPT,0.5835254192352295
1997,RB Honda RBPT,0.5834503173828125
1998,RB Honda RBPT,0.5833462476730347
1999,RB Honda RBPT,0.5832168459892273
2000,RB Honda RBPT,0.583075225353241
2001,RB Honda RBPT,0.5829456448554993
2002,RB Honda RBPT,0.5828624963760376
2003,RB Honda RBPT,0.5828624367713928
2004,RB Honda RBPT,0.5829699635505676
2005,RB Honda RBPT,0.5831742882728577
2006,RB Honda RBPT,0.5834023356437683
2007,RB Honda RBPT,0.5834923982620239
2008,RB Honda RBPT,0.5831823945045471
2009,RB Honda RBPT,0.5821272134780884
2010,RB Honda RBPT,0.579964816570282
2011,RB Honda RBPT,0.5764456987380981
2012,RB Honda RBPT,0.571627676486969
2013,RB Honda RBPT,0.5661147832870483
2014,RB Honda RBPT,0.5612810254096985
2015,RB Honda RBPT,0.5593775510787964
2016,RB Honda RBPT,0.5633873343467712
2017,RB Honda RBPT,0.5764901638031006
2018,RB Honda RBPT,0.6010349988937378
2019,RB Honda RBPT,0.6369375586509705
2020,RB Honda RBPT,0.6793980598449707
2021,RB Honda RBPT,0.7160065174102783
2022,RB Honda RBPT,0.7245063781738281
2023,RB Honda RBPT,0.6751119494438171
2024,RB Honda RBPT,0.5218015313148499
2025,RB Honda RBPT,0.33327263593673706
2026,RB Honda RBPT,0.255689412355423
2027,RB Honda RBPT,0.23682193458080292
2028,RB Honda RBPT,0.23228757083415985
2029,RB Honda RBPT,0.23120103776454926
2030,RB Honda RBPT,0.23094087839126587
1958,RBR Cosworth,0.5079287886619568
1959,RBR Cosworth,0.6242690682411194
1960,RBR Cosworth,0.6870571374893188
1961,RBR Cosworth,0.7088683843612671
1962,RBR Cosworth,0.7047688364982605
1963,RBR Cosworth,0.6873379945755005
1964,RBR Cosworth,0.665357768535614
1965,RBR Cosworth,0.6441223621368408
1966,RBR Cosworth,0.6262826919555664
1967,RBR Cosworth,0.6127192378044128
1968,RBR Cosworth,0.6032575964927673
1969,RBR Cosworth,0.5971900820732117
1970,RBR Cosworth,0.5936264395713806
1971,RBR Cosworth,0.5917097330093384
1972,RBR Cosworth,0.5907300710678101
1973,RBR Cosworth,0.5901692509651184
1974,RBR Cosworth,0.589697539806366
1975,RBR Cosworth,0.5891447067260742
1976,RBR Cosworth,0.5884580016136169
1977,RBR Cosworth,0.5876592397689819
1978,RBR Cosworth,0.5868076086044312
1979,RBR Cosworth,0.5859717130661011
1980,RBR Cosworth,0.5852110385894775
1981,RBR Cosworth,0.5845673680305481
1982,RBR Cosworth,0.5840624570846558
1983,RBR Cosworth,0.5837002396583557
1984,RBR Cosworth,0.5834705233573914
1985,RBR Cosworth,0.5833525061607361
1986,RBR Cosworth,0.5833161473274231
1987,RBR Cosworth,0.5833219289779663
1988,RBR Cosworth,0.5833193063735962
1989,RBR Cosworth,0.5832464098930359
1990,RBR Cosworth,0.5830336809158325
1991,RBR Cosworth,0.5826151967048645
1992,RBR Cosworth,0.5819498896598816
1993,RBR Cosworth,0.5810543894767761
1994,RBR Cosworth,0.5800421237945557
1995,RBR Cosworth,0.5791602730751038
1996,RBR Cosworth,0.5788066387176514
1997,RBR Cosworth,0.5795034766197205
1998,RBR Cosworth,0.5817981362342834
1999,RBR Cosworth,0.586065948009491
2000,RBR Cosworth,0.5921950936317444
2001,RBR Cosworth,0.5991554856300354
2002,RBR Cosworth,0.6044968366622925
2003,RBR Cosworth,0.6039214134216309
2004,RBR Cosworth,0.5911126136779785
2005,RBR Cosworth,0.5197487473487854
2006,RBR Cosworth,0.6048464179039001
2007,RBR Cosworth,0.5993207693099976
2008,RBR Cosworth,0.5888760089874268
2009,RBR Cosworth,0.5810753703117371
2010,RBR Cosworth,0.5768032670021057
2011,RBR Cosworth,0.5747825503349304
2012,RBR Cosworth,0.5734485387802124
2013,RBR Cosworth,0.5718713998794556
2014,RBR Cosworth,0.5702319145202637
2015,RBR Cosworth,0.5699933171272278
2016,RBR Cosworth,0.573747992515564
2017,RBR Cosworth,0.5846632122993469
2018,RBR Cosworth,0.6054590344429016
2019,RBR Cosworth,0.6368855237960815
2020,RBR Cosworth,0.6756482720375061
2021,RBR Cosworth,0.7118031978607178
2022,RBR Cosworth,0.7264083027839661
2023,RBR Cosworth,0.6922311782836914
2024,RBR Cosworth,0.5820367336273193
2025,RBR Cosworth,0.3602086901664734
2026,RBR Cosworth,0.2623216509819031
2027,RBR Cosworth,0.23842091858386993
2028,RBR Cosworth,0.23267102241516113
2029,RBR Cosworth,0.23129287362098694
2030,RBR Cosworth,0.2309628576040268
1958,RBR Ferrari,0.5079287886619568
1959,RBR Ferrari,0.6242690682411194
1960,RBR Ferrari,0.6870571374893188
1961,RBR Ferrari,0.7088684439659119
1962,RBR Ferrari,0.7047688961029053
1963,RBR Ferrari,0.6873380541801453
1964,RBR Ferrari,0.6653579473495483
1965,RBR Ferrari,0.6441225409507751
1966,RBR Ferrari,0.6262829303741455
1967,RBR Ferrari,0.6127195358276367
1968,RBR Ferrari,0.603257954120636
1969,RBR Ferrari,0.5971904397010803
1970,RBR Ferrari,0.5936267971992493
1971,RBR Ferrari,0.5917099118232727
1972,RBR Ferrari,0.5907301902770996
1973,RBR Ferrari,0.5901694297790527
1974,RBR Ferrari,0.589698314666748
1975,RBR Ferrari,0.5891464948654175
1976,RBR Ferrari,0.5884616374969482
1977,RBR Ferrari,0.5876659154891968
1978,RBR Ferrari,0.5868185758590698
1979,RBR Ferrari,0.5859878659248352
1980,RBR Ferrari,0.5852327942848206
1981,RBR Ferrari,0.5845940709114075
1982,RBR Ferrari,0.5840923190116882
1983,RBR Ferrari,0.583730161190033
1984,RBR Ferrari,0.583497166633606
1985,RBR Ferrari,0.5833738446235657
1986,RBR Ferrari,0.5833339095115662
1987,RBR Ferrari,0.5833448767662048
1988,RBR Ferrari,0.5833666920661926
1989,RBR Ferrari,0.5833494067192078
1990,RBR Ferrari,0.5832337141036987
1991,RBR Ferrari,0.5829564929008484
1992,RBR Ferrari,0.5824643969535828
1993,RBR Ferrari,0.5817376375198364
1994,RBR Ferrari,0.5808228254318237
1995,RBR Ferrari,0.5798689723014832
1996,RBR Ferrari,0.5791558623313904
1997,RBR Ferrari,0.5790954828262329
1998,RBR Ferrari,0.5801847577095032
1999,RBR Ferrari,0.5828834176063538
2000,RBR Ferrari,0.5873983502388
2001,RBR Ferrari,0.5933659672737122
2002,RBR Ferrari,0.59944748878479
2003,RBR Ferrari,0.6028993129730225
2004,RBR Ferrari,0.59927898645401
2005,RBR Ferrari,0.5824684500694275
2006,RBR Ferrari,0.5041497945785522
2007,RBR Ferrari,0.5944205522537231
2008,RBR Ferrari,0.593049168586731
2009,RBR Ferrari,0.585599958896637
2010,RBR Ferrari,0.5793206095695496
2011,RBR Ferrari,0.575223982334137
2012,RBR Ferrari,0.5724926590919495
2013,RBR Ferrari,0.5703040361404419
2014,RBR Ferrari,0.5686941146850586
2015,RBR Ferrari,0.5689024329185486
2016,RBR Ferrari,0.573300302028656
2017,RBR Ferrari,0.5848731994628906
2018,RBR Ferrari,0.6062142848968506
2019,RBR Ferrari,0.6380033493041992
2020,RBR Ferrari,0.6769247651100159
2021,RBR Ferrari,0.7130485773086548
2022,RBR Ferrari,0.7274678349494934
2023,RBR Ferrari,0.6929994821548462
2024,RBR Ferrari,0.5824722647666931
2025,RBR Ferrari,0.3602086901664734
2026,RBR Ferrari,0.2623216509819031
2027,RBR Ferrari,0.23842091858386993
2028,RBR Ferrari,0.23267102241516113
2029,RBR Ferrari,0.23129287362098694
2030,RBR Ferrari,0.2309628576040268
1958,RBR Renault,0.507928729057312
1959,RBR Renault,0.6242689490318298
1960,RBR Renault,0.6870568990707397
1961,RBR Renault,0.7088680863380432
1962,RBR Renault,0.7047684788703918
1963,RBR Renault,0.6873377561569214
1964,RBR Renault,0.6653578281402588
1965,RBR Renault,0.6441229581832886
1966,RBR Renault,0.626284122467041
1967,RBR Renault,0.6127218008041382
1968,RBR Renault,0.6032611727714539
1969,RBR Renault,0.5971941947937012
1970,RBR Renault,0.5936301946640015
1971,RBR Renault,0.5917116403579712
1972,RBR Renault,0.5907283425331116
1973,RBR Renault,0.5901621580123901
1974,RBR Renault,0.5896844863891602
1975,RBR Renault,0.5891271233558655
1976,RBR Renault,0.5884407758712769
1977,RBR Renault,0.5876516699790955
1978,RBR Renault,0.5868235230445862
1979,RBR Renault,0.5860278606414795
1980,RBR Renault,0.5853233933448792
1981,RBR Renault,0.5847446918487549
1982,RBR Renault,0.5842977166175842
1983,RBR Renault,0.5839614272117615
1984,RBR Renault,0.583694577217102
1985,RBR Renault,0.5834461450576782
1986,RBR Renault,0.5831702947616577
1987,RBR Renault,0.5828439593315125
1988,RBR Renault,0.582484781742096
1989,RBR Renault,0.5821657180786133
1990,RBR Renault,0.5820191502571106
1991,RBR Renault,0.5822219252586365
1992,RBR Renault,0.582952618598938
1993,RBR Renault,0.5843168497085571
1994,RBR Renault,0.5862435102462769
1995,RBR Renault,0.5883688926696777
1996,RBR Renault,0.5899443626403809
1997,RBR Renault,0.5898232460021973
1998,RBR Renault,0.5865990519523621
1999,RBR Renault,0.5789759159088135
2000,RBR Renault,0.5664226412773132
2001,RBR Renault,0.5500848889350891
2002,RBR Renault,0.5337613821029663
2003,RBR Renault,0.5244926810264587
2004,RBR Renault,0.5320879220962524
2005,RBR Renault,0.5671550035476685
2006,RBR Renault,0.6382129192352295
2007,RBR Renault,0.7491572499275208
2008,RBR Renault,0.8969857692718506
2009,RBR Renault,1.0993475914001465
2010,RBR Renault,1.3012791872024536
2011,RBR Renault,1.0737929344177246
2012,RBR Renault,0.8404528498649597
2013,RBR Renault,0.6576889753341675
2014,RBR Renault,0.5382505655288696
2015,RBR Renault,0.47675931453704834
2016,RBR Renault,0.46245163679122925
2017,RBR Renault,0.48408979177474976
2018,RBR Renault,0.5314400792121887
2019,RBR Renault,0.5947926044464111
2020,RBR Renault,0.6632660627365112
2021,RBR Renault,0.7221400737762451
2022,RBR Renault,0.7500696778297424
2023,RBR Renault,0.7193347215652466
2024,RBR Renault,0.6040655374526978
2025,RBR Renault,0.3602086901664734
2026,RBR Renault,0.2623216509819031
2027,RBR Renault,0.23842091858386993
2028,RBR Renault,0.23267102241516113
2029,RBR Renault,0.23129287362098694
2030,RBR Renault,0.2309628576040268
1958,Racing Point BWT Mercedes,0.5079287886619568
1959,Racing Point BWT Mercedes,0.6242690086364746
1960,Racing Point BWT Mercedes,0.6870570778846741
1961,Racing Point BWT Mercedes,0.7088683247566223
1962,Racing Point BWT Mercedes,0.7047687768936157
1963,Racing Point BWT Mercedes,0.6873380541801453
1964,Racing Point BWT Mercedes,0.6653580069541931
1965,Racing Point BWT Mercedes,0.644122838973999
1966,Racing Point BWT Mercedes,0.6262834072113037
1967,Racing Point BWT Mercedes,0.6127203702926636
1968,Racing Point BWT Mercedes,0.6032591462135315
1969,Racing Point BWT Mercedes,0.5971919298171997
1970,Racing Point BWT Mercedes,0.593628466129303
1971,Racing Point BWT Mercedes,0.5917114615440369
1972,Racing Point BWT Mercedes,0.5907314419746399
1973,Racing Point BWT Mercedes,0.5901702642440796
1974,Racing Point BWT Mercedes,0.5896989703178406
1975,Racing Point BWT Mercedes,0.5891478657722473
1976,Racing Point BWT Mercedes,0.5884654521942139
1977,Racing Point BWT Mercedes,0.5876749753952026
1978,Racing Point BWT Mercedes,0.5868369340896606
1979,Racing Point BWT Mercedes,0.5860205888748169
1980,Racing Point BWT Mercedes,0.5852850675582886
1981,Racing Point BWT Mercedes,0.5846702456474304
1982,Racing Point BWT Mercedes,0.5841938853263855
1983,Racing Point BWT Mercedes,0.5838546752929688
1984,Racing Point BWT Mercedes,0.5836370587348938
1985,Racing Point BWT Mercedes,0.58351731300354
1986,Racing Point BWT Mercedes,0.5834693312644958
1987,Racing Point BWT Mercedes,0.5834683179855347
1988,Racing Point BWT Mercedes,0.5834934711456299
1989,Racing Point BWT Mercedes,0.5835292935371399
1990,Racing Point BWT Mercedes,0.5835644602775574
1991,Racing Point BWT Mercedes,0.5835907459259033
1992,Racing Point BWT Mercedes,0.5836012363433838
1993,Racing Point BWT Mercedes,0.5835883021354675
1994,Racing Point BWT Mercedes,0.5835431218147278
1995,Racing Point BWT Mercedes,0.5834565758705139
1996,Racing Point BWT Mercedes,0.5833210945129395
1997,Racing Point BWT Mercedes,0.5831359624862671
1998,Racing Point BWT Mercedes,0.5829116702079773
1999,Racing Point BWT Mercedes,0.582675576210022
2000,Racing Point BWT Mercedes,0.5824728012084961
2001,Racing Point BWT Mercedes,0.58236163854599
2002,Racing Point BWT Mercedes,0.5823984146118164
2003,Racing Point BWT Mercedes,0.5826109051704407
2004,Racing Point BWT Mercedes,0.5829601287841797
2005,Racing Point BWT Mercedes,0.583298921585083
2006,Racing Point BWT Mercedes,0.5833391547203064
2007,Racing Point BWT Mercedes,0.5826489925384521
2008,Racing Point BWT Mercedes,0.5807091593742371
2009,Racing Point BWT Mercedes,0.5770540237426758
2010,Racing Point BWT Mercedes,0.5715181827545166
2011,Racing Point BWT Mercedes,0.5645756721496582
2012,Racing Point BWT Mercedes,0.5577113032341003
2013,Racing Point BWT Mercedes,0.5536819696426392
2014,Racing Point BWT Mercedes,0.5564401745796204
2015,Racing Point BWT Mercedes,0.5704448223114014
2016,Racing Point BWT Mercedes,0.5991491079330444
2017,Racing Point BWT Mercedes,0.6426719427108765
2018,Racing Point BWT Mercedes,0.6947759389877319
2019,Racing Point BWT Mercedes,0.7091749906539917
2020,Racing Point BWT Mercedes,0.8661867380142212
2021,Racing Point BWT Mercedes,0.8763159513473511
2022,Racing Point BWT Mercedes,0.8048175573348999
2023,Racing Point BWT Mercedes,0.7036287784576416
2024,Racing Point BWT Mercedes,0.5603703260421753
2025,Racing Point BWT Mercedes,0.3602086901664734
2026,Racing Point BWT Mercedes,0.2623216509819031
2027,Racing Point BWT Mercedes,0.23842091858386993
2028,Racing Point BWT Mercedes,0.23267102241516113
2029,Racing Point BWT Mercedes,0.23129287362098694
2030,Racing Point BWT Mercedes,0.2309628576040268
1958,Red Bull Racing Honda,0.507928729057312
1959,Red Bull Racing Honda,0.6242690086364746
1960,Red Bull Racing Honda,0.6870570182800293
1961,Red Bull Racing Honda,0.7088683247566223
1962,Red Bull Racing Honda,0.7047687768936157
1963,Red Bull Racing Honda,0.6873380541801453
1964,Red Bull Racing Honda,0.6653580069541931
1965,Red Bull Racing Honda,0.644122838973999
1966,Red Bull Racing Honda,0.6262834668159485
1967,Red Bull Racing Honda,0.6127204298973083
1968,Red Bull Racing Honda,0.6032590866088867
1969,Red Bull Racing Honda,0.5971917510032654
1970,Red Bull Racing Honda,0.5936282277107239
1971,Red Bull Racing Honda,0.5917112231254578
1972,Red Bull Racing Honda,0.590731143951416
1973,Red Bull Racing Honda,0.5901700258255005
1974,Red Bull Racing Honda,0.589698851108551
1975,Red Bull Racing Honda,0.5891480445861816
1976,Red Bull Racing Honda,0.5884661674499512
1977,Red Bull Racing Honda,0.5876763463020325
1978,Red Bull Racing Honda,0.586838960647583
1979,Red Bull Racing Honda,0.5860229730606079
1980,Red Bull Racing Honda,0.5852871537208557
1981,Red Bull Racing Honda,0.5846709609031677
1982,Red Bull Racing Honda,0.5841919183731079
1983,Red Bull Racing Honda,0.5838484764099121
1984,Red Bull Racing Honda,0.5836256742477417
1985,Red Bull Racing Honda,0.5835011005401611
1986,Red Bull Racing Honda,0.5834504961967468
1987,Red Bull Racing Honda,0.5834519863128662
1988,Red Bull Racing Honda,0.583487868309021
1989,Red Bull Racing Honda,0.5835447311401367
1990,Red Bull Racing Honda,0.5836111307144165
1991,Red Bull Racing Honda,0.5836743712425232
1992,Red Bull Racing Honda,0.5837171673774719
1993,Red Bull Racing Honda,0.58371502161026
1994,Red Bull Racing Honda,0.5836367011070251
1995,Red Bull Racing Honda,0.5834494233131409
1996,Red Bull Racing Honda,0.5831296443939209
1997,Red Bull Racing Honda,0.582679271697998
1998,Red Bull Racing Honda,0.5821452140808105
1999,Red Bull Racing Honda,0.5816363096237183
2000,Red Bull Racing Honda,0.5813283920288086
2001,Red Bull Racing Honda,0.581447184085846
2002,Red Bull Racing Honda,0.5822159051895142
2003,Red Bull Racing Honda,0.5837624669075012
2004,Red Bull Racing Honda,0.5859886407852173
2005,Red Bull Racing Honda,0.5884224772453308
2006,Red Bull Racing Honda,0.5900978446006775
2007,Red Bull Racing Honda,0.5895305871963501
2008,Red Bull Racing Honda,0.5848878622055054
2009,Red Bull Racing Honda,0.574456512928009
2010,Red Bull Racing Honda,0.5574907064437866
2011,Red Bull Racing Honda,0.5354200601577759
2012,Red Bull Racing Honda,0.5131722688674927
2013,Red Bull Racing Honda,0.4999752640724182
2014,Red Bull Racing Honda,0.5086433291435242
2015,Red Bull Racing Honda,0.5527946949005127
2016,Red Bull Racing Honda,0.643246054649353
2017,Red Bull Racing Honda,0.7857201099395752
2018,Red Bull Racing Honda,0.9795556664466858
2019,Red Bull Racing Honda,1.2937895059585571
2020,Red Bull Racing Honda,1.4444831609725952
2021,Red Bull Racing Honda,1.4940112829208374
2022,Red Bull Racing Honda,1.1802982091903687
2023,Red Bull Racing Honda,0.8624797463417053
2024,Red Bull Racing Honda,0.5726423263549805
2025,Red Bull Racing Honda,0.3602086901664734
2026,Red Bull Racing Honda,0.2623216509819031
2027,Red Bull Racing Honda,0.23842091858386993
2028,Red Bull Racing Honda,0.23267102241516113
2029,Red Bull Racing Honda,0.23129287362098694
2030,Red Bull Racing Honda,0.2309628576040268
1958,Red Bull Racing Honda RBPT,0.507928729057312
1959,Red Bull Racing Honda RBPT,0.6242690086364746
1960,Red Bull Racing Honda RBPT,0.6870570182800293
1961,Red Bull Racing Honda RBPT,0.7088683247566223
1962,Red Bull Racing Honda RBPT,0.7047687768936157
1963,Red Bull Racing Honda RBPT,0.6873380541801453
1964,Red Bull Racing Honda RBPT,0.6653579473495483
1965,Red Bull Racing Honda RBPT,0.644122838973999
1966,Red Bull Racing Honda RBPT,0.6262834072113037
1967,Red Bull Racing Honda RBPT,0.6127203702926636
1968,Red Bull Racing Honda RBPT,0.6032592058181763
1969,Red Bull Racing Honda RBPT,0.5971919298171997
1970,Red Bull Racing Honda RBPT,0.593628466129303
1971,Red Bull Racing Honda RBPT,0.5917115211486816
1972,Red Bull Racing Honda RBPT,0.5907315015792847
1973,Red Bull Racing Honda RBPT,0.5901702642440796
1974,Red Bull Racing Honda RBPT,0.5896987318992615
1975,Red Bull Racing Honda RBPT,0.5891475081443787
1976,Red Bull Racing Honda RBPT,0.5884649753570557
1977,Red Bull Racing Honda RBPT,0.5876744389533997
1978,Red Bull Racing Honda RBPT,0.5868366956710815
1979,Red Bull Racing Honda RBPT,0.586020827293396
1980,Red Bull Racing Honda RBPT,0.5852863192558289
1981,Red Bull Racing Honda RBPT,0.5846728682518005
1982,Red Bull Racing Honda RBPT,0.5841981768608093
1983,Red Bull Racing Honda RBPT,0.583860456943512
1984,Red Bull Racing Honda RBPT,0.5836437940597534
1985,Red Bull Racing Honda RBPT,0.5835236310958862
1986,Red Bull Racing Honda RBPT,0.5834732055664062
1987,Red Bull Racing Honda RBPT,0.5834673643112183
1988,Red Bull Racing Honda RBPT,0.5834859013557434
1989,Red Bull Racing Honda RBPT,0.5835148692131042
1990,Red Bull Racing Honda RBPT,0.5835464596748352
1991,Red Bull Racing Honda RBPT,0.5835776925086975
1992,Red Bull Racing Honda RBPT,0.5836080312728882
1993,Red Bull Racing Honda RBPT,0.5836365818977356
1994,Red Bull Racing Honda RBPT,0.5836584568023682
1995,Red Bull Racing Honda RBPT,0.5836628675460815
1996,Red Bull Racing Honda RBPT,0.5836313962936401
1997,Red Bull Racing Honda RBPT,0.5835402011871338
1998,Red Bull Racing Honda RBPT,0.5833648443222046
1999,Red Bull Racing Honda RBPT,0.5830902457237244
2000,Red Bull Racing Honda RBPT,0.5827234983444214
2001,Red Bull Racing Honda RBPT,0.5823085904121399
2002,Red Bull Racing Honda RBPT,0.5819365978240967
2003,Red Bull Racing Honda RBPT,0.5817461013793945
2004,Red Bull Racing Honda RBPT,0.5819027423858643
2005,Red Bull Racing Honda RBPT,0.5825527310371399
2006,Red Bull Racing Honda RBPT,0.5837449431419373
2007,Red Bull Racing Honda RBPT,0.5853285193443298
2008,Red Bull Racing Honda RBPT,0.5868464708328247
2009,Red Bull Racing Honda RBPT,0.5874620676040649
2010,Red Bull Racing Honda RBPT,0.5859783291816711
2011,Red Bull Racing Honda RBPT,0.5810213088989258
2012,Red Bull Racing Honda RBPT,0.5714633464813232
2013,Red Bull Racing Honda RBPT,0.557125449180603
2014,Red Bull Racing Honda RBPT,0.5397118330001831
2015,Red Bull Racing Honda RBPT,0.5237583518028259
2016,Red Bull Racing Honda RBPT,0.5171271562576294
2017,Red Bull Racing Honda RBPT,0.5304129719734192
2018,Red Bull Racing Honda RBPT,0.5749375820159912
2019,Red Bull Racing Honda RBPT,0.6599017381668091
2020,Red Bull Racing Honda RBPT,0.7892987132072449
2021,Red Bull Racing Honda RBPT,0.9570063352584839
2022,Red Bull Racing Honda RBPT,1.140036940574646
2023,Red Bull Racing Honda RBPT,1.4806042909622192
2024,Red Bull Racing Honda RBPT,1.1232901811599731
2025,Red Bull Racing Honda RBPT,0.4931887984275818
2026,Red Bull Racing Honda RBPT,0.2956509590148926
2027,Red Bull Racing Honda RBPT,0.2464960366487503
2028,Red Bull Racing Honda RBPT,0.23460984230041504
2029,Red Bull Racing Honda RBPT,0.23175735771656036
2030,Red Bull Racing Honda RBPT,0.23107407987117767
1958,Red Bull Racing RBPT,0.5079287886619568
1959,Red Bull Racing RBPT,0.6242690086364746
1960,Red Bull Racing RBPT,0.6870571374893188
1961,Red Bull Racing RBPT,0.7088683247566223
1962,Red Bull Racing RBPT,0.7047687768936157
1963,Red Bull Racing RBPT,0.6873380541801453
1964,Red Bull Racing RBPT,0.6653580069541931
1965,Red Bull Racing RBPT,0.644122838973999
1966,Red Bull Racing RBPT,0.6262834668159485
1967,Red Bull Racing RBPT,0.6127204298973083
1968,Red Bull Racing RBPT,0.6032592058181763
1969,Red Bull Racing RBPT,0.5971919894218445
1970,Red Bull Racing RBPT,0.5936285257339478
1971,Red Bull Racing RBPT,0.5917115211486816
1972,Red Bull Racing RBPT,0.5907314419746399
1973,Red Bull Racing RBPT,0.5901702046394348
1974,Red Bull Racing RBPT,0.5896987318992615
1975,Red Bull Racing RBPT,0.5891475081443787
1976,Red Bull Racing RBPT,0.5884650945663452
1977,Red Bull Racing RBPT,0.5876747369766235
1978,Red Bull Racing RBPT,0.586837112903595
1979,Red Bull Racing RBPT,0.5860214233398438
1980,Red Bull Racing RBPT,0.5852869153022766
1981,Red Bull Racing RBPT,0.5846732258796692
1982,Red Bull Racing RBPT,0.5841980576515198
1983,Red Bull Racing RBPT,0.5838595628738403
1984,Red Bull Racing RBPT,0.5836416482925415
1985,Red Bull Racing RBPT,0.5835202932357788
1986,Red Bull Racing RBPT,0.5834689140319824
1987,Red Bull Racing RBPT,0.5834630727767944
1988,Red Bull Racing RBPT,0.5834832787513733
1989,Red Bull Racing RBPT,0.5835163593292236
1990,Red Bull Racing RBPT,0.583554744720459
1991,Red Bull Racing RBPT,0.5835951566696167
1992,Red Bull Racing RBPT,0.5836353302001953
1993,Red Bull Racing RBPT,0.5836710333824158
1994,Red Bull Racing RBPT,0.583692729473114
1995,Red Bull Racing RBPT,0.5836838483810425
1996,Red Bull Racing RBPT,0.5836208462715149
1997,Red Bull Racing RBPT,0.5834781527519226
1998,Red Bull Racing RBPT,0.5832359790802002
1999,Red Bull Racing RBPT,0.5828940868377686
2000,Red Bull Racing RBPT,0.5824868083000183
2001,Red Bull Racing RBPT,0.5820972323417664
2002,Red Bull Racing RBPT,0.5818619132041931
2003,Red Bull Racing RBPT,0.581958532333374
2004,Red Bull Racing RBPT,0.58256596326828
2005,Red Bull Racing RBPT,0.5837925672531128
2006,Red Bull Racing RBPT,0.5855733156204224
2007,Red Bull Racing RBPT,0.5875526666641235
2008,Red Bull Racing RBPT,0.5889864563941956
2009,Red Bull Racing RBPT,0.5887168049812317
2010,Red Bull Racing RBPT,0.5852953195571899
2011,Red Bull Racing RBPT,0.5773344039916992
2012,Red Bull Racing RBPT,0.5641478300094604
2013,Red Bull Racing RBPT,0.5466681122779846
2014,Red Bull Racing RBPT,0.5284737348556519
2015,Red Bull Racing RBPT,0.5165114402770996
2016,Red Bull Racing RBPT,0.5208555459976196
2017,Red Bull Racing RBPT,0.553008496761322
2018,Red Bull Racing RBPT,0.6231923699378967
2019,Red Bull Racing RBPT,0.7378262281417847
2020,Red Bull Racing RBPT,0.8966571092605591
2021,Red Bull Racing RBPT,1.0878452062606812
2022,Red Bull Racing RBPT,1.444778561592102
2023,Red Bull Racing RBPT,1.1309229135513306
2024,Red Bull Racing RBPT,0.7458198666572571
2025,Red Bull Racing RBPT,0.3602086901664734
2026,Red Bull Racing RBPT,0.2623216509819031
2027,Red Bull Racing RBPT,0.23842091858386993
2028,Red Bull Racing RBPT,0.23267102241516113
2029,Red Bull Racing RBPT,0.23129287362098694
2030,Red Bull Racing RBPT,0.2309628576040268
1958,Red Bull Racing Renault,0.5079287886619568
1959,Red Bull Racing Renault,0.6242690086364746
1960,Red Bull Racing Renault,0.6870570182800293
1961,Red Bull Racing Renault,0.708868145942688
1962,Red Bull Racing Renault,0.7047684788703918
1963,Red Bull Racing Renault,0.6873375773429871
1964,Red Bull Racing Renault,0.6653574705123901
1965,Red Bull Racing Renault,0.644122302532196
1966,Red Bull Racing Renault,0.6262831687927246
1967,Red Bull Racing Renault,0.612720787525177
1968,Red Bull Racing Renault,0.6032604575157166
1969,Red Bull Racing Renault,0.5971943140029907
1970,Red Bull Racing Renault,0.5936318039894104
1971,Red Bull Racing Renault,0.5917152762413025
1972,Red Bull Racing Renault,0.5907343029975891
1973,Red Bull Racing Renault,0.5901702046394348
1974,Red Bull Racing Renault,0.5896932482719421
1975,Red Bull Racing Renault,0.5891338586807251
1976,Red Bull Racing Renault,0.5884414315223694
1977,Red Bull Racing Renault,0.5876413583755493
1978,Red Bull Racing Renault,0.5867980122566223
1979,Red Bull Racing Renault,0.5859854221343994
1980,Red Bull Racing Renault,0.5852677822113037
1981,Red Bull Racing Renault,0.5846880078315735
1982,Red Bull Racing Renault,0.5842624306678772
1983,Red Bull Racing Renault,0.5839797854423523
1984,Red Bull Racing Renault,0.5838040113449097
1985,Red Bull Racing Renault,0.5836789011955261
1986,Red Bull Racing Renault,0.5835359692573547
1987,Red Bull Racing Renault,0.5833077430725098
1988,Red Bull Racing Renault,0.5829455256462097
1989,Red Bull Racing Renault,0.582441508769989
1990,Red Bull Racing Renault,0.5818536877632141
1991,Red Bull Racing Renault,0.5813238620758057
1992,Red Bull Racing Renault,0.5810797810554504
1993,Red Bull Racing Renault,0.581405758857727
1994,Red Bull Racing Renault,0.5825704336166382
1995,Red Bull Racing Renault,0.5847040414810181
1996,Red Bull Racing Renault,0.5876322388648987
1997,Red Bull Racing Renault,0.5906969308853149
1998,Red Bull Racing Renault,0.5926192998886108
1999,Red Bull Racing Renault,0.591498076915741
2000,Red Bull Racing Renault,0.5850624442100525
2001,Red Bull Racing Renault,0.5713134407997131
2002,Red Bull Racing Renault,0.5496453046798706
2003,Red Bull Racing Renault,0.5223917365074158
2004,Red Bull Racing Renault,0.49640601873397827
2005,Red Bull Racing Renault,0.483706533908844
2006,Red Bull Racing Renault,0.499855637550354
2007,Red Bull Racing Renault,0.5599759817123413
2008,Red Bull Racing Renault,0.6751759052276611
2009,Red Bull Racing Renault,0.851951003074646
2010,Red Bull Racing Renault,1.0932518243789673
2011,Red Bull Racing Renault,1.5517860651016235
2012,Red Bull Racing Renault,1.6853159666061401
2013,Red Bull Racing Renault,1.6730691194534302
2014,Red Bull Racing Renault,1.4200276136398315
2015,Red Bull Racing Renault,1.0809367895126343
2016,Red Bull Racing Renault,0.8680105209350586
2017,Red Bull Racing Renault,0.6745387315750122
2018,Red Bull Racing Renault,0.5640261769294739
2019,Red Bull Racing Renault,0.5311038494110107
2020,Red Bull Racing Renault,0.5566571354866028
2021,Red Bull Racing Renault,0.6124795079231262
2022,Red Bull Racing Renault,0.6631509065628052
2023,Red Bull Racing Renault,0.6682392358779907
2024,Red Bull Racing Renault,0.5905689001083374
2025,Red Bull Racing Renault,0.3602086901664734
2026,Red Bull Racing Renault,0.2623216509819031
2027,Red Bull Racing Renault,0.23842091858386993
2028,Red Bull Racing Renault,0.23267102241516113
2029,Red Bull Racing Renault,0.23129287362098694
2030,Red Bull Racing Renault,0.2309628576040268
1958,Red Bull Racing TAG Heuer,0.507928729057312
1959,Red Bull Racing TAG Heuer,0.6242690682411194
1960,Red Bull Racing TAG Heuer,0.6870571374893188
1961,Red Bull Racing TAG Heuer,0.7088683247566223
1962,Red Bull Racing TAG Heuer,0.7047688364982605
1963,Red Bull Racing TAG Heuer,0.6873380541801453
1964,Red Bull Racing TAG Heuer,0.6653579473495483
1965,Red Bull Racing TAG Heuer,0.6441227197647095
1966,Red Bull Racing TAG Heuer,0.6262832880020142
1967,Red Bull Racing TAG Heuer,0.6127201318740845
1968,Red Bull Racing TAG Heuer,0.6032587289810181
1969,Red Bull Racing TAG Heuer,0.5971914529800415
1970,Red Bull Racing TAG Heuer,0.5936281085014343
1971,Red Bull Racing TAG Heuer,0.5917114019393921
1972,Red Bull Racing TAG Heuer,0.5907318592071533
1973,Red Bull Racing TAG Heuer,0.5901713371276855
1974,Red Bull Racing TAG Heuer,0.5897008180618286
1975,Red Bull Racing TAG Heuer,0.5891503691673279
1976,Red Bull Racing TAG Heuer,0.588468074798584
1977,Red Bull Racing TAG Heuer,0.5876767039299011
1978,Red Bull Racing TAG Heuer,0.5868362784385681
1979,Red Bull Racing TAG Heuer,0.5860155820846558
1980,Red Bull Racing TAG Heuer,0.5852740406990051
1981,Red Bull Racing TAG Heuer,0.5846521854400635
1982,Red Bull Racing TAG Heuer,0.5841696858406067
1983,Red Bull Racing TAG Heuer,0.5838280916213989
1984,Red Bull Racing TAG Heuer,0.5836154222488403
1985,Red Bull Racing TAG Heuer,0.5835115909576416
1986,Red Bull Racing TAG Heuer,0.5834919810295105
1987,Red Bull Racing TAG Heuer,0.5835298299789429
1988,Red Bull Racing TAG Heuer,0.583596408367157
1989,Red Bull Racing TAG Heuer,0.5836597681045532
1990,Red Bull Racing TAG Heuer,0.5836842060089111
1991,Red Bull Racing TAG Heuer,0.583631694316864
1992,Red Bull Racing TAG Heuer,0.5834667682647705
1993,Red Bull Racing TAG Heuer,0.5831670165061951
1994,Red Bull Racing TAG Heuer,0.5827385187149048
1995,Red Bull Racing TAG Heuer,0.5822340250015259
1996,Red Bull Racing TAG Heuer,0.5817678570747375
1997,Red Bull Racing TAG Heuer,0.5815193057060242
1998,Red Bull Racing TAG Heuer,0.581713080406189
1999,Red Bull Racing TAG Heuer,0.5825658440589905
2000,Red Bull Racing TAG Heuer,0.5841929316520691
2001,Red Bull Racing TAG Heuer,0.586479902267456
2002,Red Bull Racing TAG Heuer,0.5889412760734558
2003,Red Bull Racing TAG Heuer,0.5906092524528503
2004,Red Bull Racing TAG Heuer,0.5900241136550903
2005,Red Bull Racing TAG Heuer,0.5854183435440063
2006,Red Bull Racing TAG Heuer,0.5751966238021851
2007,Red Bull Racing TAG Heuer,0.5587807297706604
2008,Red Bull Racing TAG Heuer,0.5377852916717529
2009,Red Bull Racing TAG Heuer,0.5172590017318726
2010,Red Bull Racing TAG Heuer,0.5063502788543701
2011,Red Bull Racing TAG Heuer,0.5174545049667358
2012,Red Bull Racing TAG Heuer,0.563422441482544
2013,Red Bull Racing TAG Heuer,0.6541299819946289
2014,Red Bull Racing TAG Heuer,0.7943563461303711
2015,Red Bull Racing TAG Heuer,0.9826914072036743
2016,Red Bull Racing TAG Heuer,1.3058732748031616
2017,Red Bull Racing TAG Heuer,1.3769506216049194
2018,Red Bull Racing TAG Heuer,1.31291925907135
2019,Red Bull Racing TAG Heuer,1.0694509744644165
2020,Red Bull Racing TAG Heuer,0.8547634482383728
2021,Red Bull Racing TAG Heuer,0.7164061665534973
2022,Red Bull Racing TAG Heuer,0.6377626061439514
2023,Red Bull Racing TAG Heuer,0.5804896354675293
2024,Red Bull Racing TAG Heuer,0.4993184804916382
2025,Red Bull Racing TAG Heuer,0.3602086901664734
2026,Red Bull Racing TAG Heuer,0.2623216509819031
2027,Red Bull Racing TAG Heuer,0.23842091858386993
2028,Red Bull Racing TAG Heuer,0.23267102241516113
2029,Red Bull Racing TAG Heuer,0.23129287362098694
2030,Red Bull Racing TAG Heuer,0.2309628576040268
1958,Red Bull Renault,0.507928729057312
1959,Red Bull Renault,0.6242690086364746
1960,Red Bull Renault,0.6870571374893188
1961,Red Bull Renault,0.7088683843612671
1962,Red Bull Renault,0.7047688961029053
1963,Red Bull Renault,0.68733811378479
1964,Red Bull Renault,0.6653581261634827
1965,Red Bull Renault,0.6441228985786438
1966,Red Bull Renault,0.6262834072113037
1967,Red Bull Renault,0.6127200722694397
1968,Red Bull Renault,0.6032581925392151
1969,Red Bull Renault,0.5971901416778564
1970,Red Bull Renault,0.5936257839202881
1971,Red Bull Renault,0.5917078852653503
1972,Red Bull Renault,0.5907269716262817
1973,Red Bull Renault,0.5901653170585632
1974,Red Bull Renault,0.5896939635276794
1975,Red Bull Renault,0.5891435742378235
1976,Red Bull Renault,0.5884619951248169
1977,Red Bull Renault,0.5876715779304504
1978,Red Bull Renault,0.5868310928344727
1979,Red Bull Renault,0.5860070586204529
1980,Red Bull Renault,0.5852553248405457
1981,Red Bull Renault,0.5846121907234192
1982,Red Bull Renault,0.5840929746627808
1983,Red Bull Renault,0.5836959481239319
1984,Red Bull Renault,0.5834087133407593
1985,Red Bull Renault,0.5832157135009766
1986,Red Bull Renault,0.5831031203269958
1987,Red Bull Renault,0.5830609202384949
1988,Red Bull Renault,0.5830802917480469
1989,Red Bull Renault,0.583145797252655
1990,Red Bull Renault,0.5832242965698242
1991,Red Bull Renault,0.5832524299621582
1992,Red Bull Renault,0.583128035068512
1993,Red Bull Renault,0.5827124714851379
1994,Red Bull Renault,0.5818527936935425
1995,Red Bull Renault,0.5804306864738464
1996,Red Bull Renault,0.5784417986869812
1997,Red Bull Renault,0.5760993361473083
1998,Red Bull Renault,0.5739405751228333
1999,Red Bull Renault,0.5728970766067505
2000,Red Bull Renault,0.5742640495300293
2001,Red Bull Renault,0.5794932842254639
2002,Red Bull Renault,0.5897262692451477
2003,Red Bull Renault,0.6049980521202087
2004,Red Bull Renault,0.6230881810188293
2005,Red Bull Renault,0.6381580829620361
2006,Red Bull Renault,0.6396054625511169
2007,Red Bull Renault,0.5893356204032898
2008,Red Bull Renault,0.570993185043335
2009,Red Bull Renault,0.6408236026763916
2010,Red Bull Renault,0.6157822608947754
2011,Red Bull Renault,0.5895852446556091
2012,Red Bull Renault,0.5709570646286011
2013,Red Bull Renault,0.5607284307479858
2014,Red Bull Renault,0.5576133131980896
2015,Red Bull Renault,0.5606415867805481
2016,Red Bull Renault,0.5700108408927917
2017,Red Bull Renault,0.5869519114494324
2018,Red Bull Renault,0.6128466129302979
2019,Red Bull Renault,0.6476999521255493
2020,Red Bull Renault,0.687973141670227
2021,Red Bull Renault,0.7238321900367737
2022,Red Bull Renault,0.7366564869880676
2023,Red Bull Renault,0.6996771097183228
2024,Red Bull Renault,0.5862680077552795
2025,Red Bull Renault,0.3602086901664734
2026,Red Bull Renault,0.2623216509819031
2027,Red Bull Renault,0.23842091858386993
2028,Red Bull Renault,0.23267102241516113
2029,Red Bull Renault,0.23129287362098694
2030,Red Bull Renault,0.2309628576040268
1958,Renault,0.5075526833534241
1959,Renault,0.6236667633056641
1960,Renault,0.6860984563827515
1961,Renault,0.7073720693588257
1962,Renault,0.7025134563446045
1963,Renault,0.684090793132782
1964,Renault,0.6609209775924683
1965,Renault,0.6383931040763855
1966,Renault,0.6193158626556396
1967,Renault,0.6047778725624084
1968,Renault,0.5948249697685242
1969,Renault,0.5889173746109009
1970,Renault,0.5861887335777283
1971,Renault,0.5855499505996704
1972,Renault,0.5856818556785583
1973,Renault,0.5849505662918091
1974,Renault,0.581255316734314
1975,Renault,0.5718085765838623
1976,Renault,0.5529255270957947
1977,Renault,0.5199962854385376
1978,Renault,0.39093416929244995
1979,Renault,0.5680150985717773
1980,Renault,0.7347872257232666
1981,Renault,0.8516517877578735
1982,Renault,0.894355058670044
1983,Renault,0.8826267719268799
1984,Renault,0.759672999382019
1985,Renault,0.6630207300186157
1986,Renault,0.6968125104904175
1987,Renault,0.6528810262680054
1988,Renault,0.6191529631614685
1989,Renault,0.6004828214645386
1990,Renault,0.5942839980125427
1991,Renault,0.5953882336616516
1992,Renault,0.598488986492157
1993,Renault,0.599373459815979
1994,Renault,0.5956025123596191
1995,Renault,0.5869907140731812
1996,Renault,0.5759764313697815
1997,Renault,0.567712664604187
1998,Renault,0.5694901943206787
1999,Renault,0.5890340209007263
2000,Renault,0.6315150260925293
2001,Renault,0.6956750750541687
2002,Renault,0.7591183185577393
2003,Renault,0.8933981657028198
2004,Renault,1.0122722387313843
2005,Renault,1.1154749393463135
2006,Renault,1.0972552299499512
2007,Renault,0.9351831674575806
2008,Renault,0.8027834892272949
2009,Renault,0.6678650379180908
2010,Renault,0.705533504486084
2011,Renault,0.6942849159240723
2012,Renault,0.7144891619682312
2013,Renault,0.6700714826583862
2014,Renault,0.6344194412231445
2015,Renault,0.6094561815261841
2016,Renault,0.5357915759086609
2017,Renault,0.6727734804153442
2018,Renault,0.8195300102233887
2019,Renault,0.8742356300354004
2020,Renault,0.9246234893798828
2021,Renault,0.922126829624176
2022,Renault,0.8402673006057739
2023,Renault,0.7301602363586426
2024,Renault,0.5789551734924316
2025,Renault,0.3602086901664734
2026,Renault,0.2623216509819031
2027,Renault,0.23842091858386993
2028,Renault,0.23267102241516113
2029,Renault,0.23129287362098694
2030,Renault,0.2309628576040268
1958,Rial Ford,0.5079218745231628
1959,Rial Ford,0.6242448687553406
1960,Rial Ford,0.687004804611206
1961,Rial Ford,0.7087770700454712
1962,Rial Ford,0.7046316862106323
1963,Rial Ford,0.6871567964553833
1964,Rial Ford,0.6651477217674255
1965,Rial Ford,0.6439141631126404
1966,Rial Ford,0.6261191964149475
1967,Rial Ford,0.6126436591148376
1968,Rial Ford,0.6032907962799072
1969,Rial Ford,0.5972970128059387
1970,Rial Ford,0.5936768651008606
1971,Rial Ford,0.59144127368927
1972,Rial Ford,0.5897325873374939
1973,Rial Ford,0.5879119634628296
1974,Rial Ford,0.5856237411499023
1975,Rial Ford,0.5828512907028198
1976,Rial Ford,0.5799594521522522
1977,Rial Ford,0.5777012705802917
1978,Rial Ford,0.5771486163139343
1979,Rial Ford,0.5794985294342041
1980,Rial Ford,0.5857152938842773
1981,Rial Ford,0.5959883332252502
1982,Rial Ford,0.6090246438980103
1983,Rial Ford,0.6212460994720459
1984,Rial Ford,0.6260775327682495
1985,Rial Ford,0.6137441396713257
1986,Rial Ford,0.572306752204895
1987,Rial Ford,0.490672767162323
1988,Rial Ford,0.30733004212379456
1989,Rial Ford,0.2500467300415039
1990,Rial Ford,0.4463871121406555
1991,Rial Ford,0.5142932534217834
1992,Rial Ford,0.5612625479698181
1993,Rial Ford,0.5938500761985779
1994,Rial Ford,0.614863932132721
1995,Rial Ford,0.6262354254722595
1996,Rial Ford,0.6298976540565491
1997,Rial Ford,0.6279038190841675
1998,Rial Ford,0.6222732067108154
1999,Rial Ford,0.6147993803024292
2000,Rial Ford,0.6069173216819763
2001,Rial Ford,0.5996487140655518
2002,Rial Ford,0.5936155915260315
2003,Rial Ford,0.5890963077545166
2004,Rial Ford,0.5860999822616577
2005,Rial Ford,0.5844378471374512
2006,Rial Ford,0.583778977394104
2007,Rial Ford,0.5836886167526245
2008,Rial Ford,0.58365797996521
2009,Rial Ford,0.5831401944160461
2010,Rial Ford,0.5816157460212708
2011,Rial Ford,0.5787067413330078
2012,Rial Ford,0.5743508338928223
2013,Rial Ford,0.5690197348594666
2014,Rial Ford,0.5639357566833496
2015,Rial Ford,0.5611890554428101
2016,Rial Ford,0.5636303424835205
2017,Rial Ford,0.5744011998176575
2018,Rial Ford,0.596010148525238
2019,Rial Ford,0.6289011240005493
2020,Rial Ford,0.669458270072937
2021,Rial Ford,0.7074568271636963
2022,Rial Ford,0.7237393856048584
2023,Rial Ford,0.6909185647964478
2024,Rial Ford,0.5816580057144165
2025,Rial Ford,0.3602086901664734
2026,Rial Ford,0.2623216509819031
2027,Rial Ford,0.23842091858386993
2028,Rial Ford,0.23267102241516113
2029,Rial Ford,0.23129287362098694
2030,Rial Ford,0.2309628576040268
1958,STR Cosworth,0.5079287886619568
1959,STR Cosworth,0.6242691278457642
1960,STR Cosworth,0.6870571970939636
1961,STR Cosworth,0.7088683843612671
1962,STR Cosworth,0.7047688364982605
1963,STR Cosworth,0.6873379349708557
1964,STR Cosworth,0.6653577089309692
1965,STR Cosworth,0.6441222429275513
1966,STR Cosworth,0.6262825727462769
1967,STR Cosworth,0.6127191781997681
1968,STR Cosworth,0.6032577753067017
1969,STR Cosworth,0.5971906781196594
1970,STR Cosworth,0.5936276316642761
1971,STR Cosworth,0.5917115807533264
1972,STR Cosworth,0.5907325744628906
1973,STR Cosworth,0.5901721119880676
1974,STR Cosworth,0.5897003412246704
1975,STR Cosworth,0.5891466736793518
1976,STR Cosworth,0.5884581804275513
1977,STR Cosworth,0.5876569747924805
1978,STR Cosworth,0.5868029594421387
1979,STR Cosworth,0.5859659314155579
1980,STR Cosworth,0.5852075219154358
1981,STR Cosworth,0.5845720767974854
1982,STR Cosworth,0.584083616733551
1983,STR Cosworth,0.5837474465370178
1984,STR Cosworth,0.5835524201393127
1985,STR Cosworth,0.5834730267524719
1986,STR Cosworth,0.5834693908691406
1987,STR Cosworth,0.5834875702857971
1988,STR Cosworth,0.5834591388702393
1989,STR Cosworth,0.5833055973052979
1990,STR Cosworth,0.5829490423202515
1991,STR Cosworth,0.582332968711853
1992,STR Cosworth,0.5814532041549683
1993,STR Cosworth,0.5803965330123901
1994,STR Cosworth,0.5793765783309937
1995,STR Cosworth,0.5787516832351685
1996,STR Cosworth,0.5790029764175415
1997,STR Cosworth,0.5806483030319214
1998,STR Cosworth,0.584071934223175
1999,STR Cosworth,0.589265763759613
2000,STR Cosworth,0.5954967737197876
2001,STR Cosworth,0.6009501218795776
2002,STR Cosworth,0.6024467349052429
2003,STR Cosworth,0.5954053401947021
2004,STR Cosworth,0.5743178129196167
2005,STR Cosworth,0.5338972210884094
2006,STR Cosworth,0.41163796186447144
2007,STR Cosworth,0.5382201075553894
2008,STR Cosworth,0.5610425472259521
2009,STR Cosworth,0.5728349089622498
2010,STR Cosworth,0.5799481272697449
2011,STR Cosworth,0.5837676525115967
2012,STR Cosworth,0.5844720005989075
2013,STR Cosworth,0.5824665427207947
2014,STR Cosworth,0.57900071144104
2015,STR Cosworth,0.5763627886772156
2016,STR Cosworth,0.5777302980422974
2017,STR Cosworth,0.5866312980651855
2018,STR Cosworth,0.6059554815292358
2019,STR Cosworth,0.6364758014678955
2020,STR Cosworth,0.6748247146606445
2021,STR Cosworth,0.7109359502792358
2022,STR Cosworth,0.7257346510887146
2023,STR Cosworth,0.6918641328811646
2024,STR Cosworth,0.5819790959358215
2025,STR Cosworth,0.3602086901664734
2026,STR Cosworth,0.2623216509819031
2027,STR Cosworth,0.23842091858386993
2028,STR Cosworth,0.23267102241516113
2029,STR Cosworth,0.23129287362098694
2030,STR Cosworth,0.2309628576040268
1958,STR Ferrari,0.507928729057312
1959,STR Ferrari,0.6242690086364746
1960,STR Ferrari,0.6870570778846741
1961,STR Ferrari,0.7088683843612671
1962,STR Ferrari,0.7047688961029053
1963,STR Ferrari,0.6873381733894348
1964,STR Ferrari,0.6653580665588379
1965,STR Ferrari,0.6441227793693542
1966,STR Ferrari,0.6262830495834351
1967,STR Ferrari,0.6127194166183472
1968,STR Ferrari,0.6032573580741882
1969,STR Ferrari,0.5971890091896057
1970,STR Ferrari,0.5936244130134583
1971,STR Ferrari,0.5917063355445862
1972,STR Ferrari,0.5907255411148071
1973,STR Ferrari,0.5901639461517334
1974,STR Ferrari,0.5896925926208496
1975,STR Ferrari,0.5891414880752563
1976,STR Ferrari,0.5884580016136169
1977,STR Ferrari,0.5876634120941162
1978,STR Ferrari,0.5868152379989624
1979,STR Ferrari,0.5859789848327637
1980,STR Ferrari,0.5852097868919373
1981,STR Ferrari,0.5845439434051514
1982,STR Ferrari,0.5839980244636536
1983,STR Ferrari,0.5835723876953125
1984,STR Ferrari,0.5832577347755432
1985,STR Ferrari,0.5830407738685608
1986,STR Ferrari,0.5829074382781982
1987,STR Ferrari,0.582841157913208
1988,STR Ferrari,0.5828169584274292
1989,STR Ferrari,0.582790195941925
1990,STR Ferrari,0.5826839208602905
1991,STR Ferrari,0.5823788046836853
1992,STR Ferrari,0.5817137956619263
1993,STR Ferrari,0.580504834651947
1994,STR Ferrari,0.5785918235778809
1995,STR Ferrari,0.5759169459342957
1996,STR Ferrari,0.5726326107978821
1997,STR Ferrari,0.569220244884491
1998,STR Ferrari,0.5665839314460754
1999,STR Ferrari,0.5660629272460938
2000,STR Ferrari,0.5692856311798096
2001,STR Ferrari,0.5777817368507385
2002,STR Ferrari,0.5922592878341675
2003,STR Ferrari,0.6114555597305298
2004,STR Ferrari,0.6305146217346191
2005,STR Ferrari,0.6391782164573669
2006,STR Ferrari,0.6209685802459717
2007,STR Ferrari,0.5177314877510071
2008,STR Ferrari,0.504218339920044
2009,STR Ferrari,0.41367626190185547
2010,STR Ferrari,0.4053295850753784
2011,STR Ferrari,0.42830443382263184
2012,STR Ferrari,0.4383136034011841
2013,STR Ferrari,0.4953393340110779
2014,STR Ferrari,0.6132459044456482
2015,STR Ferrari,0.6300403475761414
2016,STR Ferrari,0.63528972864151
2017,STR Ferrari,0.6428176164627075
2018,STR Ferrari,0.6593030095100403
2019,STR Ferrari,0.6864003539085388
2020,STR Ferrari,0.7205667495727539
2021,STR Ferrari,0.7513511180877686
2022,STR Ferrari,0.759446382522583
2023,STR Ferrari,0.7176476716995239
2024,STR Ferrari,0.5993029475212097
2025,STR Ferrari,0.3602086901664734
2026,STR Ferrari,0.2623216509819031
2027,STR Ferrari,0.23842091858386993
2028,STR Ferrari,0.23267102241516113
2029,STR Ferrari,0.23129287362098694
2030,STR Ferrari,0.2309628576040268
1958,STR Renault,0.5079287886619568
1959,STR Renault,0.6242690086364746
1960,STR Renault,0.6870570182800293
1961,STR Renault,0.7088683247566223
1962,STR Renault,0.7047687768936157
1963,STR Renault,0.6873379945755005
1964,STR Renault,0.6653578877449036
1965,STR Renault,0.6441227793693542
1966,STR Renault,0.6262834072113037
1967,STR Renault,0.6127203702926636
1968,STR Renault,0.6032592058181763
1969,STR Renault,0.5971919894218445
1970,STR Renault,0.5936285853385925
1971,STR Renault,0.591711699962616
1972,STR Renault,0.5907315611839294
1973,STR Renault,0.5901702046394348
1974,STR Renault,0.5896984338760376
1975,STR Renault,0.5891467332839966
1976,STR Renault,0.5884634852409363
1977,STR Renault,0.5876721739768982
1978,STR Renault,0.5868333578109741
1979,STR Renault,0.5860165357589722
1980,STR Renault,0.5852811932563782
1981,STR Renault,0.5846671462059021
1982,STR Renault,0.5841923952102661
1983,STR Renault,0.583854615688324
1984,STR Renault,0.5836372971534729
1985,STR Renault,0.5835144519805908
1986,STR Renault,0.5834569931030273
1987,STR Renault,0.5834369659423828
1988,STR Renault,0.5834310054779053
1989,STR Renault,0.5834222435951233
1990,STR Renault,0.5834014415740967
1991,STR Renault,0.583367109298706
1992,STR Renault,0.5833236575126648
1993,STR Renault,0.5832787752151489
1994,STR Renault,0.5832392573356628
1995,STR Renault,0.5832042694091797
1996,STR Renault,0.5831582546234131
1997,STR Renault,0.5830636620521545
1998,STR Renault,0.5828570127487183
1999,STR Renault,0.5824517011642456
2000,STR Renault,0.5817524194717407
2001,STR Renault,0.5806847810745239
2002,STR Renault,0.579243004322052
2003,STR Renault,0.5775500535964966
2004,STR Renault,0.5759201645851135
2005,STR Renault,0.574900209903717
2006,STR Renault,0.5752565860748291
2007,STR Renault,0.5778635144233704
2008,STR Renault,0.5834468603134155
2009,STR Renault,0.5921385884284973
2010,STR Renault,0.6028128862380981
2011,STR Renault,0.6122283339500427
2012,STR Renault,0.6141784191131592
2013,STR Renault,0.5990957617759705
2014,STR Renault,0.5168072581291199
2015,STR Renault,0.543408215045929
2016,STR Renault,0.6213747262954712
2017,STR Renault,0.6130740642547607
2018,STR Renault,0.61310875415802
2019,STR Renault,0.6316938996315002
2020,STR Renault,0.6661850214004517
2021,STR Renault,0.7042309045791626
2022,STR Renault,0.7239187955856323
2023,STR Renault,0.6954748034477234
2024,STR Renault,0.5897878408432007
2025,STR Renault,0.3602086901664734
2026,STR Renault,0.2623216509819031
2027,STR Renault,0.23842091858386993
2028,STR Renault,0.23267102241516113
2029,STR Renault,0.23129287362098694
2030,STR Renault,0.2309628576040268
1958,Sauber,0.5079277753829956
1959,Sauber,0.6242683529853821
1960,Sauber,0.687056839466095
1961,Sauber,0.7088683843612671
1962,Sauber,0.7047683000564575
1963,Sauber,0.6873352527618408
1964,Sauber,0.6653499603271484
1965,Sauber,0.6441053152084351
1966,Sauber,0.6262513399124146
1967,Sauber,0.6126682758331299
1968,Sauber,0.6031825542449951
1969,Sauber,0.5970890522003174
1970,Sauber,0.5935019254684448
1971,Sauber,0.5915693044662476
1972,Sauber,0.5905853509902954
1973,Sauber,0.5900323390960693
1974,Sauber,0.5895731449127197
1975,Sauber,0.5890181660652161
1976,Sauber,0.5882802605628967
1977,Sauber,0.5873329639434814
1978,Sauber,0.5861797332763672
1979,Sauber,0.5848410725593567
1980,Sauber,0.5833621621131897
1981,Sauber,0.58183753490448
1982,Sauber,0.5804449915885925
1983,Sauber,0.579474151134491
1984,Sauber,0.5793288350105286
1985,Sauber,0.5804780125617981
1986,Sauber,0.583331286907196
1987,Sauber,0.5880200862884521
1988,Sauber,0.5940802097320557
1989,Sauber,0.6000552773475647
1990,Sauber,0.6030895709991455
1991,Sauber,0.5986769795417786
1992,Sauber,0.5807474255561829
1993,Sauber,0.5006182789802551
1994,Sauber,0.5918291807174683
1995,Sauber,0.5915422439575195
1996,Sauber,0.5856268405914307
1997,Sauber,0.5816376209259033
1998,Sauber,0.5808877348899841
1999,Sauber,0.58263099193573
2000,Sauber,0.5856369733810425
2001,Sauber,0.5888170003890991
2002,Sauber,0.5914344191551208
2003,Sauber,0.5931230783462524
2004,Sauber,0.593816876411438
2005,Sauber,0.5936392545700073
2006,Sauber,0.5927833318710327
2007,Sauber,0.5914027690887451
2008,Sauber,0.5895348191261292
2009,Sauber,0.5870715379714966
2010,Sauber,0.5837981104850769
2011,Sauber,0.579508900642395
2012,Sauber,0.5742017030715942
2013,Sauber,0.5683267116546631
2014,Sauber,0.5630338788032532
2015,Sauber,0.5603190064430237
2016,Sauber,0.5629370212554932
2017,Sauber,0.5739468932151794
2018,Sauber,0.5957943797111511
2019,Sauber,0.6288829445838928
2020,Sauber,0.6695765256881714
2021,Sauber,0.7076460123062134
2022,Sauber,0.7239397168159485
2023,Sauber,0.691082775592804
2024,Sauber,0.5817570090293884
2025,Sauber,0.3602086901664734
2026,Sauber,0.2623216509819031
2027,Sauber,0.23842091858386993
2028,Sauber,0.23267102241516113
2029,Sauber,0.23129287362098694
2030,Sauber,0.2309628576040268
1958,Sauber BMW,0.5079286694526672
1959,Sauber BMW,0.6242688894271851
1960,Sauber BMW,0.6870568990707397
1961,Sauber BMW,0.7088682651519775
1962,Sauber BMW,0.7047688961029053
1963,Sauber BMW,0.6873382925987244
1964,Sauber BMW,0.6653584241867065
1965,Sauber BMW,0.6441234350204468
1966,Sauber BMW,0.626284122467041
1967,Sauber BMW,0.6127207279205322
1968,Sauber BMW,0.603258490562439
1969,Sauber BMW,0.5971893668174744
1970,Sauber BMW,0.593623161315918
1971,Sauber BMW,0.5917027592658997
1972,Sauber BMW,0.5907188057899475
1973,Sauber BMW,0.5901543498039246
1974,Sauber BMW,0.5896813869476318
1975,Sauber BMW,0.5891316533088684
1976,Sauber BMW,0.5884541869163513
1977,Sauber BMW,0.5876716375350952
1978,Sauber BMW,0.5868417024612427
1979,Sauber BMW,0.5860276222229004
1980,Sauber BMW,0.5852785110473633
1981,Sauber BMW,0.5846213698387146
1982,Sauber BMW,0.5840597152709961
1983,Sauber BMW,0.5835806727409363
1984,Sauber BMW,0.5831654667854309
1985,Sauber BMW,0.5828027129173279
1986,Sauber BMW,0.5824992656707764
1987,Sauber BMW,0.5822868347167969
1988,Sauber BMW,0.58221834897995
1989,Sauber BMW,0.5823506712913513
1990,Sauber BMW,0.5827122330665588
1991,Sauber BMW,0.5832558274269104
1992,Sauber BMW,0.5838060975074768
1993,Sauber BMW,0.5840179920196533
1994,Sauber BMW,0.5833719372749329
1995,Sauber BMW,0.5812415480613708
1996,Sauber BMW,0.5770667195320129
1997,Sauber BMW,0.5706583261489868
1998,Sauber BMW,0.562620222568512
1999,Sauber BMW,0.5548151135444641
2000,Sauber BMW,0.550693154335022
2001,Sauber BMW,0.5551968812942505
2002,Sauber BMW,0.5739031434059143
2003,Sauber BMW,0.6111755967140198
2004,Sauber BMW,0.6673771739006042
2005,Sauber BMW,0.7353525757789612
2006,Sauber BMW,0.778466522693634
2007,Sauber BMW,0.9100677371025085
2008,Sauber BMW,0.8993749618530273
2009,Sauber BMW,0.7644738554954529
2010,Sauber BMW,0.743492841720581
2011,Sauber BMW,0.6556516885757446
2012,Sauber BMW,0.5893368124961853
2013,Sauber BMW,0.5496219396591187
2014,Sauber BMW,0.5331906676292419
2015,Sauber BMW,0.5348271727561951
2016,Sauber BMW,0.5501810312271118
2017,Sauber BMW,0.5765173435211182
2018,Sauber BMW,0.6121857166290283
2019,Sauber BMW,0.6551744341850281
2020,Sauber BMW,0.7008625268936157
2021,Sauber BMW,0.739072322845459
2022,Sauber BMW,0.7513431310653687
2023,Sauber BMW,0.7114344239234924
2024,Sauber BMW,0.5936240553855896
2025,Sauber BMW,0.3602086901664734
2026,Sauber BMW,0.2623216509819031
2027,Sauber BMW,0.23842091858386993
2028,Sauber BMW,0.23267102241516113
2029,Sauber BMW,0.23129287362098694
2030,Sauber BMW,0.2309628576040268
1958,Sauber Ferrari,0.507928729057312
1959,Sauber Ferrari,0.6242690086364746
1960,Sauber Ferrari,0.6870570182800293
1961,Sauber Ferrari,0.7088682651519775
1962,Sauber Ferrari,0.7047687768936157
1963,Sauber Ferrari,0.6873379945755005
1964,Sauber Ferrari,0.6653579473495483
1965,Sauber Ferrari,0.644122838973999
1966,Sauber Ferrari,0.6262834668159485
1967,Sauber Ferrari,0.6127204298973083
1968,Sauber Ferrari,0.6032591462135315
1969,Sauber Ferrari,0.5971916913986206
1970,Sauber Ferrari,0.5936278700828552
1971,Sauber Ferrari,0.5917102098464966
1972,Sauber Ferrari,0.590729296207428
1973,Sauber Ferrari,0.5901668071746826
1974,Sauber Ferrari,0.5896939039230347
1975,Sauber Ferrari,0.5891411304473877
1976,Sauber Ferrari,0.5884570479393005
1977,Sauber Ferrari,0.5876650810241699
1978,Sauber Ferrari,0.5868257880210876
1979,Sauber Ferrari,0.5860077738761902
1980,Sauber Ferrari,0.5852692127227783
1981,Sauber Ferrari,0.5846477746963501
1982,Sauber Ferrari,0.5841581225395203
1983,Sauber Ferrari,0.5837945938110352
1984,Sauber Ferrari,0.5835366249084473
1985,Sauber Ferrari,0.5833559036254883
1986,Sauber Ferrari,0.5832227468490601
1987,Sauber Ferrari,0.5831120610237122
1988,Sauber Ferrari,0.5830069780349731
1989,Sauber Ferrari,0.5828996896743774
1990,Sauber Ferrari,0.5827893614768982
1991,Sauber Ferrari,0.582675576210022
1992,Sauber Ferrari,0.5825479030609131
1993,Sauber Ferrari,0.5823723673820496
1994,Sauber Ferrari,0.5820778012275696
1995,Sauber Ferrari,0.5815461874008179
1996,Sauber Ferrari,0.5806154608726501
1997,Sauber Ferrari,0.5791025757789612
1998,Sauber Ferrari,0.5768556594848633
1999,Sauber Ferrari,0.5738407969474792
2000,Sauber Ferrari,0.5702584981918335
2001,Sauber Ferrari,0.5666719675064087
2002,Sauber Ferrari,0.5641059279441833
2003,Sauber Ferrari,0.5640493035316467
2004,Sauber Ferrari,0.5682670474052429
2005,Sauber Ferrari,0.5782977938652039
2006,Sauber Ferrari,0.5944923758506775
2007,Sauber Ferrari,0.6144605875015259
2008,Sauber Ferrari,0.6310313940048218
2009,Sauber Ferrari,0.6305748224258423
2010,Sauber Ferrari,0.5529374480247498
2011,Sauber Ferrari,0.585013747215271
2012,Sauber Ferrari,0.6135305166244507
2013,Sauber Ferrari,0.5409182906150818
2014,Sauber Ferrari,0.43103593587875366
2015,Sauber Ferrari,0.4108239412307739
2016,Sauber Ferrari,0.37092405557632446
2017,Sauber Ferrari,0.39623111486434937
2018,Sauber Ferrari,0.5031867027282715
2019,Sauber Ferrari,0.6639589667320251
2020,Sauber Ferrari,0.7287634611129761
2021,Sauber Ferrari,0.7701621055603027
2022,Sauber Ferrari,0.7797636389732361
2023,Sauber Ferrari,0.7358849048614502
2024,Sauber Ferrari,0.614913284778595
2025,Sauber Ferrari,0.3602086901664734
2026,Sauber Ferrari,0.2623216509819031
2027,Sauber Ferrari,0.23842091858386993
2028,Sauber Ferrari,0.23267102241516113
2029,Sauber Ferrari,0.23129287362098694
2030,Sauber Ferrari,0.2309628576040268
1958,Sauber Ford,0.507926881313324
1959,Sauber Ford,0.6242667436599731
1960,Sauber Ford,0.6870547533035278
1961,Sauber Ford,0.7088661789894104
1962,Sauber Ford,0.7047671675682068
1963,Sauber Ford,0.6873366832733154
1964,Sauber Ford,0.665355920791626
1965,Sauber Ford,0.6441176533699036
1966,Sauber Ford,0.6262707114219666
1967,Sauber Ford,0.6126936674118042
1968,Sauber Ford,0.6032095551490784
1969,Sauber Ford,0.5971095561981201
1970,Sauber Ford,0.5935041308403015
1971,Sauber Ford,0.5915392637252808
1972,Sauber Ford,0.5905112624168396
1973,Sauber Ford,0.5899102687835693
1974,Sauber Ford,0.5894151926040649
1975,Sauber Ford,0.5888596177101135
1976,Sauber Ford,0.5881843566894531
1977,Sauber Ford,0.5873863697052002
1978,Sauber Ford,0.5864756107330322
1979,Sauber Ford,0.5854438543319702
1980,Sauber Ford,0.5842538475990295
1981,Sauber Ford,0.5828502178192139
1982,Sauber Ford,0.5811957716941833
1983,Sauber Ford,0.5793284773826599
1984,Sauber Ford,0.5774319171905518
1985,Sauber Ford,0.5758988261222839
1986,Sauber Ford,0.5753591060638428
1987,Sauber Ford,0.5766338109970093
1988,Sauber Ford,0.580570638179779
1989,Sauber Ford,0.587721586227417
1990,Sauber Ford,0.5978321433067322
1991,Sauber Ford,0.6091395616531372
1992,Sauber Ford,0.6175450086593628
1993,Sauber Ford,0.615924596786499
1994,Sauber Ford,0.5940952897071838
1995,Sauber Ford,0.5001022815704346
1996,Sauber Ford,0.5124405026435852
1997,Sauber Ford,0.6063989400863647
1998,Sauber Ford,0.6025072932243347
1999,Sauber Ford,0.5931334495544434
2000,Sauber Ford,0.5871952176094055
2001,Sauber Ford,0.5860366225242615
2002,Sauber Ford,0.5884151458740234
2003,Sauber Ford,0.5925308465957642
2004,Sauber Ford,0.5968314409255981
2005,Sauber Ford,0.600257158279419
2006,Sauber Ford,0.602226972579956
2007,Sauber Ford,0.6025155186653137
2008,Sauber Ford,0.6011018753051758
2009,Sauber Ford,0.5980436205863953
2010,Sauber Ford,0.5934155583381653
2011,Sauber Ford,0.5873400568962097
2012,Sauber Ford,0.580117404460907
2013,Sauber Ford,0.5724361538887024
2014,Sauber Ford,0.5656039714813232
2015,Sauber Ford,0.5616956353187561
2016,Sauber Ford,0.5634791851043701
2017,Sauber Ford,0.5739791393280029
2018,Sauber Ford,0.5955783128738403
2019,Sauber Ford,0.6286052465438843
2020,Sauber Ford,0.6693511009216309
2021,Sauber Ford,0.7075245380401611
2022,Sauber Ford,0.723926305770874
2023,Sauber Ford,0.6911493539810181
2024,Sauber Ford,0.5818583965301514
2025,Sauber Ford,0.3602086901664734
2026,Sauber Ford,0.2623216509819031
2027,Sauber Ford,0.23842091858386993
2028,Sauber Ford,0.23267102241516113
2029,Sauber Ford,0.23129287362098694
2030,Sauber Ford,0.2309628576040268
1958,Sauber Mercedes,0.5079278945922852
1959,Sauber Mercedes,0.6242685317993164
1960,Sauber Mercedes,0.6870572566986084
1961,Sauber Mercedes,0.7088690996170044
1962,Sauber Mercedes,0.7047696113586426
1963,Sauber Mercedes,0.6873374581336975
1964,Sauber Mercedes,0.665353536605835
1965,Sauber Mercedes,0.6441106796264648
1966,Sauber Mercedes,0.6262589693069458
1967,Sauber Mercedes,0.6126784682273865
1968,Sauber Mercedes,0.6031955480575562
1969,Sauber Mercedes,0.5971049666404724
1970,Sauber Mercedes,0.5935208201408386
1971,Sauber Mercedes,0.5915912389755249
1972,Sauber Mercedes,0.5906115174293518
1973,Sauber Mercedes,0.5900652408599854
1974,Sauber Mercedes,0.5896176695823669
1975,Sauber Mercedes,0.5890820026397705
1976,Sauber Mercedes,0.5883743762969971
1977,Sauber Mercedes,0.5874700546264648
1978,Sauber Mercedes,0.5863715410232544
1979,Sauber Mercedes,0.5850932002067566
1980,Sauber Mercedes,0.5836662650108337
1981,Sauber Mercedes,0.5821616649627686
1982,Sauber Mercedes,0.5807238817214966
1983,Sauber Mercedes,0.5796020030975342
1984,Sauber Mercedes,0.5791599154472351
1985,Sauber Mercedes,0.5798416137695312
1986,Sauber Mercedes,0.5820693373680115
1987,Sauber Mercedes,0.5860579013824463
1988,Sauber Mercedes,0.5915431380271912
1989,Sauber Mercedes,0.5974450707435608
1990,Sauber Mercedes,0.6015192866325378
1991,Sauber Mercedes,0.6001102924346924
1992,Sauber Mercedes,0.5882209539413452
1993,Sauber Mercedes,0.5600749850273132
1994,Sauber Mercedes,0.4605182409286499
1995,Sauber Mercedes,0.5680373311042786
1996,Sauber Mercedes,0.578068733215332
1997,Sauber Mercedes,0.5802803635597229
1998,Sauber Mercedes,0.5819127559661865
1999,Sauber Mercedes,0.5844671726226807
2000,Sauber Mercedes,0.587637722492218
2001,Sauber Mercedes,0.5907277464866638
2002,Sauber Mercedes,0.5931723713874817
2003,Sauber Mercedes,0.5946801900863647
2004,Sauber Mercedes,0.5952131152153015
2005,Sauber Mercedes,0.5948987603187561
2006,Sauber Mercedes,0.593923032283783
2007,Sauber Mercedes,0.5924302339553833
2008,Sauber Mercedes,0.5904498100280762
2009,Sauber Mercedes,0.5878704786300659
2010,Sauber Mercedes,0.5844776034355164
2011,Sauber Mercedes,0.5800693035125732
2012,Sauber Mercedes,0.574647843837738
2013,Sauber Mercedes,0.56866854429245
2014,Sauber Mercedes,0.5632849335670471
2015,Sauber Mercedes,0.560495138168335
2016,Sauber Mercedes,0.5630544424057007
2017,Sauber Mercedes,0.5740211606025696
2018,Sauber Mercedes,0.5958389043807983
2019,Sauber Mercedes,0.6289085745811462
2020,Sauber Mercedes,0.6695913076400757
2021,Sauber Mercedes,0.7076554298400879
2022,Sauber Mercedes,0.7239468097686768
2023,Sauber Mercedes,0.6910889148712158
2024,Sauber Mercedes,0.581762433052063
2025,Sauber Mercedes,0.3602086901664734
2026,Sauber Mercedes,0.2623216509819031
2027,Sauber Mercedes,0.23842091858386993
2028,Sauber Mercedes,0.23267102241516113
2029,Sauber Mercedes,0.23129287362098694
2030,Sauber Mercedes,0.2309628576040268
1958,Sauber Petronas,0.5079277157783508
1959,Sauber Petronas,0.6242672204971313
1960,Sauber Petronas,0.6870543956756592
1961,Sauber Petronas,0.7088646292686462
1962,Sauber Petronas,0.7047640085220337
1963,Sauber Petronas,0.687332272529602
1964,Sauber Petronas,0.665351390838623
1965,Sauber Petronas,0.6441149711608887
1966,Sauber Petronas,0.6262732744216919
1967,Sauber Petronas,0.6127053499221802
1968,Sauber Petronas,0.6032342314720154
1969,Sauber Petronas,0.5971493124961853
1970,Sauber Petronas,0.593556821346283
1971,Sauber Petronas,0.5915961861610413
1972,Sauber Petronas,0.5905554294586182
1973,Sauber Petronas,0.5899159908294678
1974,Sauber Petronas,0.5893511772155762
1975,Sauber Petronas,0.5886962413787842
1976,Sauber Petronas,0.5879056453704834
1977,Sauber Petronas,0.5870060920715332
1978,Sauber Petronas,0.5860528349876404
1979,Sauber Petronas,0.5850924849510193
1980,Sauber Petronas,0.5841353535652161
1981,Sauber Petronas,0.5831384062767029
1982,Sauber Petronas,0.5820028781890869
1983,Sauber Petronas,0.5805888772010803
1984,Sauber Petronas,0.5787526965141296
1985,Sauber Petronas,0.576407253742218
1986,Sauber Petronas,0.5736048221588135
1987,Sauber Petronas,0.5706313848495483
1988,Sauber Petronas,0.568088710308075
1989,Sauber Petronas,0.5669254064559937
1990,Sauber Petronas,0.5683614611625671
1991,Sauber Petronas,0.5736347436904907
1992,Sauber Petronas,0.5834816694259644
1993,Sauber Petronas,0.5972519516944885
1994,Sauber Petronas,0.6115831136703491
1995,Sauber Petronas,0.6188070178031921
1996,Sauber Petronas,0.6059470176696777
1997,Sauber Petronas,0.5192450284957886
1998,Sauber Petronas,0.5292204022407532
1999,Sauber Petronas,0.5114836096763611
2000,Sauber Petronas,0.542208194732666
2001,Sauber Petronas,0.6344096064567566
2002,Sauber Petronas,0.6456269025802612
2003,Sauber Petronas,0.6284430027008057
2004,Sauber Petronas,0.6133902072906494
2005,Sauber Petronas,0.5872527360916138
2006,Sauber Petronas,0.6728458404541016
2007,Sauber Petronas,0.6628758907318115
2008,Sauber Petronas,0.6473910808563232
2009,Sauber Petronas,0.6345509886741638
2010,Sauber Petronas,0.6256300210952759
2011,Sauber Petronas,0.6192461252212524
2012,Sauber Petronas,0.6135949492454529
2013,Sauber Petronas,0.607585072517395
2014,Sauber Petronas,0.6013663411140442
2015,Sauber Petronas,0.5964789390563965
2016,Sauber Petronas,0.5956551432609558
2017,Sauber Petronas,0.6022229194641113
2018,Sauber Petronas,0.6190508604049683
2019,Sauber Petronas,0.6470016241073608
2020,Sauber Petronas,0.682842493057251
2021,Sauber Petronas,0.7166388034820557
2022,Sauber Petronas,0.7294201254844666
2023,Sauber Petronas,0.6939125657081604
2024,Sauber Petronas,0.5828385353088379
2025,Sauber Petronas,0.3602086901664734
2026,Sauber Petronas,0.2623216509819031
2027,Sauber Petronas,0.23842091858386993
2028,Sauber Petronas,0.23267102241516113
2029,Sauber Petronas,0.23129287362098694
2030,Sauber Petronas,0.2309628576040268
1958,Scuderia Toro Rosso Honda,0.507928729057312
1959,Scuderia Toro Rosso Honda,0.6242690086364746
1960,Scuderia Toro Rosso Honda,0.6870571374893188
1961,Scuderia Toro Rosso Honda,0.7088683247566223
1962,Scuderia Toro Rosso Honda,0.7047687768936157
1963,Scuderia Toro Rosso Honda,0.6873380541801453
1964,Scuderia Toro Rosso Honda,0.6653580069541931
1965,Scuderia Toro Rosso Honda,0.644122838973999
1966,Scuderia Toro Rosso Honda,0.6262834072113037
1967,Scuderia Toro Rosso Honda,0.6127203702926636
1968,Scuderia Toro Rosso Honda,0.6032591462135315
1969,Scuderia Toro Rosso Honda,0.5971919298171997
1970,Scuderia Toro Rosso Honda,0.593628466129303
1971,Scuderia Toro Rosso Honda,0.5917115807533264
1972,Scuderia Toro Rosso Honda,0.5907316207885742
1973,Scuderia Toro Rosso Honda,0.5901704430580139
1974,Scuderia Toro Rosso Honda,0.5896990299224854
1975,Scuderia Toro Rosso Honda,0.5891478061676025
1976,Scuderia Toro Rosso Honda,0.58846515417099
1977,Scuderia Toro Rosso Honda,0.5876743197441101
1978,Scuderia Toro Rosso Honda,0.5868358612060547
1979,Scuderia Toro Rosso Honda,0.5860192179679871
1980,Scuderia Toro Rosso Honda,0.5852835774421692
1981,Scuderia Toro Rosso Honda,0.5846689939498901
1982,Scuderia Toro Rosso Honda,0.5841934680938721
1983,Scuderia Toro Rosso Honda,0.5838557481765747
1984,Scuderia Toro Rosso Honda,0.5836400389671326
1985,Scuderia Toro Rosso Honda,0.5835224390029907
1986,Scuderia Toro Rosso Honda,0.5834754705429077
1987,Scuderia Toro Rosso Honda,0.5834731459617615
1988,Scuderia Toro Rosso Honda,0.5834932327270508
1989,Scuderia Toro Rosso Honda,0.583518385887146
1990,Scuderia Toro Rosso Honda,0.5835365653038025
1991,Scuderia Toro Rosso Honda,0.5835403800010681
1992,Scuderia Toro Rosso Honda,0.5835263133049011
1993,Scuderia Toro Rosso Honda,0.5834932923316956
1994,Scuderia Toro Rosso Honda,0.5834423303604126
1995,Scuderia Toro Rosso Honda,0.5833751559257507
1996,Scuderia Toro Rosso Honda,0.5832936763763428
1997,Scuderia Toro Rosso Honda,0.5831993222236633
1998,Scuderia Toro Rosso Honda,0.5830908417701721
1999,Scuderia Toro Rosso Honda,0.5829625129699707
2000,Scuderia Toro Rosso Honda,0.5828014016151428
2001,Scuderia Toro Rosso Honda,0.5825848579406738
2002,Scuderia Toro Rosso Honda,0.5822780728340149
2003,Scuderia Toro Rosso Honda,0.5818355679512024
2004,Scuderia Toro Rosso Honda,0.5812062621116638
2005,Scuderia Toro Rosso Honda,0.5803466439247131
2006,Scuderia Toro Rosso Honda,0.5792416334152222
2007,Scuderia Toro Rosso Honda,0.5779339671134949
2008,Scuderia Toro Rosso Honda,0.576558530330658
2009,Scuderia Toro Rosso Honda,0.575372040271759
2010,Scuderia Toro Rosso Honda,0.5747627019882202
2011,Scuderia Toro Rosso Honda,0.5752162337303162
2012,Scuderia Toro Rosso Honda,0.5772020816802979
2013,Scuderia Toro Rosso Honda,0.5809343457221985
2014,Scuderia Toro Rosso Honda,0.5859529376029968
2015,Scuderia Toro Rosso Honda,0.5904904007911682
2016,Scuderia Toro Rosso Honda,0.5907196402549744
2017,Scuderia Toro Rosso Honda,0.58009272813797
2018,Scuderia Toro Rosso Honda,0.49577879905700684
2019,Scuderia Toro Rosso Honda,0.6122050285339355
2020,Scuderia Toro Rosso Honda,0.7207735776901245
2021,Scuderia Toro Rosso Honda,0.7375990152359009
2022,Scuderia Toro Rosso Honda,0.7303602695465088
2023,Scuderia Toro Rosso Honda,0.6836093068122864
2024,Scuderia Toro Rosso Honda,0.5727252960205078
2025,Scuderia Toro Rosso Honda,0.3602086901664734
2026,Scuderia Toro Rosso Honda,0.2623216509819031
2027,Scuderia Toro Rosso Honda,0.23842091858386993
2028,Scuderia Toro Rosso Honda,0.23267102241516113
2029,Scuderia Toro Rosso Honda,0.23129287362098694
2030,Scuderia Toro Rosso Honda,0.2309628576040268
1958,Shadow Ford,0.5063291192054749
1959,Shadow Ford,0.621391773223877
1960,Shadow Ford,0.682280421257019
1961,Shadow Ford,0.7015290260314941
1962,Shadow Ford,0.6943814754486084
1963,Shadow Ford,0.6739194989204407
1964,Shadow Ford,0.6498069763183594
1965,Shadow Ford,0.6285615563392639
1966,Shadow Ford,0.614213228225708
1967,Shadow Ford,0.6087788343429565
1968,Shadow Ford,0.6122915744781494
1969,Shadow Ford,0.6222787499427795
1970,Shadow Ford,0.6326969861984253
1971,Shadow Ford,0.6326850056648254
1972,Shadow Ford,0.6062933206558228
1973,Shadow Ford,0.48947668075561523
1974,Shadow Ford,0.48125797510147095
1975,Shadow Ford,0.4999920725822449
1976,Shadow Ford,0.4582454562187195
1977,Shadow Ford,0.4347345232963562
1978,Shadow Ford,0.3672058582305908
1979,Shadow Ford,0.4042683243751526
1980,Shadow Ford,0.5619584321975708
1981,Shadow Ford,0.6065353155136108
1982,Shadow Ford,0.6310862302780151
1983,Shadow Ford,0.6442879438400269
1984,Shadow Ford,0.650137722492218
1985,Shadow Ford,0.6506707668304443
1986,Shadow Ford,0.6472570300102234
1987,Shadow Ford,0.6410852670669556
1988,Shadow Ford,0.6332575082778931
1989,Shadow Ford,0.6247508525848389
1990,Shadow Ford,0.6163609623908997
1991,Shadow Ford,0.6086695194244385
1992,Shadow Ford,0.6020401120185852
1993,Shadow Ford,0.5966385006904602
1994,Shadow Ford,0.5924689769744873
1995,Shadow Ford,0.5894192457199097
1996,Shadow Ford,0.5873058438301086
1997,Shadow Ford,0.5859158039093018
1998,Shadow Ford,0.5850404500961304
1999,Shadow Ford,0.5845004916191101
2000,Shadow Ford,0.5841615200042725
2001,Shadow Ford,0.5839400291442871
2002,Shadow Ford,0.5838004350662231
2003,Shadow Ford,0.5837430953979492
2004,Shadow Ford,0.5837825536727905
2005,Shadow Ford,0.5839184522628784
2006,Shadow Ford,0.5841008424758911
2007,Shadow Ford,0.5841977596282959
2008,Shadow Ford,0.5839748382568359
2009,Shadow Ford,0.5831043720245361
2010,Shadow Ford,0.5812199115753174
2011,Shadow Ford,0.5780341029167175
2012,Shadow Ford,0.5735225081443787
2013,Shadow Ford,0.5681576728820801
2014,Shadow Ford,0.5631387829780579
2015,Shadow Ford,0.5605230331420898
2016,Shadow Ford,0.5631268620491028
2017,Shadow Ford,0.5740626454353333
2018,Shadow Ford,0.5958174467086792
2019,Shadow Ford,0.6288229823112488
2020,Shadow Ford,0.6694586277008057
2021,Shadow Ford,0.7075013518333435
2022,Shadow Ford,0.7237986326217651
2023,Shadow Ford,0.6909701824188232
2024,Shadow Ford,0.581688404083252
2025,Shadow Ford,0.3602086901664734
2026,Shadow Ford,0.2623216509819031
2027,Shadow Ford,0.23842091858386993
2028,Shadow Ford,0.23267102241516113
2029,Shadow Ford,0.23129287362098694
2030,Shadow Ford,0.2309628576040268
1958,Spyker Ferrari,0.5079287886619568
1959,Spyker Ferrari,0.6242691278457642
1960,Spyker Ferrari,0.6870571970939636
1961,Spyker Ferrari,0.7088683843612671
1962,Spyker Ferrari,0.7047688961029053
1963,Spyker Ferrari,0.6873380541801453
1964,Spyker Ferrari,0.6653578281402588
1965,Spyker Ferrari,0.6441223621368408
1966,Spyker Ferrari,0.6262826919555664
1967,Spyker Ferrari,0.6127192974090576
1968,Spyker Ferrari,0.6032578349113464
1969,Spyker Ferrari,0.5971904993057251
1970,Spyker Ferrari,0.5936273336410522
1971,Spyker Ferrari,0.5917111039161682
1972,Spyker Ferrari,0.590732216835022
1973,Spyker Ferrari,0.5901723504066467
1974,Spyker Ferrari,0.5897017121315002
1975,Spyker Ferrari,0.5891500115394592
1976,Spyker Ferrari,0.5884641408920288
1977,Spyker Ferrari,0.5876660346984863
1978,Spyker Ferrari,0.5868150591850281
1979,Spyker Ferrari,0.5859800577163696
1980,Spyker Ferrari,0.5852215886116028
1981,Spyker Ferrari,0.5845828056335449
1982,Spyker Ferrari,0.5840876698493958
1983,Spyker Ferrari,0.5837422013282776
1984,Spyker Ferrari,0.5835385322570801
1985,Spyker Ferrari,0.583456814289093
1986,Spyker Ferrari,0.583466112613678
1987,Spyker Ferrari,0.5835225582122803
1988,Spyker Ferrari,0.583567202091217
1989,Spyker Ferrari,0.5835255980491638
1990,Spyker Ferrari,0.5833130478858948
1991,Spyker Ferrari,0.5828486084938049
1992,Spyker Ferrari,0.58208167552948
1993,Spyker Ferrari,0.5810304284095764
1994,Spyker Ferrari,0.5798256993293762
1995,Spyker Ferrari,0.5787492394447327
1996,Spyker Ferrari,0.5782446265220642
1997,Spyker Ferrari,0.5788753032684326
1998,Spyker Ferrari,0.5812031626701355
1999,Spyker Ferrari,0.5855695009231567
2000,Spyker Ferrari,0.5917800068855286
2001,Spyker Ferrari,0.5987217426300049
2002,Spyker Ferrari,0.6039846539497375
2003,Spyker Ferrari,0.6036234498023987
2004,Spyker Ferrari,0.5922790169715881
2005,Spyker Ferrari,0.5639775395393372
2006,Spyker Ferrari,0.513744056224823
2007,Spyker Ferrari,0.37302666902542114
2008,Spyker Ferrari,0.5145871639251709
2009,Spyker Ferrari,0.5468155145645142
2010,Spyker Ferrari,0.5656141042709351
2011,Spyker Ferrari,0.577043890953064
2012,Spyker Ferrari,0.5828900933265686
2013,Spyker Ferrari,0.5842217803001404
2014,Spyker Ferrari,0.5826680660247803
2015,Spyker Ferrari,0.5808354020118713
2016,Spyker Ferrari,0.5822085738182068
2017,Spyker Ferrari,0.5906027555465698
2018,Spyker Ferrari,0.609154999256134
2019,Spyker Ferrari,0.6388307809829712
2020,Spyker Ferrari,0.6763947606086731
2021,Spyker Ferrari,0.7118580341339111
2022,Spyker Ferrari,0.7261803150177002
2023,Spyker Ferrari,0.6920117735862732
2024,Spyker Ferrari,0.5819919109344482
2025,Spyker Ferrari,0.3602086901664734
2026,Spyker Ferrari,0.2623216509819031
2027,Spyker Ferrari,0.23842091858386993
2028,Spyker Ferrari,0.23267102241516113
2029,Spyker Ferrari,0.23129287362098694
2030,Spyker Ferrari,0.2309628576040268
1958,Stewart Ford,0.5079275369644165
1959,Stewart Ford,0.6242673397064209
1960,Stewart Ford,0.6870550513267517
1961,Stewart Ford,0.7088660597801208
1962,Stewart Ford,0.704766571521759
1963,Stewart Ford,0.6873359084129333
1964,Stewart Ford,0.665355920791626
1965,Stewart Ford,0.6441197395324707
1966,Stewart Ford,0.6262773871421814
1967,Stewart Ford,0.6127076148986816
1968,Stewart Ford,0.603234052658081
1969,Stewart Ford,0.5971470475196838
1970,Stewart Ford,0.5935550928115845
1971,Stewart Ford,0.5916010141372681
1972,Stewart Ford,0.590577244758606
1973,Stewart Ford,0.5899697542190552
1974,Stewart Ford,0.5894551873207092
1975,Stewart Ford,0.5888693332672119
1976,Stewart Ford,0.588162362575531
1977,Stewart Ford,0.5873499512672424
1978,Stewart Ford,0.5864702463150024
1979,Stewart Ford,0.5855494141578674
1980,Stewart Ford,0.5845808982849121
1981,Stewart Ford,0.5835206508636475
1982,Stewart Ford,0.5823001265525818
1983,Stewart Ford,0.5808582901954651
1984,Stewart Ford,0.5791903138160706
1985,Stewart Ford,0.5774061679840088
1986,Stewart Ford,0.5757859945297241
1987,Stewart Ford,0.5748107433319092
1988,Stewart Ford,0.5751392245292664
1989,Stewart Ford,0.5774986147880554
1990,Stewart Ford,0.5824585556983948
1991,Stewart Ford,0.590063750743866
1992,Stewart Ford,0.5993167161941528
1993,Stewart Ford,0.6075264811515808
1994,Stewart Ford,0.6096245050430298
1995,Stewart Ford,0.597785472869873
1996,Stewart Ford,0.5619679689407349
1997,Stewart Ford,0.43556416034698486
1998,Stewart Ford,0.47890788316726685
1999,Stewart Ford,0.5994154810905457
2000,Stewart Ford,0.6656225919723511
2001,Stewart Ford,0.6489899158477783
2002,Stewart Ford,0.6265295743942261
2003,Stewart Ford,0.6093562841415405
2004,Stewart Ford,0.5997227430343628
2005,Stewart Ford,0.59642094373703
2006,Stewart Ford,0.5971881151199341
2007,Stewart Ford,0.5997499823570251
2008,Stewart Ford,0.6022235155105591
2009,Stewart Ford,0.6032316088676453
2010,Stewart Ford,0.6019099354743958
2011,Stewart Ford,0.5979053974151611
2012,Stewart Ford,0.591418445110321
2013,Stewart Ford,0.5832998752593994
2014,Stewart Ford,0.5751673579216003
2015,Stewart Ford,0.5694549679756165
2016,Stewart Ford,0.5692660808563232
2017,Stewart Ford,0.5778929591178894
2018,Stewart Ford,0.5978986620903015
2019,Stewart Ford,0.6297047138214111
2020,Stewart Ford,0.6696203351020813
2021,Stewart Ford,0.7073194980621338
2022,Stewart Ford,0.7235391736030579
2023,Stewart Ford,0.6907949447631836
2024,Stewart Ford,0.5816649198532104
2025,Stewart Ford,0.3602086901664734
2026,Stewart Ford,0.2623216509819031
2027,Stewart Ford,0.23842091858386993
2028,Stewart Ford,0.23267102241516113
2029,Stewart Ford,0.23129287362098694
2030,Stewart Ford,0.2309628576040268
1958,Super Aguri Honda,0.5079288482666016
1959,Super Aguri Honda,0.6242691278457642
1960,Super Aguri Honda,0.6870572566986084
1961,Super Aguri Honda,0.7088685035705566
1962,Super Aguri Honda,0.7047688961029053
1963,Super Aguri Honda,0.6873378753662109
1964,Super Aguri Honda,0.6653574109077454
1965,Super Aguri Honda,0.6441216468811035
1966,Super Aguri Honda,0.6262814998626709
1967,Super Aguri Honda,0.6127177476882935
1968,Super Aguri Honda,0.6032559871673584
1969,Super Aguri Honda,0.5971887707710266
1970,Super Aguri Honda,0.5936260223388672
1971,Super Aguri Honda,0.5917106866836548
1972,Super Aguri Honda,0.5907328128814697
1973,Super Aguri Honda,0.5901734232902527
1974,Super Aguri Honda,0.5897019505500793
1975,Super Aguri Honda,0.5891463756561279
1976,Super Aguri Honda,0.5884522199630737
1977,Super Aguri Honda,0.5876396298408508
1978,Super Aguri Honda,0.5867672562599182
1979,Super Aguri Honda,0.5859046578407288
1980,Super Aguri Honda,0.5851150751113892
1981,Super Aguri Honda,0.584446907043457
1982,Super Aguri Honda,0.5839313268661499
1983,Super Aguri Honda,0.5835821628570557
1984,Super Aguri Honda,0.5833959579467773
1985,Super Aguri Honda,0.5833494663238525
1986,Super Aguri Honda,0.5833936929702759
1987,Super Aguri Honda,0.5834469795227051
1988,Super Aguri Honda,0.5833895802497864
1989,Super Aguri Honda,0.5830672383308411
1990,Super Aguri Honda,0.5823103189468384
1991,Super Aguri Honda,0.5809755325317383
1992,Super Aguri Honda,0.5790137052536011
1993,Super Aguri Honda,0.5765576958656311
1994,Super Aguri Honda,0.5740141868591309
1995,Super Aguri Honda,0.5721237063407898
1996,Super Aguri Honda,0.5719436407089233
1997,Super Aguri Honda,0.5746970176696777
1998,Super Aguri Honda,0.5814400315284729
1999,Super Aguri Honda,0.5925220251083374
2000,Super Aguri Honda,0.6068411469459534
2001,Super Aguri Honda,0.620948314666748
2002,Super Aguri Honda,0.6281580924987793
2003,Super Aguri Honda,0.6180801391601562
2004,Super Aguri Honda,0.5773996710777283
2005,Super Aguri Honda,0.4929133653640747
2006,Super Aguri Honda,0.2870573401451111
2007,Super Aguri Honda,0.2825429439544678
2008,Super Aguri Honda,0.3028907775878906
2009,Super Aguri Honda,0.4881221055984497
2010,Super Aguri Honda,0.5497525930404663
2011,Super Aguri Honda,0.5866740942001343
2012,Super Aguri Honda,0.6073670387268066
2013,Super Aguri Honda,0.616358757019043
2014,Super Aguri Honda,0.6173577308654785
2015,Super Aguri Honda,0.614485502243042
2016,Super Aguri Honda,0.6124779582023621
2017,Super Aguri Honda,0.6162012219429016
2018,Super Aguri Honda,0.629630982875824
2019,Super Aguri Honda,0.654344916343689
2020,Super Aguri Honda,0.6874963045120239
2021,Super Aguri Honda,0.7192926406860352
2022,Super Aguri Honda,0.7307549715042114
2023,Super Aguri Honda,0.6945240497589111
2024,Super Aguri Honda,0.5831916332244873
2025,Super Aguri Honda,0.3602086901664734
2026,Super Aguri Honda,0.2623216509819031
2027,Super Aguri Honda,0.23842091858386993
2028,Super Aguri Honda,0.23267102241516113
2029,Super Aguri Honda,0.23129287362098694
2030,Super Aguri Honda,0.2309628576040268
1958,Surtees Ford,0.501623809337616
1959,Surtees Ford,0.6147890090942383
1960,Surtees Ford,0.6743423938751221
1961,Surtees Ford,0.6936739087104797
1962,Surtees Ford,0.6890742778778076
1963,Surtees Ford,0.6745695471763611
1964,Surtees Ford,0.6601717472076416
1965,Surtees Ford,0.6514608860015869
1966,Surtees Ford,0.6493611335754395
1967,Surtees Ford,0.6495968103408813
1968,Surtees Ford,0.6419622302055359
1969,Surtees Ford,0.6104816198348999
1970,Surtees Ford,0.48974883556365967
1971,Surtees Ford,0.4827222228050232
1972,Surtees Ford,0.5080559253692627
1973,Surtees Ford,0.4299699664115906
1974,Surtees Ford,0.3831915259361267
1975,Surtees Ford,0.45142626762390137
1976,Surtees Ford,0.3120090961456299
1977,Surtees Ford,0.2754131555557251
1978,Surtees Ford,0.2942543029785156
1979,Surtees Ford,0.49856626987457275
1980,Surtees Ford,0.5769338011741638
1981,Surtees Ford,0.6266199946403503
1982,Surtees Ford,0.655511736869812
1983,Surtees Ford,0.668842613697052
1984,Surtees Ford,0.6707069277763367
1985,Surtees Ford,0.6646642684936523
1986,Surtees Ford,0.6538431644439697
1987,Surtees Ford,0.6408514380455017
1988,Surtees Ford,0.6276845335960388
1989,Surtees Ford,0.6157022714614868
1990,Surtees Ford,0.605679988861084
1991,Surtees Ford,0.5979100465774536
1992,Surtees Ford,0.5923294425010681
1993,Surtees Ford,0.5886474847793579
1994,Surtees Ford,0.5864595174789429
1995,Surtees Ford,0.5853350758552551
1996,Surtees Ford,0.5848800539970398
1997,Surtees Ford,0.5847733020782471
1998,Surtees Ford,0.5847822427749634
1999,Surtees Ford,0.5847637057304382
2000,Surtees Ford,0.5846545696258545
2001,Surtees Ford,0.584456205368042
2002,Surtees Ford,0.5842151641845703
2003,Surtees Ford,0.5840004086494446
2004,Surtees Ford,0.583877444267273
2005,Surtees Ford,0.5838775634765625
2006,Surtees Ford,0.5839661955833435
2007,Surtees Ford,0.5840136408805847
2008,Surtees Ford,0.5837799310684204
2009,Surtees Ford,0.5829269289970398
2010,Surtees Ford,0.5810770392417908
2011,Surtees Ford,0.577932596206665
2012,Surtees Ford,0.5734612345695496
2013,Surtees Ford,0.5681302547454834
2014,Surtees Ford,0.5631363987922668
2015,Surtees Ford,0.5605365633964539
2016,Surtees Ford,0.5631479620933533
2017,Surtees Ford,0.5740849375724792
2018,Surtees Ford,0.5958368182182312
2019,Surtees Ford,0.628836989402771
2020,Surtees Ford,0.6694669723510742
2021,Surtees Ford,0.7075045108795166
2022,Surtees Ford,0.7237980365753174
2023,Surtees Ford,0.6909675598144531
2024,Surtees Ford,0.5816855430603027
2025,Surtees Ford,0.3602086901664734
2026,Surtees Ford,0.2623216509819031
2027,Surtees Ford,0.23842091858386993
2028,Surtees Ford,0.23267102241516113
2029,Surtees Ford,0.23129287362098694
2030,Surtees Ford,0.2309628576040268
1958,Tecno,0.5064100027084351
1959,Tecno,0.621624767780304
1960,Tecno,0.6831299662590027
1961,Tecno,0.7038238048553467
1962,Tecno,0.6992987394332886
1963,Tecno,0.6828024387359619
1964,Tecno,0.6637561917304993
1965,Tecno,0.6477797031402588
1966,Tecno,0.6371535062789917
1967,Tecno,0.6312556266784668
1968,Tecno,0.6268824934959412
1969,Tecno,0.6185871362686157
1970,Tecno,0.5993331074714661
1971,Tecno,0.5618529319763184
1972,Tecno,0.500856339931488
1973,Tecno,0.34174126386642456
1974,Tecno,0.4972637891769409
1975,Tecno,0.5394589304924011
1976,Tecno,0.5672038197517395
1977,Tecno,0.5864788889884949
1978,Tecno,0.5992807149887085
1979,Tecno,0.6066540479660034
1980,Tecno,0.6095688939094543
1981,Tecno,0.6090998649597168
1982,Tecno,0.6063582301139832
1983,Tecno,0.6023718118667603
1984,Tecno,0.5979887247085571
1985,Tecno,0.5938288569450378
1986,Tecno,0.5902785062789917
1987,Tecno,0.5875181555747986
1988,Tecno,0.5855685472488403
1989,Tecno,0.5843424201011658
1990,Tecno,0.5836935043334961
1991,Tecno,0.5834560394287109
1992,Tecno,0.5834735631942749
1993,Tecno,0.5836154222488403
1994,Tecno,0.5837840437889099
1995,Tecno,0.5839148163795471
1996,Tecno,0.5839715600013733
1997,Tecno,0.5839413404464722
1998,Tecno,0.5838282704353333
1999,Tecno,0.5836504697799683
2000,Tecno,0.5834373831748962
2001,Tecno,0.5832288861274719
2002,Tecno,0.5830719470977783
2003,Tecno,0.5830139517784119
2004,Tecno,0.5830891132354736
2005,Tecno,0.5832979679107666
2006,Tecno,0.5835806727409363
2007,Tecno,0.5837910175323486
2008,Tecno,0.5836809277534485
2009,Tecno,0.5829115509986877
2010,Tecno,0.5811098217964172
2011,Tecno,0.577985405921936
2012,Tecno,0.5735145211219788
2013,Tecno,0.5681723952293396
2014,Tecno,0.5631625652313232
2015,Tecno,0.5605465173721313
2016,Tecno,0.5631446242332458
2017,Tecno,0.5740725994110107
2018,Tecno,0.5958197712898254
2019,Tecno,0.6288192272186279
2020,Tecno,0.6694511771202087
2021,Tecno,0.7074924111366272
2022,Tecno,0.723790168762207
2023,Tecno,0.6909637451171875
2024,Tecno,0.5816847681999207
2025,Tecno,0.3602086901664734
2026,Tecno,0.2623216509819031
2027,Tecno,0.23842091858386993
2028,Tecno,0.23267102241516113
2029,Tecno,0.23129287362098694
2030,Tecno,0.2309628576040268
1958,Theodore Ford,0.5077875256538391
1959,Theodore Ford,0.6241759657859802
1960,Theodore Ford,0.6870535016059875
1961,Theodore Ford,0.7089729309082031
1962,Theodore Ford,0.7049432992935181
1963,Theodore Ford,0.6874462366104126
1964,Theodore Ford,0.6651293635368347
1965,Theodore Ford,0.643139123916626
1966,Theodore Ford,0.6240122318267822
1967,Theodore Ford,0.6086174845695496
1968,Theodore Ford,0.5969558358192444
1969,Theodore Ford,0.5887615084648132
1970,Theodore Ford,0.5838912129402161
1971,Theodore Ford,0.5824903845787048
1972,Theodore Ford,0.5849223732948303
1973,Theodore Ford,0.5914532542228699
1974,Theodore Ford,0.6017073392868042
1975,Theodore Ford,0.6139427423477173
1976,Theodore Ford,0.6242547035217285
1977,Theodore Ford,0.625934898853302
1978,Theodore Ford,0.6094360947608948
1979,Theodore Ford,0.5636255145072937
1980,Theodore Ford,0.47883909940719604
1981,Theodore Ford,0.2725737690925598
1982,Theodore Ford,0.37174856662750244
1983,Theodore Ford,0.26288050413131714
1984,Theodore Ford,0.454764723777771
1985,Theodore Ford,0.5269186496734619
1986,Theodore Ford,0.5760574340820312
1987,Theodore Ford,0.6083016395568848
1988,Theodore Ford,0.6270112991333008
1989,Theodore Ford,0.6349920034408569
1990,Theodore Ford,0.6350122094154358
1991,Theodore Ford,0.6297570466995239
1992,Theodore Ford,0.6216247081756592
1993,Theodore Ford,0.6125511527061462
1994,Theodore Ford,0.603924036026001
1995,Theodore Ford,0.5965896844863892
1996,Theodore Ford,0.5909275412559509
1997,Theodore Ford,0.5869626402854919
1998,Theodore Ford,0.5844890475273132
1999,Theodore Ford,0.5831835865974426
2000,Theodore Ford,0.5826976299285889
2001,Theodore Ford,0.5827211737632751
2002,Theodore Ford,0.5830183029174805
2003,Theodore Ford,0.5834352374076843
2004,Theodore Ford,0.5838854312896729
2005,Theodore Ford,0.5843155980110168
2006,Theodore Ford,0.5846623182296753
2007,Theodore Ford,0.5848063230514526
2008,Theodore Ford,0.5845413208007812
2009,Theodore Ford,0.5835724472999573
2010,Theodore Ford,0.5815644860267639
2011,Theodore Ford,0.5782546997070312
2012,Theodore Ford,0.5736355185508728
2013,Theodore Ford,0.5681883096694946
2014,Theodore Ford,0.5631148219108582
2015,Theodore Ford,0.5604699850082397
2016,Theodore Ford,0.5630649328231812
2017,Theodore Ford,0.5740060210227966
2018,Theodore Ford,0.595774233341217
2019,Theodore Ford,0.6287959814071655
2020,Theodore Ford,0.6694469451904297
2021,Theodore Ford,0.7075015306472778
2022,Theodore Ford,0.7238062024116516
2023,Theodore Ford,0.6909803748130798
2024,Theodore Ford,0.5816969871520996
2025,Theodore Ford,0.3602086901664734
2026,Theodore Ford,0.2623216509819031
2027,Theodore Ford,0.23842091858386993
2028,Theodore Ford,0.23267102241516113
2029,Theodore Ford,0.23129287362098694
2030,Theodore Ford,0.2309628576040268
1958,Toleman Hart,0.5078172087669373
1959,Toleman Hart,0.6241236925125122
1960,Toleman Hart,0.6868857145309448
1961,Toleman Hart,0.7086855173110962
1962,Toleman Hart,0.7045924663543701
1963,Toleman Hart,0.6871795058250427
1964,Toleman Hart,0.6652045845985413
1965,Toleman Hart,0.6439142227172852
1966,Toleman Hart,0.6258867979049683
1967,Toleman Hart,0.6119120121002197
1968,Toleman Hart,0.6017253398895264
1969,Toleman Hart,0.5945655107498169
1970,Toleman Hart,0.5895740389823914
1971,Toleman Hart,0.5860676169395447
1972,Toleman Hart,0.5837015509605408
1973,Toleman Hart,0.5825296640396118
1974,Toleman Hart,0.5829528570175171
1975,Toleman Hart,0.5855410695075989
1976,Toleman Hart,0.5907167792320251
1977,Toleman Hart,0.5982977747917175
1978,Toleman Hart,0.6069203615188599
1979,Toleman Hart,0.6134030818939209
1980,Toleman Hart,0.612214207649231
1981,Toleman Hart,0.5954198241233826
1982,Toleman Hart,0.5536342859268188
1983,Toleman Hart,0.4214772582054138
1984,Toleman Hart,0.47188782691955566
1985,Toleman Hart,0.5830479860305786
1986,Toleman Hart,0.5939109325408936
1987,Toleman Hart,0.5946902632713318
1988,Toleman Hart,0.5946597456932068
1989,Toleman Hart,0.5960041880607605
1990,Toleman Hart,0.5984373092651367
1991,Toleman Hart,0.6010553240776062
1992,Toleman Hart,0.6030579805374146
1993,Toleman Hart,0.6039693355560303
1994,Toleman Hart,0.6036447286605835
1995,Toleman Hart,0.6021968126296997
1996,Toleman Hart,0.5998974442481995
1997,Toleman Hart,0.5970875024795532
1998,Toleman Hart,0.5941041707992554
1999,Toleman Hart,0.5912342667579651
2000,Toleman Hart,0.5886908769607544
2001,Toleman Hart,0.586609959602356
2002,Toleman Hart,0.5850588083267212
2003,Toleman Hart,0.5840479135513306
2004,Toleman Hart,0.5835391283035278
2005,Toleman Hart,0.5834445953369141
2006,Toleman Hart,0.5836158990859985
2007,Toleman Hart,0.5838291049003601
2008,Toleman Hart,0.5837752223014832
2009,Toleman Hart,0.5830727815628052
2010,Toleman Hart,0.5813233852386475
2011,Toleman Hart,0.5782253742218018
2012,Toleman Hart,0.5737535953521729
2013,Toleman Hart,0.5683883428573608
2014,Toleman Hart,0.5633406639099121
2015,Toleman Hart,0.5606803894042969
2016,Toleman Hart,0.5632347464561462
2017,Toleman Hart,0.5741244554519653
2018,Toleman Hart,0.5958418846130371
2019,Toleman Hart,0.6288207769393921
2020,Toleman Hart,0.6694408655166626
2021,Toleman Hart,0.7074775099754333
2022,Toleman Hart,0.7237759828567505
2023,Toleman Hart,0.6909536719322205
2024,Toleman Hart,0.581680178642273
2025,Toleman Hart,0.3602086901664734
2026,Toleman Hart,0.2623216509819031
2027,Toleman Hart,0.23842091858386993
2028,Toleman Hart,0.23267102241516113
2029,Toleman Hart,0.23129287362098694
2030,Toleman Hart,0.2309628576040268
1958,Toro Rosso,0.507928729057312
1959,Toro Rosso,0.6242690086364746
1960,Toro Rosso,0.6870571374893188
1961,Toro Rosso,0.7088683247566223
1962,Toro Rosso,0.7047687768936157
1963,Toro Rosso,0.6873379945755005
1964,Toro Rosso,0.6653580069541931
1965,Toro Rosso,0.6441227793693542
1966,Toro Rosso,0.6262834072113037
1967,Toro Rosso,0.6127203702926636
1968,Toro Rosso,0.6032591462135315
1969,Toro Rosso,0.5971919298171997
1970,Toro Rosso,0.593628466129303
1971,Toro Rosso,0.5917115807533264
1972,Toro Rosso,0.5907316207885742
1973,Toro Rosso,0.5901704430580139
1974,Toro Rosso,0.5896990299224854
1975,Toro Rosso,0.5891477465629578
1976,Toro Rosso,0.5884650945663452
1977,Toro Rosso,0.5876743197441101
1978,Toro Rosso,0.5868359208106995
1979,Toro Rosso,0.5860192179679871
1980,Toro Rosso,0.5852836966514587
1981,Toro Rosso,0.5846692323684692
1982,Toro Rosso,0.5841939449310303
1983,Toro Rosso,0.583856463432312
1984,Toro Rosso,0.5836410522460938
1985,Toro Rosso,0.5835237503051758
1986,Toro Rosso,0.5834770798683167
1987,Toro Rosso,0.5834751725196838
1988,Toro Rosso,0.583495557308197
1989,Toro Rosso,0.5835211873054504
1990,Toro Rosso,0.5835402607917786
1991,Toro Rosso,0.5835459232330322
1992,Toro Rosso,0.5835352540016174
1993,Toro Rosso,0.5835080742835999
1994,Toro Rosso,0.5834663510322571
1995,Toro Rosso,0.583412766456604
1996,Toro Rosso,0.5833501219749451
1997,Toro Rosso,0.5832800269126892
1998,Toro Rosso,0.5832008719444275
1999,Toro Rosso,0.583106517791748
2000,Toro Rosso,0.5829836130142212
2001,Toro Rosso,0.5828105211257935
2002,Toro Rosso,0.5825568437576294
2003,Toro Rosso,0.5821872353553772
2004,Toro Rosso,0.5816689133644104
2005,Toro Rosso,0.5809857845306396
2006,Toro Rosso,0.5801584124565125
2007,Toro Rosso,0.5792670845985413
2008,Toro Rosso,0.5784722566604614
2009,Toro Rosso,0.5780224204063416
2010,Toro Rosso,0.5782307982444763
2011,Toro Rosso,0.5794016122817993
2012,Toro Rosso,0.5816758871078491
2013,Toro Rosso,0.5847710967063904
2014,Toro Rosso,0.587600827217102
2015,Toro Rosso,0.5878298878669739
2016,Toro Rosso,0.5813938975334167
2017,Toro Rosso,0.5272231101989746
2018,Toro Rosso,0.6261910200119019
2019,Toro Rosso,0.6475792527198792
2020,Toro Rosso,0.6732355356216431
2021,Toro Rosso,0.7012208700180054
2022,Toro Rosso,0.7137817144393921
2023,Toro Rosso,0.6826080083847046
2024,Toro Rosso,0.5785262584686279
2025,Toro Rosso,0.3602086901664734
2026,Toro Rosso,0.2623216509819031
2027,Toro Rosso,0.23842091858386993
2028,Toro Rosso,0.23267102241516113
2029,Toro Rosso,0.23129287362098694
2030,Toro Rosso,0.2309628576040268
1958,Toro Rosso Ferrari,0.507928729057312
1959,Toro Rosso Ferrari,0.6242690086364746
1960,Toro Rosso Ferrari,0.6870571374893188
1961,Toro Rosso Ferrari,0.7088683247566223
1962,Toro Rosso Ferrari,0.7047687768936157
1963,Toro Rosso Ferrari,0.6873379945755005
1964,Toro Rosso Ferrari,0.6653579473495483
1965,Toro Rosso Ferrari,0.6441227793693542
1966,Toro Rosso Ferrari,0.6262833476066589
1967,Toro Rosso Ferrari,0.6127203702926636
1968,Toro Rosso Ferrari,0.6032591462135315
1969,Toro Rosso Ferrari,0.5971919298171997
1970,Toro Rosso Ferrari,0.5936285257339478
1971,Toro Rosso Ferrari,0.5917115807533264
1972,Toro Rosso Ferrari,0.590731680393219
1973,Toro Rosso Ferrari,0.5901705026626587
1974,Toro Rosso Ferrari,0.5896990299224854
1975,Toro Rosso Ferrari,0.5891477465629578
1976,Toro Rosso Ferrari,0.5884649157524109
1977,Toro Rosso Ferrari,0.5876739621162415
1978,Toro Rosso Ferrari,0.5868354439735413
1979,Toro Rosso Ferrari,0.5860187411308289
1980,Toro Rosso Ferrari,0.5852831602096558
1981,Toro Rosso Ferrari,0.584668755531311
1982,Toro Rosso Ferrari,0.5841936469078064
1983,Toro Rosso Ferrari,0.5838564038276672
1984,Toro Rosso Ferrari,0.5836412310600281
1985,Toro Rosso Ferrari,0.5835237503051758
1986,Toro Rosso Ferrari,0.5834764838218689
1987,Toro Rosso Ferrari,0.5834727883338928
1988,Toro Rosso Ferrari,0.5834900736808777
1989,Toro Rosso Ferrari,0.5835107564926147
1990,Toro Rosso Ferrari,0.5835232138633728
1991,Toro Rosso Ferrari,0.5835210680961609
1992,Toro Rosso Ferrari,0.5835025906562805
1993,Toro Rosso Ferrari,0.583469569683075
1994,Toro Rosso Ferrari,0.5834261775016785
1995,Toro Rosso Ferrari,0.5833770632743835
1996,Toro Rosso Ferrari,0.5833255648612976
1997,Toro Rosso Ferrari,0.5832706093788147
1998,Toro Rosso Ferrari,0.5832039713859558
1999,Toro Rosso Ferrari,0.583107054233551
2000,Toro Rosso Ferrari,0.5829493403434753
2001,Toro Rosso Ferrari,0.5826897025108337
2002,Toro Rosso Ferrari,0.5822829604148865
2003,Toro Rosso Ferrari,0.5816932916641235
2004,Toro Rosso Ferrari,0.5809150338172913
2005,Toro Rosso Ferrari,0.5800002813339233
2006,Toro Rosso Ferrari,0.5790874361991882
2007,Toro Rosso Ferrari,0.5784207582473755
2008,Toro Rosso Ferrari,0.5783459544181824
2009,Toro Rosso Ferrari,0.579260528087616
2010,Toro Rosso Ferrari,0.5814943313598633
2011,Toro Rosso Ferrari,0.5850978493690491
2012,Toro Rosso Ferrari,0.5895190238952637
2013,Toro Rosso Ferrari,0.5931775569915771
2014,Toro Rosso Ferrari,0.5930266380310059
2015,Toro Rosso Ferrari,0.5841856002807617
2016,Toro Rosso Ferrari,0.5264151692390442
2017,Toro Rosso Ferrari,0.6119884252548218
2018,Toro Rosso Ferrari,0.6199169158935547
2019,Toro Rosso Ferrari,0.6360728740692139
2020,Toro Rosso Ferrari,0.6652184128761292
2021,Toro Rosso Ferrari,0.6982938051223755
2022,Toro Rosso Ferrari,0.7148934602737427
2023,Toro Rosso Ferrari,0.6857758164405823
2024,Toro Rosso Ferrari,0.5816743969917297
2025,Toro Rosso Ferrari,0.3602086901664734
2026,Toro Rosso Ferrari,0.2623216509819031
2027,Toro Rosso Ferrari,0.23842091858386993
2028,Toro Rosso Ferrari,0.23267102241516113
2029,Toro Rosso Ferrari,0.23129287362098694
2030,Toro Rosso Ferrari,0.2309628576040268
1958,Toyota,0.5079287886619568
1959,Toyota,0.6242688894271851
1960,Toyota,0.6870567798614502
1961,Toyota,0.7088676691055298
1962,Toyota,0.7047677040100098
1963,Toyota,0.6873364448547363
1964,Toyota,0.6653558015823364
1965,Toyota,0.6441202163696289
1966,Toyota,0.6262804269790649
1967,Toyota,0.6127172708511353
1968,Toyota,0.6032556295394897
1969,Toyota,0.5971873998641968
1970,Toyota,0.5936213135719299
1971,Toyota,0.5916990041732788
1972,Toyota,0.5907089114189148
1973,Toyota,0.5901311635971069
1974,Toyota,0.5896348357200623
1975,Toyota,0.5890493988990784
1976,Toyota,0.5883234739303589
1977,Toyota,0.5874820947647095
1978,Toyota,0.5865890383720398
1979,Toyota,0.5857170224189758
1980,Toyota,0.5849267244338989
1981,Toyota,0.5842531323432922
1982,Toyota,0.5836977958679199
1983,Toyota,0.5832260251045227
1984,Toyota,0.5827673673629761
1985,Toyota,0.5822221040725708
1986,Toyota,0.5814741849899292
1987,Toyota,0.5804142355918884
1988,Toyota,0.5789732336997986
1989,Toyota,0.5771666169166565
1990,Toyota,0.5751415491104126
1991,Toyota,0.5732148885726929
1992,Toyota,0.5718828439712524
1993,Toyota,0.5717759728431702
1994,Toyota,0.5735345482826233
1995,Toyota,0.577579140663147
1996,Toyota,0.5837579965591431
1997,Toyota,0.5908557176589966
1998,Toyota,0.595962643623352
1999,Toyota,0.5937765836715698
2000,Toyota,0.5761703252792358
2001,Toyota,0.5328134894371033
2002,Toyota,0.3923678994178772
2003,Toyota,0.4486823081970215
2004,Toyota,0.5249794125556946
2005,Toyota,0.662911593914032
2006,Toyota,0.6745944023132324
2007,Toyota,0.6846611499786377
2008,Toyota,0.7179346084594727
2009,Toyota,0.7292724251747131
2010,Toyota,0.7526310682296753
2011,Toyota,0.7013022303581238
2012,Toyota,0.6523207426071167
2013,Toyota,0.615524172782898
2014,Toyota,0.5926787257194519
2015,Toyota,0.5828678607940674
2016,Toyota,0.5850399136543274
2017,Toyota,0.5987805724143982
2018,Toyota,0.6238791942596436
2019,Toyota,0.6590111255645752
2020,Toyota,0.6996523141860962
2021,Toyota,0.7353270053863525
2022,Toyota,0.7470734119415283
2023,Toyota,0.7080621719360352
2024,Toyota,0.5919156670570374
2025,Toyota,0.3602086901664734
2026,Toyota,0.2623216509819031
2027,Toyota,0.23842091858386993
2028,Toyota,0.23267102241516113
2029,Toyota,0.23129287362098694
2030,Toyota,0.2309628576040268
1958,Tyrrell Ford,0.5090686678886414
1959,Tyrrell Ford,0.6244283318519592
1960,Tyrrell Ford,0.6843205690383911
1961,Tyrrell Ford,0.7003375291824341
1962,Tyrrell Ford,0.6869534254074097
1963,Tyrrell Ford,0.6571952104568481
1964,Tyrrell Ford,0.6220672130584717
1965,Tyrrell Ford,0.5914415717124939
1966,Tyrrell Ford,0.5749332904815674
1967,Tyrrell Ford,0.5817746520042419
1968,Tyrrell Ford,0.6192504167556763
1969,Tyrrell Ford,0.6898717880249023
1970,Tyrrell Ford,0.7877046465873718
1971,Tyrrell Ford,0.918044924736023
1972,Tyrrell Ford,0.9691357016563416
1973,Tyrrell Ford,0.9622948169708252
1974,Tyrrell Ford,0.8791881203651428
1975,Tyrrell Ford,0.7794983386993408
1976,Tyrrell Ford,0.7629859447479248
1977,Tyrrell Ford,0.6867228746414185
1978,Tyrrell Ford,0.6804568767547607
1979,Tyrrell Ford,0.6340823173522949
1980,Tyrrell Ford,0.5735147595405579
1981,Tyrrell Ford,0.5030529499053955
1982,Tyrrell Ford,0.5508407354354858
1983,Tyrrell Ford,0.5650900602340698
1984,Tyrrell Ford,0.6288260221481323
1985,Tyrrell Ford,0.5357259511947632
1986,Tyrrell Ford,0.6308127045631409
1987,Tyrrell Ford,0.5810041427612305
1988,Tyrrell Ford,0.5768709182739258
1989,Tyrrell Ford,0.6469759941101074
1990,Tyrrell Ford,0.6866924166679382
1991,Tyrrell Ford,0.7454767227172852
1992,Tyrrell Ford,0.7216528058052063
1993,Tyrrell Ford,0.6887152791023254
1994,Tyrrell Ford,0.6517891883850098
1995,Tyrrell Ford,0.6071382761001587
1996,Tyrrell Ford,0.5485324859619141
1997,Tyrrell Ford,0.40829628705978394
1998,Tyrrell Ford,0.544618546962738
1999,Tyrrell Ford,0.5769006609916687
2000,Tyrrell Ford,0.5965633988380432
2001,Tyrrell Ford,0.6091439723968506
2002,Tyrrell Ford,0.6165033578872681
2003,Tyrrell Ford,0.6195864677429199
2004,Tyrrell Ford,0.6192521452903748
2005,Tyrrell Ford,0.6164299249649048
2006,Tyrrell Ford,0.6120314002037048
2007,Tyrrell Ford,0.6068086624145508
2008,Tyrrell Ford,0.6012487411499023
2009,Tyrrell Ford,0.5955376029014587
2010,Tyrrell Ford,0.5896125435829163
2011,Tyrrell Ford,0.5833054184913635
2012,Tyrrell Ford,0.5765695571899414
2013,Tyrrell Ford,0.5697622299194336
2014,Tyrrell Ford,0.5639188289642334
2015,Tyrrell Ford,0.5609210729598999
2016,Tyrrell Ford,0.563423216342926
2017,Tyrrell Ford,0.5744047164916992
2018,Tyrrell Ford,0.5962545275688171
2019,Tyrrell Ford,0.6293408870697021
2020,Tyrrell Ford,0.6700100898742676
2021,Tyrrell Ford,0.7080279588699341
2022,Tyrrell Ford,0.7242454290390015
2023,Tyrrell Ford,0.6912959814071655
2024,Tyrrell Ford,0.581874430179596
2025,Tyrrell Ford,0.3602086901664734
2026,Tyrrell Ford,0.2623216509819031
2027,Tyrrell Ford,0.23842091858386993
2028,Tyrrell Ford,0.23267102241516113
2029,Tyrrell Ford,0.23129287362098694
2030,Tyrrell Ford,0.2309628576040268
1958,Tyrrell Honda,0.507927656173706
1959,Tyrrell Honda,0.6242684125900269
1960,Tyrrell Honda,0.6870567798614502
1961,Tyrrell Honda,0.7088673114776611
1962,Tyrrell Honda,0.7047651410102844
1963,Tyrrell Honda,0.6873281002044678
1964,Tyrrell Honda,0.6653363704681396
1965,Tyrrell Honda,0.6440829038619995
1966,Tyrrell Honda,0.6262179613113403
1967,Tyrrell Honda,0.6126232147216797
1968,Tyrrell Honda,0.6031274199485779
1969,Tyrrell Honda,0.5970280170440674
1970,Tyrrell Honda,0.5934414863586426
1971,Tyrrell Honda,0.5915165543556213
1972,Tyrrell Honda,0.5905449986457825
1973,Tyrrell Honda,0.5900009274482727
1974,Tyrrell Honda,0.5895325541496277
1975,Tyrrell Honda,0.5889290571212769
1976,Tyrrell Honda,0.5880794525146484
1977,Tyrrell Honda,0.5869379043579102
1978,Tyrrell Honda,0.5855051279067993
1979,Tyrrell Honda,0.5838328003883362
1980,Tyrrell Honda,0.5820479989051819
1981,Tyrrell Honda,0.580391526222229
1982,Tyrrell Honda,0.5792505741119385
1983,Tyrrell Honda,0.5791597962379456
1984,Tyrrell Honda,0.5807374715805054
1985,Tyrrell Honda,0.5845190286636353
1986,Tyrrell Honda,0.5906590223312378
1987,Tyrrell Honda,0.5984871983528137
1988,Tyrrell Honda,0.6059445738792419
1989,Tyrrell Honda,0.6090254783630371
1990,Tyrrell Honda,0.6014017462730408
1991,Tyrrell Honda,0.5410887002944946
1992,Tyrrell Honda,0.6156423091888428
1993,Tyrrell Honda,0.6049572825431824
1994,Tyrrell Honda,0.5908934473991394
1995,Tyrrell Honda,0.5813038349151611
1996,Tyrrell Honda,0.5772990584373474
1997,Tyrrell Honda,0.5776806473731995
1998,Tyrrell Honda,0.5806729793548584
1999,Tyrrell Honda,0.5846506357192993
2000,Tyrrell Honda,0.588413655757904
2001,Tyrrell Honda,0.591245174407959
2002,Tyrrell Honda,0.5928613543510437
2003,Tyrrell Honda,0.5933058261871338
2004,Tyrrell Honda,0.592824399471283
2005,Tyrrell Honda,0.5917373895645142
2006,Tyrrell Honda,0.5903264284133911
2007,Tyrrell Honda,0.5887478590011597
2008,Tyrrell Honda,0.586982250213623
2009,Tyrrell Honda,0.5848348140716553
2010,Tyrrell Honda,0.581996738910675
2011,Tyrrell Honda,0.5781781673431396
2012,Tyrrell Honda,0.573312520980835
2013,Tyrrell Honda,0.5678085684776306
2014,Tyrrell Honda,0.5627968311309814
2015,Tyrrell Honda,0.560271143913269
2016,Tyrrell Honda,0.5629969239234924
2017,Tyrrell Honda,0.5740504860877991
2018,Tyrrell Honda,0.5958973169326782
2019,Tyrrell Honda,0.6289597749710083
2020,Tyrrell Honda,0.6696174144744873
2021,Tyrrell Honda,0.7076526880264282
2022,Tyrrell Honda,0.7239212393760681
2023,Tyrrell Honda,0.6910519599914551
2024,Tyrrell Honda,0.5817270874977112
2025,Tyrrell Honda,0.3602086901664734
2026,Tyrrell Honda,0.2623216509819031
2027,Tyrrell Honda,0.23842091858386993
2028,Tyrrell Honda,0.23267102241516113
2029,Tyrrell Honda,0.23129287362098694
2030,Tyrrell Honda,0.2309628576040268
1958,Tyrrell Ilmor,0.5079273581504822
1959,Tyrrell Ilmor,0.6242679357528687
1960,Tyrrell Ilmor,0.6870564818382263
1961,Tyrrell Ilmor,0.7088679075241089
1962,Tyrrell Ilmor,0.7047674655914307
1963,Tyrrell Ilmor,0.6873337030410767
1964,Tyrrell Ilmor,0.6653469800949097
1965,Tyrrell Ilmor,0.6440998911857605
1966,Tyrrell Ilmor,0.6262419819831848
1967,Tyrrell Ilmor,0.6126536130905151
1968,Tyrrell Ilmor,0.6031613349914551
1969,Tyrrell Ilmor,0.5970606207847595
1970,Tyrrell Ilmor,0.5934666991233826
1971,Tyrrell Ilmor,0.5915287137031555
1972,Tyrrell Ilmor,0.5905423760414124
1973,Tyrrell Ilmor,0.5899901986122131
1974,Tyrrell Ilmor,0.5895340442657471
1975,Tyrrell Ilmor,0.5889805555343628
1976,Tyrrell Ilmor,0.5882364511489868
1977,Tyrrell Ilmor,0.5872659683227539
1978,Tyrrell Ilmor,0.5860625505447388
1979,Tyrrell Ilmor,0.5846401453018188
1980,Tyrrell Ilmor,0.5830472111701965
1981,Tyrrell Ilmor,0.58139967918396
1982,Tyrrell Ilmor,0.5799241065979004
1983,Tyrrell Ilmor,0.5789914131164551
1984,Tyrrell Ilmor,0.57911616563797
1985,Tyrrell Ilmor,0.5808873772621155
1986,Tyrrell Ilmor,0.5847981572151184
1987,Tyrrell Ilmor,0.5909461379051208
1988,Tyrrell Ilmor,0.598594069480896
1989,Tyrrell Ilmor,0.6056219935417175
1990,Tyrrell Ilmor,0.6079983711242676
1991,Tyrrell Ilmor,0.5994473695755005
1992,Tyrrell Ilmor,0.5375402569770813
1993,Tyrrell Ilmor,0.6132761240005493
1994,Tyrrell Ilmor,0.603582501411438
1995,Tyrrell Ilmor,0.5903191566467285
1996,Tyrrell Ilmor,0.5812766551971436
1997,Tyrrell Ilmor,0.5775771737098694
1998,Tyrrell Ilmor,0.5780686140060425
1999,Tyrrell Ilmor,0.5810359716415405
2000,Tyrrell Ilmor,0.5849166512489319
2001,Tyrrell Ilmor,0.5885676741600037
2002,Tyrrell Ilmor,0.5913172364234924
2003,Tyrrell Ilmor,0.5929083228111267
2004,Tyrrell Ilmor,0.5933873653411865
2005,Tyrrell Ilmor,0.5929726958274841
2006,Tyrrell Ilmor,0.5919236540794373
2007,Tyrrell Ilmor,0.5904306173324585
2008,Tyrrell Ilmor,0.5885403156280518
2009,Tyrrell Ilmor,0.5861352682113647
2010,Tyrrell Ilmor,0.582979679107666
2011,Tyrrell Ilmor,0.5788423418998718
2012,Tyrrell Ilmor,0.5736968517303467
2013,Tyrrell Ilmor,0.5679743885993958
2014,Tyrrell Ilmor,0.5628117322921753
2015,Tyrrell Ilmor,0.560198187828064
2016,Tyrrell Ilmor,0.56288743019104
2017,Tyrrell Ilmor,0.5739413499832153
2018,Tyrrell Ilmor,0.5958107113838196
2019,Tyrrell Ilmor,0.6289052963256836
2020,Tyrrell Ilmor,0.6695951223373413
2021,Tyrrell Ilmor,0.7076562643051147
2022,Tyrrell Ilmor,0.7239410877227783
2023,Tyrrell Ilmor,0.6910774111747742
2024,Tyrrell Ilmor,0.5817486643791199
2025,Tyrrell Ilmor,0.3602086901664734
2026,Tyrrell Ilmor,0.2623216509819031
2027,Tyrrell Ilmor,0.23842091858386993
2028,Tyrrell Ilmor,0.23267102241516113
2029,Tyrrell Ilmor,0.23129287362098694
2030,Tyrrell Ilmor,0.2309628576040268
1958,Tyrrell Renault,0.507866621017456
1959,Tyrrell Renault,0.6241745948791504
1960,Tyrrell Renault,0.6869282126426697
1961,Tyrrell Renault,0.7087095975875854
1962,Tyrrell Renault,0.7045937776565552
1963,Tyrrell Renault,0.6871678233146667
1964,Tyrrell Renault,0.665214478969574
1965,Tyrrell Renault,0.6440147757530212
1966,Tyrrell Renault,0.6261848211288452
1967,Tyrrell Renault,0.612544596195221
1968,Tyrrell Renault,0.6028333902359009
1969,Tyrrell Renault,0.5962443351745605
1970,Tyrrell Renault,0.5918012261390686
1971,Tyrrell Renault,0.588616669178009
1972,Tyrrell Renault,0.5860623121261597
1973,Tyrrell Renault,0.5838711857795715
1974,Tyrrell Renault,0.5821749567985535
1975,Tyrrell Renault,0.5814671516418457
1976,Tyrrell Renault,0.5824719667434692
1977,Tyrrell Renault,0.585896909236908
1978,Tyrrell Renault,0.5920572876930237
1979,Tyrrell Renault,0.6003782153129578
1980,Tyrrell Renault,0.6088147163391113
1981,Tyrrell Renault,0.613284170627594
1982,Tyrrell Renault,0.6073340177536011
1983,Tyrrell Renault,0.5824873447418213
1984,Tyrrell Renault,0.5297752618789673
1985,Tyrrell Renault,0.3773356080055237
1986,Tyrrell Renault,0.4442538022994995
1987,Tyrrell Renault,0.5662654042243958
1988,Tyrrell Renault,0.5865941047668457
1989,Tyrrell Renault,0.5941409468650818
1990,Tyrrell Renault,0.5982197523117065
1991,Tyrrell Renault,0.601466178894043
1992,Tyrrell Renault,0.6041814088821411
1993,Tyrrell Renault,0.6060467958450317
1994,Tyrrell Renault,0.6067679524421692
1995,Tyrrell Renault,0.6062576174736023
1996,Tyrrell Renault,0.6046333312988281
1997,Tyrrell Renault,0.6021542549133301
1998,Tyrrell Renault,0.5991472005844116
1999,Tyrrell Renault,0.5959442257881165
2000,Tyrrell Renault,0.5928391814231873
2001,Tyrrell Renault,0.5900630950927734
2002,Tyrrell Renault,0.5877746939659119
2003,Tyrrell Renault,0.5860600471496582
2004,Tyrrell Renault,0.5849343538284302
2005,Tyrrell Renault,0.5843393802642822
2006,Tyrrell Renault,0.5841352939605713
2007,Tyrrell Renault,0.5840908288955688
2008,Tyrrell Renault,0.583878755569458
2009,Tyrrell Renault,0.5830947160720825
2010,Tyrrell Renault,0.5813165307044983
2011,Tyrrell Renault,0.5782214403152466
2012,Tyrrell Renault,0.5737674832344055
2013,Tyrrell Renault,0.5684230923652649
2014,Tyrrell Renault,0.5633923411369324
2015,Tyrrell Renault,0.5607414245605469
2016,Tyrrell Renault,0.5632972121238708
2017,Tyrrell Renault,0.5741817355155945
2018,Tyrrell Renault,0.5958894491195679
2019,Tyrrell Renault,0.6288564801216125
2020,Tyrrell Renault,0.6694645881652832
2021,Tyrrell Renault,0.7074906826019287
2022,Tyrrell Renault,0.7237811088562012
2023,Tyrrell Renault,0.6909536719322205
2024,Tyrrell Renault,0.5816779732704163
2025,Tyrrell Renault,0.3602086901664734
2026,Tyrrell Renault,0.2623216509819031
2027,Tyrrell Renault,0.23842091858386993
2028,Tyrrell Renault,0.23267102241516113
2029,Tyrrell Renault,0.23129287362098694
2030,Tyrrell Renault,0.2309628576040268
1958,Tyrrell Yamaha,0.5079261660575867
1959,Tyrrell Yamaha,0.6242666244506836
1960,Tyrrell Yamaha,0.6870554685592651
1961,Tyrrell Yamaha,0.7088679075241089
1962,Tyrrell Yamaha,0.7047690749168396
1963,Tyrrell Yamaha,0.6873371601104736
1964,Tyrrell Yamaha,0.6653519868850708
1965,Tyrrell Yamaha,0.6441047191619873
1966,Tyrrell Yamaha,0.6262434720993042
1967,Tyrrell Yamaha,0.6126464605331421
1968,Tyrrell Yamaha,0.6031385064125061
1969,Tyrrell Yamaha,0.5970143675804138
1970,Tyrrell Yamaha,0.5933902859687805
1971,Tyrrell Yamaha,0.5914192795753479
1972,Tyrrell Yamaha,0.5904037952423096
1973,Tyrrell Yamaha,0.5898355841636658
1974,Tyrrell Yamaha,0.5893856287002563
1975,Tyrrell Yamaha,0.5888651013374329
1976,Tyrrell Yamaha,0.5881737470626831
1977,Tyrrell Yamaha,0.5872495174407959
1978,Tyrrell Yamaha,0.5860321521759033
1979,Tyrrell Yamaha,0.584450900554657
1980,Tyrrell Yamaha,0.5824427604675293
1981,Tyrrell Yamaha,0.5800039172172546
1982,Tyrrell Yamaha,0.5772690773010254
1983,Tyrrell Yamaha,0.5746003985404968
1984,Tyrrell Yamaha,0.5726577639579773
1985,Tyrrell Yamaha,0.5724021792411804
1986,Tyrrell Yamaha,0.5749817490577698
1987,Tyrrell Yamaha,0.5814440250396729
1988,Tyrrell Yamaha,0.5922350883483887
1989,Tyrrell Yamaha,0.6064599752426147
1990,Tyrrell Yamaha,0.6209203600883484
1991,Tyrrell Yamaha,0.6290549635887146
1992,Tyrrell Yamaha,0.6202593445777893
1993,Tyrrell Yamaha,0.5805789828300476
1994,Tyrrell Yamaha,0.4567468762397766
1995,Tyrrell Yamaha,0.4058583378791809
1996,Tyrrell Yamaha,0.4406648874282837
1997,Tyrrell Yamaha,0.5675012469291687
1998,Tyrrell Yamaha,0.5887646675109863
1999,Tyrrell Yamaha,0.5978121161460876
2000,Tyrrell Yamaha,0.6034696102142334
2001,Tyrrell Yamaha,0.6081144213676453
2002,Tyrrell Yamaha,0.61185622215271
2003,Tyrrell Yamaha,0.6142833232879639
2004,Tyrrell Yamaha,0.6151103973388672
2005,Tyrrell Yamaha,0.6143226027488708
2006,Tyrrell Yamaha,0.6121128797531128
2007,Tyrrell Yamaha,0.6087550520896912
2008,Tyrrell Yamaha,0.6044831871986389
2009,Tyrrell Yamaha,0.5994164943695068
2010,Tyrrell Yamaha,0.5935574769973755
2011,Tyrrell Yamaha,0.5868784785270691
2012,Tyrrell Yamaha,0.5795007944107056
2013,Tyrrell Yamaha,0.5719397068023682
2014,Tyrrell Yamaha,0.5653578042984009
2015,Tyrrell Yamaha,0.5617228746414185
2016,Tyrrell Yamaha,0.5637352466583252
2017,Tyrrell Yamaha,0.5743858814239502
2018,Tyrrell Yamaha,0.5960506796836853
2019,Tyrrell Yamaha,0.6290690302848816
2020,Tyrrell Yamaha,0.6697522401809692
2021,Tyrrell Yamaha,0.707831621170044
2022,Tyrrell Yamaha,0.7241290211677551
2023,Tyrrell Yamaha,0.6912549138069153
2024,Tyrrell Yamaha,0.58188796043396
2025,Tyrrell Yamaha,0.3602086901664734
2026,Tyrrell Yamaha,0.2623216509819031
2027,Tyrrell Yamaha,0.23842091858386993
2028,Tyrrell Yamaha,0.23267102241516113
2029,Tyrrell Yamaha,0.23129287362098694
2030,Tyrrell Yamaha,0.2309628576040268
1958,Vanwall,0.635283887386322
1959,Vanwall,0.743496298789978
1960,Vanwall,0.7655476331710815
1961,Vanwall,0.7466549873352051
1962,Vanwall,0.7112538814544678
1963,Vanwall,0.674548864364624
1964,Vanwall,0.6440556049346924
1965,Vanwall,0.6222093105316162
1966,Vanwall,0.6085802912712097
1967,Vanwall,0.6014160513877869
1968,Vanwall,0.5986024737358093
1969,Vanwall,0.5982022881507874
1970,Vanwall,0.598710298538208
1971,Vanwall,0.5991266965866089
1972,Vanwall,0.5989198088645935
1973,Vanwall,0.5979297757148743
1974,Vanwall,0.5962503552436829
1975,Vanwall,0.5941140055656433
1976,Vanwall,0.5917971134185791
1977,Vanwall,0.5895523428916931
1978,Vanwall,0.5875696539878845
1979,Vanwall,0.5859619975090027
1980,Vanwall,0.5847683548927307
1981,Vanwall,0.5839691162109375
1982,Vanwall,0.5835052728652954
1983,Vanwall,0.5832981467247009
1984,Vanwall,0.583265483379364
1985,Vanwall,0.5833335518836975
1986,Vanwall,0.583443820476532
1987,Vanwall,0.5835554599761963
1988,Vanwall,0.583644449710846
1989,Vanwall,0.583700954914093
1990,Vanwall,0.5837251543998718
1991,Vanwall,0.5837231874465942
1992,Vanwall,0.5837031006813049
1993,Vanwall,0.5836718082427979
1994,Vanwall,0.583633303642273
1995,Vanwall,0.5835873484611511
1996,Vanwall,0.583530068397522
1997,Vanwall,0.5834556818008423
1998,Vanwall,0.5833598971366882
1999,Vanwall,0.5832435488700867
2000,Vanwall,0.5831165909767151
2001,Vanwall,0.5830010771751404
2002,Vanwall,0.5829305052757263
2003,Vanwall,0.5829437375068665
2004,Vanwall,0.5830711722373962
2005,Vanwall,0.5833132266998291
2006,Vanwall,0.5836127996444702
2007,Vanwall,0.5838273763656616
2008,Vanwall,0.5837132930755615
2009,Vanwall,0.5829354524612427
2010,Vanwall,0.5811238884925842
2011,Vanwall,0.5779905319213867
2012,Vanwall,0.5735126733779907
2013,Vanwall,0.5681660175323486
2014,Vanwall,0.5631540417671204
2015,Vanwall,0.5605378150939941
2016,Vanwall,0.5631369352340698
2017,Vanwall,0.5740667581558228
2018,Vanwall,0.5958160161972046
2019,Vanwall,0.6288173198699951
2020,Vanwall,0.6694507598876953
2021,Vanwall,0.7074929475784302
2022,Vanwall,0.7237911820411682
2023,Vanwall,0.6909648180007935
2024,Vanwall,0.581685483455658
2025,Vanwall,0.3602086901664734
2026,Vanwall,0.2623216509819031
2027,Vanwall,0.23842091858386993
2028,Vanwall,0.23267102241516113
2029,Vanwall,0.23129287362098694
2030,Vanwall,0.2309628576040268
1958,Venturi Lamborghini,0.5079333782196045
1959,Venturi Lamborghini,0.624274730682373
1960,Venturi Lamborghini,0.6870619058609009
1961,Venturi Lamborghini,0.7088680267333984
1962,Venturi Lamborghini,0.7047572135925293
1963,Venturi Lamborghini,0.687307596206665
1964,Venturi Lamborghini,0.6653014421463013
1965,Venturi Lamborghini,0.644035816192627
1966,Venturi Lamborghini,0.6261681318283081
1967,Venturi Lamborghini,0.6125888824462891
1968,Venturi Lamborghini,0.6031354069709778
1969,Venturi Lamborghini,0.5971101522445679
1970,Venturi Lamborghini,0.593626081943512
1971,Venturi Lamborghini,0.591813862323761
1972,Venturi Lamborghini,0.5909289121627808
1973,Venturi Lamborghini,0.5903891324996948
1974,Venturi Lamborghini,0.5897737741470337
1975,Venturi Lamborghini,0.5888056755065918
1976,Venturi Lamborghini,0.5873382091522217
1977,Venturi Lamborghini,0.5853579640388489
1978,Venturi Lamborghini,0.5830073952674866
1979,Venturi Lamborghini,0.5806182622909546
1980,Venturi Lamborghini,0.5787333250045776
1981,Venturi Lamborghini,0.5780833959579468
1982,Venturi Lamborghini,0.5794804692268372
1983,Venturi Lamborghini,0.583591878414154
1984,Venturi Lamborghini,0.590582549571991
1985,Venturi Lamborghini,0.5996439456939697
1986,Venturi Lamborghini,0.6084758639335632
1987,Venturi Lamborghini,0.6128615140914917
1988,Venturi Lamborghini,0.6065913438796997
1989,Venturi Lamborghini,0.5821157693862915
1990,Venturi Lamborghini,0.5323399901390076
1991,Venturi Lamborghini,0.45357227325439453
1992,Venturi Lamborghini,0.26077747344970703
1993,Venturi Lamborghini,0.4448869824409485
1994,Venturi Lamborghini,0.5070853233337402
1995,Venturi Lamborghini,0.5512922406196594
1996,Venturi Lamborghini,0.582557737827301
1997,Venturi Lamborghini,0.6029527187347412
1998,Venturi Lamborghini,0.6141524910926819
1999,Venturi Lamborghini,0.6180235743522644
2000,Venturi Lamborghini,0.6166008710861206
2001,Venturi Lamborghini,0.6118812561035156
2002,Venturi Lamborghini,0.6056177616119385
2003,Venturi Lamborghini,0.5991820096969604
2004,Venturi Lamborghini,0.5935066938400269
2005,Venturi Lamborghini,0.5890907049179077
2006,Venturi Lamborghini,0.5860439538955688
2007,Venturi Lamborghini,0.5841540694236755
2008,Venturi Lamborghini,0.5829640626907349
2009,Venturi Lamborghini,0.5818634033203125
2010,Venturi Lamborghini,0.5802057385444641
2011,Venturi Lamborghini,0.577464759349823
2012,Venturi Lamborghini,0.5734381079673767
2013,Venturi Lamborghini,0.5684844851493835
2014,Venturi Lamborghini,0.5637462735176086
2015,Venturi Lamborghini,0.5612680315971375
2016,Venturi Lamborghini,0.5638828277587891
2017,Venturi Lamborghini,0.5747359395027161
2018,Venturi Lamborghini,0.5963525176048279
2019,Venturi Lamborghini,0.6291993856430054
2020,Venturi Lamborghini,0.6696840524673462
2021,Venturi Lamborghini,0.707602322101593
2022,Venturi Lamborghini,0.7238117456436157
2023,Venturi Lamborghini,0.690935492515564
2024,Venturi Lamborghini,0.5816428065299988
2025,Venturi Lamborghini,0.3602086901664734
2026,Venturi Lamborghini,0.2623216509819031
2027,Venturi Lamborghini,0.23842091858386993
2028,Venturi Lamborghini,0.23267102241516113
2029,Venturi Lamborghini,0.23129287362098694
2030,Venturi Lamborghini,0.2309628576040268
1958,Virgin Cosworth,0.507928729057312
1959,Virgin Cosworth,0.6242690086364746
1960,Virgin Cosworth,0.6870571374893188
1961,Virgin Cosworth,0.7088683843612671
1962,Virgin Cosworth,0.7047688961029053
1963,Virgin Cosworth,0.6873382329940796
1964,Virgin Cosworth,0.6653581857681274
1965,Virgin Cosworth,0.6441228985786438
1966,Virgin Cosworth,0.6262834072113037
1967,Virgin Cosworth,0.6127201318740845
1968,Virgin Cosworth,0.6032583713531494
1969,Virgin Cosworth,0.5971904993057251
1970,Virgin Cosworth,0.5936263799667358
1971,Virgin Cosworth,0.5917089581489563
1972,Virgin Cosworth,0.5907288193702698
1973,Virgin Cosworth,0.5901681780815125
1974,Virgin Cosworth,0.5896981954574585
1975,Virgin Cosworth,0.5891493558883667
1976,Virgin Cosworth,0.5884694457054138
1977,Virgin Cosworth,0.5876806974411011
1978,Virgin Cosworth,0.5868417620658875
1979,Virgin Cosworth,0.5860193967819214
1980,Virgin Cosworth,0.58527010679245
1981,Virgin Cosworth,0.5846312046051025
1982,Virgin Cosworth,0.5841201543807983
1983,Virgin Cosworth,0.5837377309799194
1984,Virgin Cosworth,0.5834750533103943
1985,Virgin Cosworth,0.5833196640014648
1986,Virgin Cosworth,0.5832601189613342
1987,Virgin Cosworth,0.5832863450050354
1988,Virgin Cosworth,0.5833861231803894
1989,Virgin Cosworth,0.58353590965271
1990,Virgin Cosworth,0.5836896896362305
1991,Virgin Cosworth,0.5837680697441101
1992,Virgin Cosworth,0.5836529731750488
1993,Virgin Cosworth,0.5831961631774902
1994,Virgin Cosworth,0.5822470188140869
1995,Virgin Cosworth,0.5807071328163147
1996,Virgin Cosworth,0.578607976436615
1997,Virgin Cosworth,0.5762027502059937
1998,Virgin Cosworth,0.5740446448326111
1999,Virgin Cosworth,0.5730116367340088
2000,Virgin Cosworth,0.5742245316505432
2001,Virgin Cosworth,0.5788079500198364
2002,Virgin Cosworth,0.587459146976471
2003,Virgin Cosworth,0.5998255014419556
2004,Virgin Cosworth,0.613730251789093
2005,Virgin Cosworth,0.6243686079978943
2006,Virgin Cosworth,0.6237495541572571
2007,Virgin Cosworth,0.6009266972541809
2008,Virgin Cosworth,0.5437894463539124
2009,Virgin Cosworth,0.4429212212562561
2010,Virgin Cosworth,0.21933671832084656
2011,Virgin Cosworth,0.22370930016040802
2012,Virgin Cosworth,0.42255663871765137
2013,Virgin Cosworth,0.49667221307754517
2014,Virgin Cosworth,0.5462822318077087
2015,Virgin Cosworth,0.5802619457244873
2016,Virgin Cosworth,0.6049429178237915
2017,Virgin Cosworth,0.6262030601501465
2018,Virgin Cosworth,0.6492816209793091
2019,Virgin Cosworth,0.6773800849914551
2020,Virgin Cosworth,0.7094385027885437
2021,Virgin Cosworth,0.7373603582382202
2022,Virgin Cosworth,0.7436148524284363
2023,Virgin Cosworth,0.7020357847213745
2024,Virgin Cosworth,0.5861928462982178
2025,Virgin Cosworth,0.3602086901664734
2026,Virgin Cosworth,0.2623216509819031
2027,Virgin Cosworth,0.23842091858386993
2028,Virgin Cosworth,0.23267102241516113
2029,Virgin Cosworth,0.23129287362098694
2030,Virgin Cosworth,0.2309628576040268
1958,Williams BMW,0.5079293251037598
1959,Williams BMW,0.6242699027061462
1960,Williams BMW,0.6870582103729248
1961,Williams BMW,0.708869218826294
1962,Williams BMW,0.7047688961029053
1963,Williams BMW,0.6873362064361572
1964,Williams BMW,0.6653530597686768
1965,Williams BMW,0.6441136598587036
1966,Williams BMW,0.6262692213058472
1967,Williams BMW,0.612701416015625
1968,Williams BMW,0.6032370328903198
1969,Williams BMW,0.5971700549125671
1970,Williams BMW,0.5936117768287659
1971,Williams BMW,0.5917050242424011
1972,Williams BMW,0.5907377600669861
1973,Williams BMW,0.5901854634284973
1974,Williams BMW,0.5897080302238464
1975,Williams BMW,0.5891199707984924
1976,Williams BMW,0.5883504152297974
1977,Williams BMW,0.5874048471450806
1978,Williams BMW,0.5863339304924011
1979,Williams BMW,0.5852138996124268
1980,Williams BMW,0.5841372013092041
1981,Williams BMW,0.5832082033157349
1982,Williams BMW,0.5825377106666565
1983,Williams BMW,0.5822280049324036
1984,Williams BMW,0.5823420882225037
1985,Williams BMW,0.5828538537025452
1986,Williams BMW,0.5835845470428467
1987,Williams BMW,0.5841421484947205
1988,Williams BMW,0.5838925838470459
1989,Williams BMW,0.5820042490959167
1990,Williams BMW,0.5776165723800659
1991,Williams BMW,0.5701751708984375
1992,Williams BMW,0.5599470734596252
1993,Williams BMW,0.5486552119255066
1994,Williams BMW,0.5400477647781372
1995,Williams BMW,0.5400477647781372
1996,Williams BMW,0.5560141801834106
1997,Williams BMW,0.5947749614715576
1998,Williams BMW,0.6595419049263
1999,Williams BMW,0.7461545467376709
2000,Williams BMW,0.839434027671814
2001,Williams BMW,0.9519146084785461
2002,Williams BMW,1.0120069980621338
2003,Williams BMW,0.9986603856086731
2004,Williams BMW,0.8792686462402344
2005,Williams BMW,0.7742092609405518
2006,Williams BMW,0.7439001798629761
2007,Williams BMW,0.6604926586151123
2008,Williams BMW,0.6015785932540894
2009,Williams BMW,0.5697251558303833
2010,Williams BMW,0.5591805577278137
2011,Williams BMW,0.5619315505027771
2012,Williams BMW,0.5706778764724731
2013,Williams BMW,0.5802261829376221
2014,Williams BMW,0.588006854057312
2015,Williams BMW,0.5940536260604858
2016,Williams BMW,0.600562334060669
2017,Williams BMW,0.6110274791717529
2018,Williams BMW,0.6289302110671997
2019,Williams BMW,0.6559601426124573
2020,Williams BMW,0.6897340416908264
2021,Williams BMW,0.72105473279953
2022,Williams BMW,0.7315160632133484
2023,Williams BMW,0.6942321062088013
2024,Williams BMW,0.5821394920349121
2025,Williams BMW,0.3602086901664734
2026,Williams BMW,0.2623216509819031
2027,Williams BMW,0.23842091858386993
2028,Williams BMW,0.23267102241516113
2029,Williams BMW,0.23129287362098694
2030,Williams BMW,0.2309628576040268
1958,Williams Cosworth,0.5079287886619568
1959,Williams Cosworth,0.6242690682411194
1960,Williams Cosworth,0.6870571374893188
1961,Williams Cosworth,0.7088683843612671
1962,Williams Cosworth,0.7047688961029053
1963,Williams Cosworth,0.6873380541801453
1964,Williams Cosworth,0.6653578877449036
1965,Williams Cosworth,0.6441224813461304
1966,Williams Cosworth,0.6262828707695007
1967,Williams Cosworth,0.6127195358276367
1968,Williams Cosworth,0.6032578945159912
1969,Williams Cosworth,0.5971903204917908
1970,Williams Cosworth,0.5936265587806702
1971,Williams Cosworth,0.5917094945907593
1972,Williams Cosworth,0.5907293558120728
1973,Williams Cosworth,0.5901679396629333
1974,Williams Cosworth,0.5896958708763123
1975,Williams Cosworth,0.5891428589820862
1976,Williams Cosworth,0.5884565711021423
1977,Williams Cosworth,0.5876589417457581
1978,Williams Cosworth,0.5868094563484192
1979,Williams Cosworth,0.585976243019104
1980,Williams Cosworth,0.5852181315422058
1981,Williams Cosworth,0.5845755338668823
1982,Williams Cosworth,0.5840678811073303
1983,Williams Cosworth,0.5836964249610901
1984,Williams Cosworth,0.5834481716156006
1985,Williams Cosworth,0.5833004117012024
1986,Williams Cosworth,0.5832229256629944
1987,Williams Cosworth,0.5831795334815979
1988,Williams Cosworth,0.5831266045570374
1989,Williams Cosworth,0.5830125212669373
1990,Williams Cosworth,0.5827783942222595
1991,Williams Cosworth,0.5823642611503601
1992,Williams Cosworth,0.5817214846611023
1993,Williams Cosworth,0.5808342099189758
1994,Williams Cosworth,0.5797476172447205
1995,Williams Cosworth,0.578598141670227
1996,Williams Cosworth,0.5776355266571045
1997,Williams Cosworth,0.577221155166626
1998,Williams Cosworth,0.5777831077575684
1999,Williams Cosworth,0.5797080397605896
2000,Williams Cosworth,0.5831511616706848
2001,Williams Cosworth,0.5877558588981628
2002,Williams Cosworth,0.5922881364822388
2003,Williams Cosworth,0.5942301154136658
2004,Williams Cosworth,0.5894723534584045
2005,Williams Cosworth,0.572242796421051
2006,Williams Cosworth,0.4864015579223633
2007,Williams Cosworth,0.6065285205841064
2008,Williams Cosworth,0.620600700378418
2009,Williams Cosworth,0.6059046983718872
2010,Williams Cosworth,0.5322315096855164
2011,Williams Cosworth,0.4763176441192627
2012,Williams Cosworth,0.583868145942688
2013,Williams Cosworth,0.5841765403747559
2014,Williams Cosworth,0.5777787566184998
2015,Williams Cosworth,0.5747108459472656
2016,Williams Cosworth,0.5791364312171936
2017,Williams Cosworth,0.5932711362838745
2018,Williams Cosworth,0.6182514429092407
2019,Williams Cosworth,0.6534063816070557
2020,Williams Cosworth,0.6944617033004761
2021,Williams Cosworth,0.730961263179779
2022,Williams Cosworth,0.7438464164733887
2023,Williams Cosworth,0.7061338424682617
2024,Williams Cosworth,0.5912450551986694
2025,Williams Cosworth,0.3602086901664734
2026,Williams Cosworth,0.2623216509819031
2027,Williams Cosworth,0.23842091858386993
2028,Williams Cosworth,0.23267102241516113
2029,Williams Cosworth,0.23129287362098694
2030,Williams Cosworth,0.2309628576040268
1958,Williams Ford,0.5072288513183594
1959,Williams Ford,0.623249888420105
1960,Williams Ford,0.6857014894485474
1961,Williams Ford,0.7072117924690247
1962,Williams Ford,0.7029105424880981
1963,Williams Ford,0.6854246854782104
1964,Williams Ford,0.6635241508483887
1965,Williams Ford,0.6423814296722412
1966,Williams Ford,0.6243755221366882
1967,Williams Ford,0.6099545359611511
1968,Williams Ford,0.5984024405479431
1969,Williams Ford,0.5885074138641357
1970,Williams Ford,0.5791777968406677
1971,Williams Ford,0.5700362324714661
1972,Williams Ford,0.5619564056396484
1973,Williams Ford,0.5573981404304504
1974,Williams Ford,0.5602487921714783
1975,Williams Ford,0.5747842788696289
1976,Williams Ford,0.6035059690475464
1977,Williams Ford,0.6439411640167236
1978,Williams Ford,0.6301556825637817
1979,Williams Ford,0.8836549520492554
1980,Williams Ford,1.0229233503341675
1981,Williams Ford,1.0209324359893799
1982,Williams Ford,0.8945264220237732
1983,Williams Ford,0.7996874451637268
1984,Williams Ford,0.7586278915405273
1985,Williams Ford,0.6697179079055786
1986,Williams Ford,0.6064305305480957
1987,Williams Ford,0.5718361139297485
1988,Williams Ford,0.560605525970459
1989,Williams Ford,0.5649538636207581
1990,Williams Ford,0.5774552822113037
1991,Williams Ford,0.5922466516494751
1992,Williams Ford,0.6053590774536133
1993,Williams Ford,0.6145997643470764
1994,Williams Ford,0.6192219257354736
1995,Williams Ford,0.6195144653320312
1996,Williams Ford,0.6163947582244873
1997,Williams Ford,0.611052930355072
1998,Williams Ford,0.6046761274337769
1999,Williams Ford,0.5982671976089478
2000,Williams Ford,0.5925523638725281
2001,Williams Ford,0.5879648923873901
2002,Williams Ford,0.5846788883209229
2003,Williams Ford,0.582667887210846
2004,Williams Ford,0.5817666053771973
2005,Williams Ford,0.5817186832427979
2006,Williams Ford,0.5822045803070068
2007,Williams Ford,0.582851767539978
2008,Williams Ford,0.5832387804985046
2009,Williams Ford,0.582912027835846
2010,Williams Ford,0.5814366936683655
2011,Williams Ford,0.5785037279129028
2012,Williams Ford,0.574100136756897
2013,Williams Ford,0.5687288641929626
2014,Williams Ford,0.563627302646637
2015,Williams Ford,0.560889482498169
2016,Williams Ford,0.5633623600006104
2017,Williams Ford,0.5741802453994751
2018,Williams Ford,0.5958428978919983
2019,Williams Ford,0.6287866830825806
2020,Williams Ford,0.6693899631500244
2021,Williams Ford,0.7074247598648071
2022,Williams Ford,0.7237318754196167
2023,Williams Ford,0.6909244060516357
2024,Williams Ford,0.5816672444343567
2025,Williams Ford,0.3602086901664734
2026,Williams Ford,0.2623216509819031
2027,Williams Ford,0.23842091858386993
2028,Williams Ford,0.23267102241516113
2029,Williams Ford,0.23129287362098694
2030,Williams Ford,0.2309628576040268
1958,Williams Honda,0.5078490376472473
1959,Williams Honda,0.6241639852523804
1960,Williams Honda,0.686914324760437
1961,Williams Honda,0.7086631059646606
1962,Williams Honda,0.7044585943222046
1963,Williams Honda,0.6868573427200317
1964,Williams Honda,0.6646153926849365
1965,Williams Honda,0.6430028676986694
1966,Williams Honda,0.6246551275253296
1967,Williams Honda,0.6104545593261719
1968,Williams Honda,0.6002538800239563
1969,Williams Honda,0.593403697013855
1970,Williams Honda,0.5891008973121643
1971,Williams Honda,0.5865906476974487
1972,Williams Honda,0.5852545499801636
1973,Williams Honda,0.5846155285835266
1974,Williams Honda,0.5842915177345276
1975,Williams Honda,0.5839290618896484
1976,Williams Honda,0.5831480026245117
1977,Williams Honda,0.5815202593803406
1978,Williams Honda,0.5785800218582153
1979,Williams Honda,0.5738174319267273
1980,Williams Honda,0.5665407180786133
1981,Williams Honda,0.5554952621459961
1982,Williams Honda,0.5381121039390564
1983,Williams Honda,0.4383389353752136
1984,Williams Honda,0.6262506246566772
1985,Williams Honda,0.8273297548294067
1986,Williams Honda,1.0014861822128296
1987,Williams Honda,1.0246270895004272
1988,Williams Honda,0.916702389717102
1989,Williams Honda,0.7779834270477295
1990,Williams Honda,0.6683422327041626
1991,Williams Honda,0.5966641902923584
1992,Williams Honda,0.5592001676559448
1993,Williams Honda,0.5475817322731018
1994,Williams Honda,0.5526648163795471
1995,Williams Honda,0.5664038062095642
1996,Williams Honda,0.5826202630996704
1997,Williams Honda,0.5971584916114807
1998,Williams Honda,0.6077104806900024
1999,Williams Honda,0.613470196723938
2000,Williams Honda,0.6147172451019287
2001,Williams Honda,0.612400472164154
2002,Williams Honda,0.6077686548233032
2003,Williams Honda,0.6020767688751221
2004,Williams Honda,0.5963807106018066
2005,Williams Honda,0.5914170145988464
2006,Williams Honda,0.5875550508499146
2007,Williams Honda,0.5848045349121094
2008,Williams Honda,0.5828655362129211
2009,Williams Honda,0.5812148451805115
2010,Williams Honda,0.579232394695282
2011,Williams Honda,0.5763738751411438
2012,Williams Honda,0.5723927617073059
2013,Williams Honda,0.5675926208496094
2014,Williams Honda,0.5630624294281006
2015,Williams Honda,0.5608024001121521
2016,Williams Honda,0.563613772392273
2017,Williams Honda,0.5746233463287354
2018,Williams Honda,0.5963490605354309
2019,Williams Honda,0.6292595863342285
2020,Williams Honda,0.6697701215744019
2021,Williams Honda,0.7076863646507263
2022,Williams Honda,0.7238764762878418
2023,Williams Honda,0.6909729838371277
2024,Williams Honda,0.5816535353660583
2025,Williams Honda,0.3602086901664734
2026,Williams Honda,0.2623216509819031
2027,Williams Honda,0.23842091858386993
2028,Williams Honda,0.23267102241516113
2029,Williams Honda,0.23129287362098694
2030,Williams Honda,0.2309628576040268
1958,Williams Judd,0.5079270601272583
1959,Williams Judd,0.6242632269859314
1960,Williams Judd,0.6870434284210205
1961,Williams Judd,0.7088415026664734
1962,Williams Judd,0.7047228813171387
1963,Williams Judd,0.6872677803039551
1964,Williams Judd,0.665260374546051
1965,Williams Judd,0.6439990401268005
1966,Williams Judd,0.6261399984359741
1967,Williams Judd,0.6125686168670654
1968,Williams Judd,0.603111743927002
1969,Williams Judd,0.5970554351806641
1970,Williams Judd,0.5934913754463196
1971,Williams Judd,0.5915292501449585
1972,Williams Judd,0.5904107689857483
1973,Williams Judd,0.58955979347229
1974,Williams Judd,0.5885942578315735
1975,Williams Judd,0.5873215198516846
1976,Williams Judd,0.5857312083244324
1977,Williams Judd,0.5839900970458984
1978,Williams Judd,0.5824349522590637
1979,Williams Judd,0.5815481543540955
1980,Williams Judd,0.5818940997123718
1981,Williams Judd,0.583990752696991
1982,Williams Judd,0.5880913138389587
1983,Williams Judd,0.5938676595687866
1984,Williams Judd,0.6000051498413086
1985,Williams Judd,0.6037662029266357
1986,Williams Judd,0.6006834506988525
1987,Williams Judd,0.5845617055892944
1988,Williams Judd,0.5075542330741882
1989,Williams Judd,0.5964807271957397
1990,Williams Judd,0.594262421131134
1991,Williams Judd,0.5867931246757507
1992,Williams Judd,0.5817543268203735
1993,Williams Judd,0.5804407000541687
1994,Williams Judd,0.5820163488388062
1995,Williams Judd,0.5851277709007263
1996,Williams Judd,0.5885518789291382
1997,Williams Judd,0.591421902179718
1998,Williams Judd,0.5932613611221313
1999,Williams Judd,0.5939314961433411
2000,Williams Judd,0.5935443043708801
2001,Williams Judd,0.5923676490783691
2002,Williams Judd,0.5907383561134338
2003,Williams Judd,0.588989794254303
2004,Williams Judd,0.5873952507972717
2005,Williams Judd,0.5861250758171082
2006,Williams Judd,0.5852165818214417
2007,Williams Judd,0.5845557451248169
2008,Williams Judd,0.5838775634765625
2009,Williams Judd,0.582794725894928
2010,Williams Judd,0.580871045589447
2011,Williams Judd,0.5777511596679688
2012,Williams Judd,0.5733542442321777
2013,Williams Judd,0.5681109428405762
2014,Williams Judd,0.5631942749023438
2015,Williams Judd,0.5606485605239868
2016,Williams Judd,0.5632874369621277
2017,Williams Judd,0.5742278099060059
2018,Williams Judd,0.5959648489952087
2019,Williams Judd,0.628939151763916
2020,Williams Judd,0.6695388555526733
2021,Williams Judd,0.7075476050376892
2022,Williams Judd,0.7238171696662903
2023,Williams Judd,0.6909701824188232
2024,Williams Judd,0.5816795825958252
2025,Williams Judd,0.3602086901664734
2026,Williams Judd,0.2623216509819031
2027,Williams Judd,0.23842091858386993
2028,Williams Judd,0.23267102241516113
2029,Williams Judd,0.23129287362098694
2030,Williams Judd,0.2309628576040268
1958,Williams Mecachrome,0.5079290270805359
1959,Williams Mecachrome,0.6242690086364746
1960,Williams Mecachrome,0.6870564222335815
1961,Williams Mecachrome,0.7088667154312134
1962,Williams Mecachrome,0.704765796661377
1963,Williams Mecachrome,0.6873334646224976
1964,Williams Mecachrome,0.6653522253036499
1965,Williams Mecachrome,0.6441167593002319
1966,Williams Mecachrome,0.6262785196304321
1967,Williams Mecachrome,0.6127187013626099
1968,Williams Mecachrome,0.6032623648643494
1969,Williams Mecachrome,0.5972007513046265
1970,Williams Mecachrome,0.5936412215232849
1971,Williams Mecachrome,0.5917223691940308
1972,Williams Mecachrome,0.5907291769981384
1973,Williams Mecachrome,0.5901374816894531
1974,Williams Mecachrome,0.5896135568618774
1975,Williams Mecachrome,0.5889868140220642
1976,Williams Mecachrome,0.5882118940353394
1977,Williams Mecachrome,0.5873280763626099
1978,Williams Mecachrome,0.5864229798316956
1979,Williams Mecachrome,0.5856013894081116
1980,Williams Mecachrome,0.5849592685699463
1981,Williams Mecachrome,0.5845595598220825
1982,Williams Mecachrome,0.5844093561172485
1983,Williams Mecachrome,0.584438681602478
1984,Williams Mecachrome,0.5844863653182983
1985,Williams Mecachrome,0.5843018293380737
1986,Williams Mecachrome,0.5835766792297363
1987,Williams Mecachrome,0.5820196270942688
1988,Williams Mecachrome,0.5794858336448669
1989,Williams Mecachrome,0.5761532783508301
1990,Williams Mecachrome,0.5727196931838989
1991,Williams Mecachrome,0.5705523490905762
1992,Williams Mecachrome,0.5716888308525085
1993,Williams Mecachrome,0.5785597562789917
1994,Williams Mecachrome,0.5933175683021545
1995,Williams Mecachrome,0.6167118549346924
1996,Williams Mecachrome,0.6465449929237366
1997,Williams Mecachrome,0.6758372783660889
1998,Williams Mecachrome,0.6875739097595215
1999,Williams Mecachrome,0.7022336721420288
2000,Williams Mecachrome,0.6531280279159546
2001,Williams Mecachrome,0.608948826789856
2002,Williams Mecachrome,0.5787690877914429
2003,Williams Mecachrome,0.562941312789917
2004,Williams Mecachrome,0.5585792064666748
2005,Williams Mecachrome,0.5619046688079834
2006,Williams Mecachrome,0.5693197250366211
2007,Williams Mecachrome,0.5778608918190002
2008,Williams Mecachrome,0.5853362679481506
2009,Williams Mecachrome,0.5903006196022034
2010,Williams Mecachrome,0.5919724702835083
2011,Williams Mecachrome,0.5901620388031006
2012,Williams Mecachrome,0.5852604508399963
2013,Williams Mecachrome,0.5782986283302307
2014,Williams Mecachrome,0.5710419416427612
2015,Williams Mecachrome,0.5660315752029419
2016,Williams Mecachrome,0.566439688205719
2017,Williams Mecachrome,0.5755957365036011
2018,Williams Mecachrome,0.5960778594017029
2019,Williams Mecachrome,0.6283097267150879
2020,Williams Mecachrome,0.6685972809791565
2021,Williams Mecachrome,0.7066115140914917
2022,Williams Mecachrome,0.7230878472328186
2023,Williams Mecachrome,0.690541684627533
2024,Williams Mecachrome,0.5815505385398865
2025,Williams Mecachrome,0.3602086901664734
2026,Williams Mecachrome,0.2623216509819031
2027,Williams Mecachrome,0.23842091858386993
2028,Williams Mecachrome,0.23267102241516113
2029,Williams Mecachrome,0.23129287362098694
2030,Williams Mecachrome,0.2309628576040268
1958,Williams Mercedes,0.5079287886619568
1959,Williams Mercedes,0.6242690086364746
1960,Williams Mercedes,0.6870571374893188
1961,Williams Mercedes,0.7088683843612671
1962,Williams Mercedes,0.7047688364982605
1963,Williams Mercedes,0.6873379945755005
1964,Williams Mercedes,0.6653578281402588
1965,Williams Mercedes,0.6441226005554199
1966,Williams Mercedes,0.6262831687927246
1967,Williams Mercedes,0.6127200722694397
1968,Williams Mercedes,0.6032588481903076
1969,Williams Mercedes,0.5971918106079102
1970,Williams Mercedes,0.5936287045478821
1971,Williams Mercedes,0.591712236404419
1972,Williams Mercedes,0.590732753276825
1973,Williams Mercedes,0.5901720523834229
1974,Williams Mercedes,0.5897005796432495
1975,Williams Mercedes,0.5891486406326294
1976,Williams Mercedes,0.588464081287384
1977,Williams Mercedes,0.5876700282096863
1978,Williams Mercedes,0.5868269801139832
1979,Williams Mercedes,0.5860047936439514
1980,Williams Mercedes,0.5852639079093933
1981,Williams Mercedes,0.5846461653709412
1982,Williams Mercedes,0.5841720104217529
1983,Williams Mercedes,0.5838422775268555
1984,Williams Mercedes,0.583642303943634
1985,Williams Mercedes,0.5835461616516113
1986,Williams Mercedes,0.5835205912590027
1987,Williams Mercedes,0.5835275053977966
1988,Williams Mercedes,0.5835267305374146
1989,Williams Mercedes,0.5834786295890808
1990,Williams Mercedes,0.5833492279052734
1991,Williams Mercedes,0.5831174850463867
1992,Williams Mercedes,0.5827857255935669
1993,Williams Mercedes,0.5823898315429688
1994,Williams Mercedes,0.5820078253746033
1995,Williams Mercedes,0.5817575454711914
1996,Williams Mercedes,0.5817791819572449
1997,Williams Mercedes,0.5821943283081055
1998,Williams Mercedes,0.5830380320549011
1999,Williams Mercedes,0.5841710567474365
2000,Williams Mercedes,0.5851884484291077
2001,Williams Mercedes,0.5853570699691772
2002,Williams Mercedes,0.5836344361305237
2003,Williams Mercedes,0.578830361366272
2004,Williams Mercedes,0.5699748396873474
2005,Williams Mercedes,0.5569279193878174
2006,Williams Mercedes,0.5411900877952576
2007,Williams Mercedes,0.5267283916473389
2008,Williams Mercedes,0.520424485206604
2009,Williams Mercedes,0.5315844416618347
2010,Williams Mercedes,0.5701059103012085
2011,Williams Mercedes,0.6434797048568726
2012,Williams Mercedes,0.7530070543289185
2013,Williams Mercedes,0.8890664577484131
2014,Williams Mercedes,1.0789251327514648
2015,Williams Mercedes,1.0910980701446533
2016,Williams Mercedes,0.8998847007751465
2017,Williams Mercedes,0.6887027025222778
2018,Williams Mercedes,0.45473700761795044
2019,Williams Mercedes,0.3767510652542114
2020,Williams Mercedes,0.3807032108306885
2021,Williams Mercedes,0.44197237491607666
2022,Williams Mercedes,0.4632766842842102
2023,Williams Mercedes,0.505042314529419
2024,Williams Mercedes,0.4510839581489563
2025,Williams Mercedes,0.29602324962615967
2026,Williams Mercedes,0.2465866059064865
2027,Williams Mercedes,0.23463158309459686
2028,Williams Mercedes,0.23176254332065582
2029,Williams Mercedes,0.23107531666755676
2030,Williams Mercedes,0.2309107631444931
1958,Williams Renault,0.507909893989563
1959,Williams Renault,0.6242532730102539
1960,Williams Renault,0.6870501041412354
1961,Williams Renault,0.7088744640350342
1962,Williams Renault,0.7047872543334961
1963,Williams Renault,0.6873574256896973
1964,Williams Renault,0.6653504371643066
1965,Williams Renault,0.6440390348434448
1966,Williams Renault,0.6260519027709961
1967,Williams Renault,0.6122531890869141
1968,Williams Renault,0.6024674773216248
1969,Williams Renault,0.5960122346878052
1970,Williams Renault,0.5920568108558655
1971,Williams Renault,0.5898386240005493
1972,Williams Renault,0.5887643098831177
1973,Williams Renault,0.5884201526641846
1974,Williams Renault,0.5885143280029297
1975,Williams Renault,0.5887719392776489
1976,Williams Renault,0.5888144373893738
1977,Williams Renault,0.5880610346794128
1978,Williams Renault,0.5857029557228088
1979,Williams Renault,0.580808699131012
1980,Williams Renault,0.5726178884506226
1981,Williams Renault,0.5610553622245789
1982,Williams Renault,0.5474329590797424
1983,Williams Renault,0.5351784229278564
1984,Williams Renault,0.5302351713180542
1985,Williams Renault,0.5405880212783813
1986,Williams Renault,0.5744209885597229
1987,Williams Renault,0.6369448900222778
1988,Williams Renault,0.726603627204895
1989,Williams Renault,0.8477815389633179
1990,Williams Renault,0.9253191947937012
1991,Williams Renault,1.0491493940353394
1992,Williams Renault,1.1304682493209839
1993,Williams Renault,1.148393154144287
1994,Williams Renault,1.1190837621688843
1995,Williams Renault,1.0749073028564453
1996,Williams Renault,1.0645321607589722
1997,Williams Renault,0.9893052577972412
1998,Williams Renault,0.8630978465080261
1999,Williams Renault,0.7242205739021301
2000,Williams Renault,0.6247138977050781
2001,Williams Renault,0.5666820406913757
2002,Williams Renault,0.5428600907325745
2003,Williams Renault,0.5434110164642334
2004,Williams Renault,0.5591981410980225
2005,Williams Renault,0.582997739315033
2006,Williams Renault,0.6094638109207153
2007,Williams Renault,0.6343680024147034
2008,Williams Renault,0.6534073352813721
2009,Williams Renault,0.6608566641807556
2010,Williams Renault,0.6485944390296936
2011,Williams Renault,0.6063193082809448
2012,Williams Renault,0.48460066318511963
2013,Williams Renault,0.4454041123390198
2014,Williams Renault,0.5575821995735168
2015,Williams Renault,0.563569188117981
2016,Williams Renault,0.5669990181922913
2017,Williams Renault,0.579332172870636
2018,Williams Renault,0.6044608950614929
2019,Williams Renault,0.6418631672859192
2020,Williams Renault,0.6864762306213379
2021,Williams Renault,0.7268871068954468
2022,Williams Renault,0.7432395219802856
2023,Williams Renault,0.7080084681510925
2024,Williams Renault,0.5943468809127808
2025,Williams Renault,0.3602086901664734
2026,Williams Renault,0.2623216509819031
2027,Williams Renault,0.23842091858386993
2028,Williams Renault,0.23267102241516113
2029,Williams Renault,0.23129287362098694
2030,Williams Renault,0.2309628576040268
1958,Williams Supertec,0.5079288482666016
1959,Williams Supertec,0.6242690086364746
1960,Williams Supertec,0.6870567798614502
1961,Williams Supertec,0.7088675498962402
1962,Williams Supertec,0.7047672867774963
1963,Williams Supertec,0.6873356103897095
1964,Williams Supertec,0.6653547883033752
1965,Williams Supertec,0.6441190838813782
1966,Williams Supertec,0.6262797117233276
1967,Williams Supertec,0.6127173900604248
1968,Williams Supertec,0.6032575964927673
1969,Williams Supertec,0.5971919298171997
1970,Williams Supertec,0.5936291813850403
1971,Williams Supertec,0.591710090637207
1972,Williams Supertec,0.5907223224639893
1973,Williams Supertec,0.590144693851471
1974,Williams Supertec,0.5896453261375427
1975,Williams Supertec,0.5890532732009888
1976,Williams Supertec,0.588318407535553
1977,Williams Supertec,0.587469756603241
1978,Williams Supertec,0.5865786671638489
1979,Williams Supertec,0.58572918176651
1980,Williams Supertec,0.5849966406822205
1981,Williams Supertec,0.5844318270683289
1982,Williams Supertec,0.5840493440628052
1983,Williams Supertec,0.5838189125061035
1984,Williams Supertec,0.5836610794067383
1985,Williams Supertec,0.5834495425224304
1986,Williams Supertec,0.5830264687538147
1987,Williams Supertec,0.5822363495826721
1988,Williams Supertec,0.5809851884841919
1989,Williams Supertec,0.5793225169181824
1990,Williams Supertec,0.5775365829467773
1991,Williams Supertec,0.5762355327606201
1992,Williams Supertec,0.5763698220252991
1993,Williams Supertec,0.5791320204734802
1994,Williams Supertec,0.5856658220291138
1995,Williams Supertec,0.5965232253074646
1996,Williams Supertec,0.6108478307723999
1997,Williams Supertec,0.6253566741943359
1998,Williams Supertec,0.6332859992980957
1999,Williams Supertec,0.6023485660552979
2000,Williams Supertec,0.652729868888855
2001,Williams Supertec,0.6255921721458435
2002,Williams Supertec,0.5985326170921326
2003,Williams Supertec,0.5800710916519165
2004,Williams Supertec,0.5710572600364685
2005,Williams Supertec,0.5695760846138
2006,Williams Supertec,0.572937548160553
2007,Williams Supertec,0.5785425305366516
2008,Williams Supertec,0.5842346549034119
2009,Williams Supertec,0.588411808013916
2010,Williams Supertec,0.5900396108627319
2011,Williams Supertec,0.5886527895927429
2012,Williams Supertec,0.5843924880027771
2013,Williams Supertec,0.5780947804450989
2014,Williams Supertec,0.5713961124420166
2015,Williams Supertec,0.5667712688446045
2016,Williams Supertec,0.5673776268959045
2017,Williams Supertec,0.5765655040740967
2018,Williams Supertec,0.5969544649124146
2019,Williams Supertec,0.6290167570114136
2020,Williams Supertec,0.6691039800643921
2021,Williams Supertec,0.7069236636161804
2022,Williams Supertec,0.7232370972633362
2023,Williams Supertec,0.6905753016471863
2024,Williams Supertec,0.5815220475196838
2025,Williams Supertec,0.3602086901664734
2026,Williams Supertec,0.2623216509819031
2027,Williams Supertec,0.23842091858386993
2028,Williams Supertec,0.23267102241516113
2029,Williams Supertec,0.23129287362098694
2030,Williams Supertec,0.2309628576040268
1958,Williams Toyota,0.507928729057312
1959,Williams Toyota,0.6242690086364746
1960,Williams Toyota,0.6870570778846741
1961,Williams Toyota,0.7088683843612671
1962,Williams Toyota,0.7047688961029053
1963,Williams Toyota,0.6873381733894348
1964,Williams Toyota,0.6653581857681274
1965,Williams Toyota,0.6441229581832886
1966,Williams Toyota,0.6262834072113037
1967,Williams Toyota,0.6127200126647949
1968,Williams Toyota,0.6032580137252808
1969,Williams Toyota,0.597189724445343
1970,Williams Toyota,0.593625009059906
1971,Williams Toyota,0.5917067527770996
1972,Williams Toyota,0.5907255411148071
1973,Williams Toyota,0.5901636481285095
1974,Williams Toyota,0.5896922945976257
1975,Williams Toyota,0.5891420841217041
1976,Williams Toyota,0.5884609222412109
1977,Williams Toyota,0.5876709222793579
1978,Williams Toyota,0.5868301391601562
1979,Williams Toyota,0.5860044360160828
1980,Williams Toyota,0.5852483510971069
1981,Williams Toyota,0.5845970511436462
1982,Williams Toyota,0.5840646028518677
1983,Williams Toyota,0.583648681640625
1984,Williams Toyota,0.5833377242088318
1985,Williams Toyota,0.5831182599067688
1986,Williams Toyota,0.5829805731773376
1987,Williams Toyota,0.5829195976257324
1988,Williams Toyota,0.582931637763977
1989,Williams Toyota,0.5830031633377075
1990,Williams Toyota,0.5830959677696228
1991,Williams Toyota,0.5831302404403687
1992,Williams Toyota,0.5829724073410034
1993,Williams Toyota,0.5824368000030518
1994,Williams Toyota,0.5813125967979431
1995,Williams Toyota,0.5794269442558289
1996,Williams Toyota,0.5767483115196228
1997,Williams Toyota,0.5735263228416443
1998,Williams Toyota,0.5704397559165955
1999,Williams Toyota,0.5687023401260376
2000,Williams Toyota,0.5700442790985107
2001,Williams Toyota,0.5764670372009277
2002,Williams Toyota,0.5896592736244202
2003,Williams Toyota,0.6099746823310852
2004,Williams Toyota,0.6349098682403564
2005,Williams Toyota,0.6572138071060181
2006,Williams Toyota,0.6632904410362244
2007,Williams Toyota,0.6216520071029663
2008,Williams Toyota,0.5472369194030762
2009,Williams Toyota,0.5552372932434082
2010,Williams Toyota,0.6297299861907959
2011,Williams Toyota,0.6100871562957764
2012,Williams Toyota,0.5884274840354919
2013,Williams Toyota,0.5734135508537292
2014,Williams Toyota,0.5665091872215271
2015,Williams Toyota,0.5673481225967407
2016,Williams Toyota,0.5758864283561707
2017,Williams Toyota,0.5928582549095154
2018,Williams Toyota,0.6191478371620178
2019,Williams Toyota,0.6543644070625305
2020,Williams Toyota,0.6947042346000671
2021,Williams Toyota,0.7301916480064392
2022,Williams Toyota,0.74216628074646
2023,Williams Toyota,0.70391845703125
2024,Williams Toyota,0.5889977812767029
2025,Williams Toyota,0.3602086901664734
2026,Williams Toyota,0.2623216509819031
2027,Williams Toyota,0.23842091858386993
2028,Williams Toyota,0.23267102241516113
2029,Williams Toyota,0.23129287362098694
2030,Williams Toyota,0.2309628576040268
1958,Wolf Ford,0.5074524879455566
1959,Wolf Ford,0.6238223314285278
1960,Wolf Ford,0.6867427229881287
1961,Wolf Ford,0.7087708711624146
1962,Wolf Ford,0.7048912644386292
1963,Wolf Ford,0.6875154376029968
1964,Wolf Ford,0.6651698350906372
1965,Wolf Ford,0.6428416967391968
1966,Wolf Ford,0.6229129433631897
1967,Wolf Ford,0.6061840653419495
1968,Wolf Ford,0.5927924513816833
1969,Wolf Ford,0.5829532742500305
1970,Wolf Ford,0.5774635672569275
1971,Wolf Ford,0.5778810381889343
1972,Wolf Ford,0.5862587690353394
1973,Wolf Ford,0.6043235063552856
1974,Wolf Ford,0.6320362687110901
1975,Wolf Ford,0.665593147277832
1976,Wolf Ford,0.6951157450675964
1977,Wolf Ford,0.6938316226005554
1978,Wolf Ford,0.6836694478988647
1979,Wolf Ford,0.7058277130126953
1980,Wolf Ford,0.6504712700843811
1981,Wolf Ford,0.6037855744361877
1982,Wolf Ford,0.5745123028755188
1983,Wolf Ford,0.5616949796676636
1984,Wolf Ford,0.5610693693161011
1985,Wolf Ford,0.5678085684776306
1986,Wolf Ford,0.5777186155319214
1987,Wolf Ford,0.5876897573471069
1988,Wolf Ford,0.5957666039466858
1989,Wolf Ford,0.6010176539421082
1990,Wolf Ford,0.6033070087432861
1991,Wolf Ford,0.6030345559120178
1992,Wolf Ford,0.6008884906768799
1993,Wolf Ford,0.5976390242576599
1994,Wolf Ford,0.5939894914627075
1995,Wolf Ford,0.5904874205589294
1996,Wolf Ford,0.587489664554596
1997,Wolf Ford,0.585170567035675
1998,Wolf Ford,0.5835559964179993
1999,Wolf Ford,0.5825719833374023
2000,Wolf Ford,0.5820934772491455
2001,Wolf Ford,0.5819863080978394
2002,Wolf Ford,0.5821351408958435
2003,Wolf Ford,0.5824559926986694
2004,Wolf Ford,0.5828901529312134
2005,Wolf Ford,0.5833833813667297
2006,Wolf Ford,0.5838536620140076
2007,Wolf Ford,0.584156334400177
2008,Wolf Ford,0.5840597152709961
2009,Wolf Ford,0.5832483768463135
2010,Wolf Ford,0.5813733339309692
2011,Wolf Ford,0.5781651139259338
2012,Wolf Ford,0.5736152529716492
2013,Wolf Ford,0.5682086944580078
2014,Wolf Ford,0.5631529688835144
2015,Wolf Ford,0.5605096817016602
2016,Wolf Ford,0.5630965828895569
2017,Wolf Ford,0.5740253329277039
2018,Wolf Ford,0.5957808494567871
2019,Wolf Ford,0.6287921667098999
2020,Wolf Ford,0.6694362163543701
2021,Wolf Ford,0.7074877023696899
2022,Wolf Ford,0.7237926125526428
2023,Wolf Ford,0.690969705581665
2024,Wolf Ford,0.5816907286643982
2025,Wolf Ford,0.3602086901664734
2026,Wolf Ford,0.2623216509819031
2027,Wolf Ford,0.23842091858386993
2028,Wolf Ford,0.23267102241516113
2029,Wolf Ford,0.23129287362098694
2030,Wolf Ford,0.2309628576040268
1958,Zakspeed,0.5079116225242615
1959,Zakspeed,0.6242356300354004
1960,Zakspeed,0.687002420425415
1961,Zakspeed,0.7087903022766113
1962,Zakspeed,0.704670786857605
1963,Zakspeed,0.6872310638427734
1964,Zakspeed,0.6652610898017883
1965,Zakspeed,0.6440597176551819
1966,Zakspeed,0.6262741088867188
1967,Zakspeed,0.612766683101654
1968,Zakspeed,0.6033254861831665
1969,Zakspeed,0.5971840023994446
1970,Zakspeed,0.593377411365509
1971,Zakspeed,0.5909730792045593
1972,Zakspeed,0.5892131328582764
1973,Zakspeed,0.5875979065895081
1974,Zakspeed,0.5859295129776001
1975,Zakspeed,0.5843208432197571
1976,Zakspeed,0.5831657648086548
1977,Zakspeed,0.583053469657898
1978,Zakspeed,0.5846083164215088
1979,Zakspeed,0.5882406234741211
1980,Zakspeed,0.593809962272644
1981,Zakspeed,0.6002316474914551
1982,Zakspeed,0.6050964593887329
1983,Zakspeed,0.6044371128082275
1984,Zakspeed,0.5928651690483093
1985,Zakspeed,0.564389169216156
1986,Zakspeed,0.5140489935874939
1987,Zakspeed,0.3735056519508362
1988,Zakspeed,0.5149309635162354
1989,Zakspeed,0.5477233529090881
1990,Zakspeed,0.5681484341621399
1991,Zakspeed,0.5825710296630859
1992,Zakspeed,0.5928017497062683
1993,Zakspeed,0.5994302034378052
1994,Zakspeed,0.6028755307197571
1995,Zakspeed,0.603675127029419
1996,Zakspeed,0.6024839878082275
1997,Zakspeed,0.5999895930290222
1998,Zakspeed,0.5968253016471863
1999,Zakspeed,0.5935121178627014
2000,Zakspeed,0.5904334187507629
2001,Zakspeed,0.5878366231918335
2002,Zakspeed,0.5858513712882996
2003,Zakspeed,0.5845133662223816
2004,Zakspeed,0.5837839245796204
2005,Zakspeed,0.5835596323013306
2006,Zakspeed,0.5836697816848755
2007,Zakspeed,0.583867073059082
2008,Zakspeed,0.5838218331336975
2009,Zakspeed,0.5831372737884521
2010,Zakspeed,0.5814045667648315
2011,Zakspeed,0.5783163905143738
2012,Zakspeed,0.5738459229469299
2013,Zakspeed,0.5684741139411926
2014,Zakspeed,0.5634140968322754
2015,Zakspeed,0.5607383847236633
2016,Zakspeed,0.5632766485214233
2017,Zakspeed,0.5741516351699829
2018,Zakspeed,0.595856785774231
2019,Zakspeed,0.6288266181945801
2020,Zakspeed,0.6694408655166626
2021,Zakspeed,0.707474410533905
2022,Zakspeed,0.7237720489501953
2023,Zakspeed,0.6909505128860474
2024,Zakspeed,0.581678569316864
2025,Zakspeed,0.3602086901664734
2026,Zakspeed,0.2623216509819031
2027,Zakspeed,0.23842091858386993
2028,Zakspeed,0.23267102241516113
2029,Zakspeed,0.23129287362098694
2030,Zakspeed,0.2309628576040268
